10
2000
1383 17
1672 24
1341 31
884 22
572 3
1152 35
1715 17
1791 2
1247 11
484 36
962 45
231 4
1519 33
513 42
740 11
983 42
354 7
1206 5
1042 9
1901 19
728 25
1200 36
1576 39
1779 23
1471 22
1345 39
1649 11
443 32
1596 41
1302 41
1494 39
631 31
487 42
545 13
1300 28
1323 10
1148 12
31 9
252 7
569 22
1787 5
230 31
1769 1
1152 38
1719 43
1841 35
145 33
1984 17
842 1
707 15
1470 7
75 13
33 36
1628 40
71 38
891 29
1562 12
1101 13
1907 17
1676 26
1056 4
769 28
1908 38
101 37
1620 17
912 29
1680 39
821 32
1002 32
430 4
1867 42
76 12
1723 18
1832 10
1020 16
626 31
1096 13
84 28
1358 18
1695 3
1016 31
276 23
1622 6
1171 22
1599 36
1678 13
864 8
68 8
1464 12
766 1
1309 36
1790 36
725 14
1409 2
1009 2
187 26
1539 4
1956 37
1586 8
89 16
1651 27
397 2
758 21
1404 19
871 27
1088 20
1400 14
1757 23
1454 3
715 22
1184 38
886 32
1893 3
1819 4
1408 42
81 29
1386 22
1524 16
640 26
1089 45
76 40
1409 6
1371 28
1848 42
895 22
1730 2
1327 36
1840 30
650 2
1447 10
246 38
191 23
950 2
558 25
1556 21
235 40
267 20
440 27
1319 7
1748 43
1559 8
654 10
788 35
153 36
1858 5
810 38
1130 39
809 33
1059 43
1481 19
76 4
758 26
1001 2
160 44
1889 40
836 8
7 32
184 11
1383 43
966 25
1867 36
1090 37
1624 44
1005 43
1185 35
954 27
1663 3
1843 36
423 28
1115 42
1467 34
216 30
1755 3
64 24
903 1
1245 13
880 24
795 38
695 10
1607 18
1895 35
1696 14
324 43
1064 41
1228 34
1608 7
1896 8
1527 38
496 2
1925 12
1640 34
978 41
535 12
827 16
1117 41
1600 25
755 17
1312 10
1704 34
352 37
276 32
583 24
1867 22
1267 40
1917 7
903 40
1578 13
1718 16
75 32
1064 10
1337 14
1943 34
1968 31
187 27
796 23
31 24
1685 20
95 14
1073 36
953 16
24 15
1130 15
1214 39
639 12
368 6
384 41
1582 5
1026 13
690 3
365 28
1343 16
331 28
175 30
518 34
953 40
1444 39
334 30
1299 29
1451 39
666 37
1612 40
1181 34
1564 28
797 7
480 5
1639 22
1819 21
1543 45
1399 40
1277 16
172 5
1485 3
1628 16
271 6
1822 6
803 39
1653 17
741 43
189 41
17 37
459 42
1197 33
950 22
87 3
1704 26
1764 44
355 30
869 30
1951 35
142 5
424 36
547 44
856 4
293 21
1349 11
2 8
154 10
15 19
392 15
997 43
1104 11
1205 29
951 31
912 22
106 16
1215 2
1546 37
43 22
1310 30
1486 33
1204 30
1122 15
1337 29
1581 36
1570 7
534 1
1883 34
1329 44
866 26
1643 19
1411 31
1566 19
1223 15
1653 5
1504 43
1026 19
358 20
1378 45
1126 40
1918 43
1690 28
1762 6
941 12
24 26
1845 2
686 34
1827 25
1993 24
63 25
403 26
695 31
371 10
603 4
1674 6
513 1
1098 24
1356 15
127 30
899 24
1885 10
1601 2
1047 33
1675 22
791 14
111 27
171 39
1334 14
1212 37
697 39
715 6
993 24
1044 42
1469 18
771 27
1908 8
1147 26
154 43
428 39
136 36
1428 27
699 42
1982 14
505 39
928 10
588 41
1715 5
1486 11
1204 22
643 15
447 33
1311 10
1374 18
385 28
940 15
1932 24
302 24
1702 6
81 24
686 5
1490 37
420 12
934 30
1034 17
1709 12
288 23
218 3
600 1
1597 29
1332 1
855 27
282 17
282 16
1443 14
430 11
1337 45
973 7
1789 28
867 41
1915 21
1482 18
818 20
1319 25
212 38
903 20
867 15
1458 18
158 20
695 9
61 30
990 26
1282 41
1093 37
524 39
1392 24
781 27
1988 26
528 37
1941 27
992 26
822 13
1320 30
627 2
288 34
975 32
1518 2
928 9
1195 42
789 12
898 40
1982 1
1799 9
722 9
1857 33
1523 28
1832 38
818 14
1486 11
451 16
1410 8
1011 38
27 9
1640 6
1623 38
1594 5
770 32
1277 5
1845 16
1372 45
1371 8
1836 35
1302 31
656 31
429 45
1049 7
584 9
562 44
1254 30
1363 41
1421 6
1502 16
1133 44
444 9
19 2
500 33
1511 21
1789 14
126 11
488 34
711 21
1041 9
967 24
1327 23
518 40
1191 31
196 3
1308 11
572 36
871 37
164 22
751 2
1684 24
388 9
1859 30
1626 42
167 37
830 5
1113 13
386 20
1128 3
1955 23
549 8
852 42
1907 4
1095 43
1469 1
1565 3
1588 40
543 28
334 31
166 45
80 13
92 15
1464 14
1793 7
726 29
433 32
75 25
1505 1
1180 42
1635 12
1758 26
1771 37
1541 10
500 35
811 33
1663 18
803 38
624 1
460 38
1632 36
1420 11
1131 22
1623 27
1170 15
389 31
386 12
1753 42
1704 41
1982 42
1699 16
831 38
109 43
1253 21
880 14
885 21
1753 13
877 38
1622 5
1186 35
398 12
7 29
234 11
360 39
30 35
819 2
1150 27
1478 21
184 34
1383 1
53 44
54 33
58 8
1682 41
83 11
1578 16
470 16
418 35
1233 29
1465 10
1304 36
415 7
573 17
1743 29
104 13
114 3
862 31
333 40
788 19
1090 2
1231 7
156 16
411 33
1585 35
723 4
1394 34
1456 36
772 30
1068 43
456 32
375 41
298 12
939 7
1994 16
1169 17
1352 41
1729 2
639 43
1114 10
755 31
1212 30
1315 30
1923 21
581 14
349 10
859 21
284 14
789 5
1703 25
1391 24
865 37
1652 11
1493 45
1466 18
1237 38
1619 33
479 44
939 5
472 13
1791 21
388 23
1944 4
19 43
1341 19
1267 25
591 29
1882 24
1766 17
1361 40
1715 4
195 3
279 41
830 39
1292 42
1982 18
583 27
1111 28
355 15
1882 33
1825 27
1698 38
1884 16
1331 28
848 19
167 9
1196 2
910 18
424 29
263 19
1318 5
564 23
1976 27
1676 9
260 11
1935 32
983 34
1249 36
5 38
478 12
1378 18
1697 43
634 2
1881 27
891 25
701 23
1818 5
1591 1
831 37
1621 12
283 31
1194 26
1616 2
691 39
1617 23
582 27
558 7
675 4
1932 34
1262 16
770 21
1094 15
676 15
1842 4
1083 12
1312 19
1881 35
689 3
887 42
1268 23
1982 25
198 14
1824 21
1282 20
1982 35
1475 18
812 9
1666 10
75 18
460 14
552 24
1472 27
64 20
506 2
1854 18
1945 37
1793 2
962 2
1954 8
1607 28
223 1
923 43
1237 43
16 20
856 36
1514 25
1445 18
596 2
1418 15
349 12
1674 22
836 22
1311 6
1299 32
60 43
1636 11
967 22
82 13
532 42
18 30
491 41
1388 10
1104 25
1552 36
79 37
113 30
363 24
1083 40
1747 8
382 24
10 38
297 41
652 40
902 23
794 4
1602 40
1649 10
440 16
1846 11
1966 38
56 6
268 4
174 8
1158 30
1019 39
664 16
591 25
1318 1
163 22
1050 28
1823 28
973 23
1749 12
711 37
1900 30
1539 8
607 30
1519 40
1959 12
382 5
660 24
631 4
1855 27
1204 16
142 3
1572 21
1735 26
1407 12
1177 5
1906 42
316 8
832 38
1939 21
1760 3
1797 14
872 3
1863 12
693 5
91 7
310 3
125 14
1537 4
1967 32
31 26
1954 32
1256 34
1798 40
1849 8
925 18
1420 37
1853 14
562 42
273 16
1479 11
1530 42
1858 12
336 40
1820 42
158 11
21 16
962 7
1538 2
1851 36
271 13
1977 19
712 17
1875 25
784 33
1052 39
1974 16
347 44
1639 20
18 4
159 39
1730 1
568 34
692 11
1871 45
1810 16
1183 2
952 28
1814 29
195 20
869 41
619 12
748 28
971 7
1012 28
1938 4
42 10
1632 15
343 43
1074 11
201 19
1894 29
566 17
1117 31
604 9
542 21
507 30
1285 11
1009 5
1791 24
343 27
518 25
776 16
1142 43
1125 25
1437 28
1292 44
313 26
1817 27
400 45
740 5
231 21
1553 22
1157 29
219 43
1595 19
1544 32
365 27
1642 8
1512 37
644 6
109 33
1724 17
1797 6
928 44
1331 23
694 43
1358 29
1779 36
1880 6
1229 22
1193 32
630 26
1039 4
1958 41
215 33
1022 17
878 3
329 33
872 28
1958 2
1423 13
72 27
930 10
363 22
796 26
977 40
1952 17
182 33
1739 24
1060 34
1315 36
654 12
941 30
898 9
967 20
645 20
529 36
1782 18
1261 29
1915 16
58 26
1217 42
1972 43
1888 43
397 19
1099 18
343 37
978 43
672 1
1852 13
1848 20
1591 17
352 33
1502 45
1308 20
693 20
1847 13
1573 23
211 32
2 8
1749 33
556 36
1660 10
677 26
1553 29
1119 36
435 7
506 19
1212 45
1675 27
115 11
734 32
1895 21
700 7
172 39
1005 40
1393 34
559 4
410 18
2000 17
1133 31
1872 14
563 13
1078 40
939 32
1696 43
547 43
350 35
1555 35
1971 37
25 36
554 3
817 28
1524 44
1703 43
1000 1
1452 14
1555 40
961 7
1954 19
1095 41
666 32
1679 42
5 31
1001 32
260 10
1402 20
894 18
393 16
1616 25
653 37
871 42
1239 39
1542 23
832 42
1932 42
346 4
662 30
1605 18
537 15
968 41
1483 9
1366 40
773 24
422 30
1996 17
110 38
187 44
280 8
1616 32
165 28
1782 12
1564 18
1190 32
951 23
1419 22
240 19
438 13
475 4
325 27
1661 31
932 41
1726 4
459 40
1746 19
945 43
1674 8
155 29
1362 2
722 7
33 26
1789 1
61 22
904 39
1512 37
887 4
951 36
581 39
188 10
1651 17
1894 21
1335 33
940 33
1996 25
215 16
437 29
458 23
1866 5
926 7
1440 32
1970 39
1509 31
1349 11
861 10
1106 35
1774 38
1933 32
1970 10
1971 15
949 42
49 21
1766 12
1175 13
121 38
598 16
559 18
108 18
1611 35
1953 10
139 19
312 27
823 45
911 1
1536 33
1820 12
863 8
657 9
909 45
359 37
228 42
1804 40
904 23
769 5
1062 21
502 7
413 3
606 43
1248 11
1046 36
965 1
1695 41
775 8
1660 12
1032 41
629 21
1323 10
1791 39
1785 35
1899 29
361 27
863 15
1343 39
1991 36
346 33
1201 8
1386 3
363 28
1964 1
398 28
1571 26
576 16
1607 43
631 17
1370 20
326 12
1385 10
480 32
1505 17
560 20
1957 43
1916 19
1764 15
42 11
1359 31
1382 45
1860 3
1631 11
27 34
1335 12
1551 29
788 8
918 40
1544 12
918 31
124 23
981 3
926 22
538 41
180 25
839 20
244 37
414 10
1625 23
752 5
1013 28
905 28
236 1
1866 43
547 27
616 43
1973 32
1935 23
1895 23
337 1
1048 9
1429 2
1658 19
751 37
226 19
1324 24
1986 3
1793 19
1633 20
1214 41
269 1
454 39
1137 45
724 13
332 13
127 13
1154 7
1760 37
578 35
725 11
310 25
136 26
1768 35
575 33
1414 6
1106 38
1792 5
882 29
797 29
1024 12
670 3
1173 3
649 29
979 19
1878 10
640 29
1817 44
783 2
846 39
1395 4
563 24
1012 5
1969 9
140 13
1737 39
677 16
1615 32
19 1
1368 25
288 9
1326 11
1577 22
97 1
620 29
22 37
302 36
857 8
577 29
218 3
934 7
874 19
1498 6
1516 11
1568 41
920 13
272 19
1080 23
279 4
1535 10
1001 5
647 12
557 25
36 22
1261 30
1536 24
595 34
488 23
233 29
1134 29
1777 19
1636 27
1783 8
385 44
1221 30
1829 20
1309 2
1013 13
275 15
550 30
569 45
1478 3
1611 10
1332 30
488 36
1919 41
783 32
89 18
84 17
92 43
313 4
1702 20
687 12
1235 36
916 24
1101 25
232 16
1281 43
392 13
316 10
405 11
1075 31
4 18
1289 26
1416 28
321 7
1976 5
132 23
1548 9
1016 6
970 30
1903 30
364 28
226 3
763 9
885 36
1508 7
1806 3
455 43
1549 40
485 17
1227 15
1005 6
193 44
506 44
1824 37
439 32
1075 16
90 22
1514 45
1884 17
1335 43
851 1
1695 38
1517 41
1859 37
1969 42
715 34
1153 31
41 17
506 7
1873 45
1263 9
420 25
1755 10
707 20
957 3
493 9
1258 42
814 39
810 1
520 42
1321 16
98 34
742 5
1704 2
1093 35
772 38
1344 15
1085 17
1051 1
250 41
402 43
976 14
1968 6
209 15
454 42
1916 39
796 14
1537 23
17 38
1251 12
750 8
88 43
648 41
1640 19
793 23
1222 19
1582 34
889 16
12 43
117 9
728 23
1897 33
731 29
1884 34
1121 42
121 23
1429 24
1978 45
511 37
1123 31
544 13
1209 31
1349 11
456 29
521 32
1686 38
795 37
482 27
1109 20
736 28
1317 32
118 20
1629 21
1183 33
1595 19
750 24
1889 9
1600 40
1492 32
1251 25
1652 1
426 33
1944 28
1935 2
1356 35
1589 44
1767 5
1824 19
1947 4
1215 26
998 31
965 27
1001 35
380 42
1401 22
1764 44
1428 45
1693 29
147 14
868 4
269 43
1374 15
920 36
671 10
886 36
1103 4
1824 7
1630 36
1570 31
347 22
1150 30
1111 15
1677 28
510 31
217 41
142 35
1727 38
166 26
387 33
857 23
1802 33
1881 26
1732 42
449 19
1376 37
289 32
654 36
824 11
1765 6
1807 25
1499 2
1120 40
121 17
573 11
914 6
774 35
81 19
1169 40
1379 42
578 31
1420 16
743 31
399 43
474 5
1248 44
1569 2
1931 26
368 20
10 4
1341 40
659 45
1600 14
310 38
1710 41
882 41
241 14
1837 29
1637 7
1137 45
1456 8
1371 18
1893 9
464 2
1371 26
429 21
1797 7
1190 17
1219 33
127 24
1385 7
641 35
1743 16
223 5
1929 8
938 27
1968 27
617 12
1238 16
363 14
1980 15
483 43
1557 33
911 39
1326 32
14 35
1744 4
762 13
237 41
1724 2
795 23
676 22
167 45
176 25
681 30
1466 37
175 25
978 16
1462 35
388 33
219 27
924 2
610 26
164 4
48 37
374 11
1340 19
256 5
612 40
470 34
9 21
671 3
1197 5
1622 13
1637 40
885 23
473 13
771 22
352 40
795 13
1418 28
1626 15
1998 16
1638 8
1370 24
43 41
1932 23
1738 17
1812 11
1561 24
1863 7
801 36
1887 43
1257 5
237 18
699 24
1967 14
137 12
561 5
346 21
1604 19
896 18
1301 26
612 2
1412 36
764 14
1765 9
958 39
961 25
1258 37
1587 32
782 1
70 39
67 19
645 20
561 29
732 20
883 28
450 42
1509 3
396 43
5 24
109 41
458 1
314 10
1442 24
83 21
1101 24
653 23
1382 29
257 8
747 30
956 1
101 8
1640 13
1812 10
1518 11
232 43
270 25
585 40
780 15
1991 8
1758 16
151 18
1251 25
751 16
1343 13
766 2
1315 11
734 15
1085 38
1659 31
1467 32
566 19
1957 23
1565 6
555 19
696 14
198 44
280 32
1386 1
428 10
1963 28
1964 23
893 24
1014 43
739 11
1824 4
915 1
251 29
427 17
1788 44
561 37
101 2
675 29
1991 37
1143 30
1888 38
605 22
1086 26
1709 21
1533 39
843 12
1090 1
1497 36
1967 32
649 32
1172 26
1847 24
78 34
790 36
993 21
1564 20
1654 28
1062 37
1260 6
1994 4
534 24
1419 32
397 3
1701 10
676 4
1402 34
1073 5
780 27
1627 28
1685 17
1119 16
333 29
1099 25
246 16
1672 36
1519 22
315 43
1547 35
1669 44
1923 31
1576 12
1808 39
957 6
14 1
1123 13
1098 21
1570 31
1118 2
1095 21
602 6
1009 6
301 15
300 43
965 43
1510 7
388 23
1268 36
637 35
484 20
553 6
371 22
44 15
261 22
424 16
541 29
416 16
278 3
815 24
860 45
975 19
1000 27
825 23
624 7
1205 30
490 25
405 8
574 21
1606 18
982 2
1233 18
515 34
748 43
1968 40
188 4
1076 13
1579 32
1171 8
1080 33
1458 11
127 7
277 15
1197 37
215 6
1310 43
1729 34
312 5
1203 38
1546 22
213 35
1821 11
1738 4
461 5
220 34
394 1
614 39
741 40
523 7
862 9
748 3
103 17
643 3
1959 2
599 40
1572 31
1659 20
1755 16
1515 41
1722 25
832 41
1591 28
681 28
1426 5
434 5
1957 14
1537 35
1383 17
247 9
1523 9
358 40
1126 3
1879 7
1478 22
997 18
1769 28
513 8
1392 16
1504 8
99 35
1327 12
1607 20
1491 36
1424 23
828 29
236 11
1821 41
537 26
486 3
849 42
207 39
987 12
1484 12
669 20
105 37
1015 25
756 36
1267 45
1633 45
239 27
1603 30
1830 2
1873 37
718 31
1455 10
1298 16
609 33
1901 18
327 13
1274 19
547 45
1815 12
1832 35
45 8
1588 30
378 37
1011 31
526 19
374 29
193 41
1809 10
522 2
570 31
1386 20
1790 27
500 44
1383 27
1086 36
323 44
1157 1
1031 38
1933 16
1145 28
1770 23
528 20
282 20
1216 20
489 1
384 30
1331 15
604 4
44 32
330 3
1500 28
602 35
524 15
1922 44
140 43
1229 12
205 42
1439 29
1645 16
1162 44
197 21
1 12
1953 20
1855 34
52 17
1318 23
1238 28
1433 38
695 12
1699 20
491 39
1985 27
1872 39
1108 27
1493 31
1957 40
1610 44
333 13
1812 8
1605 6
912 39
741 45
318 35
1905 24
869 18
661 38
1926 34
138 25
1959 37
1801 6
1487 24
1818 18
1617 20
384 33
1823 16
947 33
1072 43
256 27
934 21
552 35
1599 2
575 22
1177 10
1313 43
1776 24
1579 1
1266 11
885 3
1136 22
1164 31
143 44
1962 34
1071 27
1230 5
397 9
723 20
1838 17
1343 28
1657 13
1856 21
682 42
885 12
824 2
383 24
873 29
108 30
1899 18
1943 6
1374 44
1113 27
1370 16
1347 43
249 34
1663 42
1635 28
1640 23
1771 1
1795 23
1039 33
1916 3
752 10
1769 26
217 39
403 45
923 24
1937 41
1606 31
503 37
339 17
1875 25
1423 10
810 32
626 9
1018 22
211 42
326 5
1439 44
350 22
1373 23
1599 44
1489 44
1719 27
1737 22
1108 31
1661 28
602 45
898 19
1378 2
984 10
1951 22
365 2
954 8
223 16
293 1
177 42
1199 15
1065 43
1600 12
697 32
1598 26
1870 9
618 25
672 44
779 33
1307 2
401 30
654 5
319 22
177 22
1693 37
1870 13
1711 10
917 35
886 14
902 13
925 32
1768 38
354 6
1549 27
974 39
179 20
784 27
1302 33
1188 40
788 36
1007 24
580 3
289 16
121 7
1561 9
1751 25
145 11
841 30
557 21
1292 45
1852 25
1902 27
1293 35
1336 9
254 15
1698 19
490 35
1335 40
443 30
1495 32
508 34
125 37
20 18
395 33
414 17
714 36
508 1
1622 40
770 41
731 32
1483 16
1802 1
547 6
200 39
907 13
529 3
1105 32
1788 18
715 6
1583 1
1042 29
566 27
1099 37
1287 3
600 4
600 38
1924 10
1780 1
1536 27
1809 30
849 42
1012 11
1329 15
1976 25
210 22
287 43
1652 33
1949 44
1416 24
1434 39
506 15
1999
416 5
1297 11
1235 11
1179 15
1938 5
1850 20
572 23
459 24
1255 24
1172 6
815 16
1967 11
15 28
118 3
442 25
1425 14
689 23
1852 29
580 2
460 13
1413 5
772 25
791 2
1417 24
1067 19
1025 11
1107 19
240 11
377 8
587 23
716 24
1607 18
425 4
539 9
1189 24
352 22
760 9
1683 27
148 26
1480 22
718 13
797 7
889 1
1479 8
116 25
1264 6
768 18
1502 1
327 26
315 18
1794 27
574 23
867 19
1076 29
1480 25
1646 10
1173 25
132 15
1734 20
686 11
117 30
1302 23
1311 3
460 18
371 4
1286 29
694 23
1442 3
1194 15
819 26
1906 2
1056 22
823 10
509 26
1349 17
584 18
1450 13
191 28
1648 11
1704 13
668 24
1826 17
1978 28
1681 20
285 10
1128 26
1924 19
387 24
1054 18
1464 26
990 10
1570 16
521 22
97 6
487 25
349 18
976 17
1291 26
315 26
1623 12
522 30
399 26
1518 22
254 5
1003 15
970 18
1877 26
646 21
305 12
305 29
93 20
711 18
706 1
1364 1
503 23
852 8
1619 15
1892 19
1635 19
1419 25
426 4
786 17
1673 13
1948 23
499 1
427 26
1087 15
422 23
147 27
233 26
1829 29
385 25
1112 17
435 20
884 19
1161 18
1775 18
377 30
1661 23
1945 30
212 24
1541 5
731 13
1116 20
223 10
953 20
1593 26
253 6
294 15
161 4
363 1
191 2
225 17
39 14
1280 30
190 5
1987 26
1107 29
1493 29
1319 24
1202 17
1296 14
497 10
1674 29
1916 25
716 15
1617 26
674 9
430 2
224 20
1531 10
1339 24
495 13
723 26
911 22
777 1
311 3
1204 14
837 4
869 23
1006 7
59 21
1073 6
1999 8
1853 22
799 1
653 5
459 9
1890 20
1637 17
65 6
561 22
1493 19
324 22
997 5
562 12
1662 19
1790 24
1663 5
1031 20
1166 9
1846 28
1459 30
562 8
933 20
435 27
1628 8
23 3
1453 25
1112 5
1843 8
1257 28
1132 9
49 18
1551 18
1491 8
491 29
527 19
1065 6
355 19
1889 20
957 20
983 1
565 19
45 30
1643 2
1740 13
1787 28
1171 7
1898 13
1245 2
462 19
936 27
228 10
719 12
607 3
1272 2
691 15
1096 1
1334 11
171 1
1318 28
1441 4
1409 26
584 28
682 10
1971 11
1168 1
206 26
175 6
791 18
544 30
225 14
28 16
1857 2
84 3
1100 1
1131 28
432 19
310 30
803 15
858 12
1206 19
1458 15
1264 10
1036 29
781 24
440 21
619 22
1032 13
1355 8
1582 27
687 17
1551 21
1476 22
35 7
1741 4
234 16
339 13
915 2
847 29
1083 18
1073 16
1145 25
1877 17
951 11
1086 29
219 26
815 18
1712 11
334 19
169 23
1027 3
1167 21
75 15
1192 18
1674 14
1856 22
1390 18
1999 30
232 1
461 21
980 17
1721 14
1747 25
578 23
1859 29
1613 15
1829 22
1382 12
15 30
1856 5
704 2
1425 28
1930 12
378 22
1128 23
253 14
888 16
1230 18
869 12
1233 15
134 13
1941 19
1965 10
29 23
84 22
811 21
1959 17
898 30
932 7
1306 27
699 18
1447 24
1882 10
271 10
1772 18
1329 25
823 6
724 10
646 4
386 7
1900 5
961 10
866 16
1825 3
456 19
784 17
1006 24
1344 30
1678 29
961 9
1511 30
854 18
1309 29
654 14
568 17
1019 9
1950 10
1621 29
1806 1
1503 28
1019 12
750 13
68 9
204 18
1486 16
1020 30
1337 3
222 19
588 22
319 2
463 10
510 9
101 4
992 26
1062 27
712 27
1134 13
1238 22
256 21
522 21
1726 28
684 15
1167 25
1736 5
920 20
45 17
14 11
1161 14
1611 11
764 5
1390 7
1952 24
1788 6
1645 7
63 30
1930 26
304 6
262 23
1711 23
950 21
1628 9
1516 23
292 19
1313 17
486 1
0 2
198 17
677 20
498 5
1454 22
817 14
1267 27
263 13
259 19
292 1
789 16
326 14
1868 11
1290 1
726 10
945 30
1260 23
583 1
380 14
1056 15
362 11
911 22
1256 29
1057 1
1874 2
393 10
794 24
1456 16
733 18
1815 24
1090 25
1966 9
281 28
1456 30
411 30
909 15
1198 7
772 17
1421 30
1656 11
915 4
1475 2
650 26
1492 10
425 18
1026 29
568 1
118 24
1620 5
992 19
577 26
1533 28
137 14
869 29
1948 8
476 2
1219 30
1822 23
234 2
904 7
588 7
725 25
852 2
369 11
1877 7
234 25
704 6
1094 1
734 21
1665 16
1344 20
254 11
60 7
1055 12
1466 30
562 13
981 25
5 13
1492 29
308 22
621 10
1018 2
501 20
1495 11
1293 16
1395 26
1341 26
1899 24
1026 8
1959 20
1786 11
762 16
5 30
1973 9
1965 8
1514 2
179 2
1256 22
222 12
667 25
341 1
362 29
1210 1
415 20
991 7
701 27
681 30
1191 9
892 20
586 20
561 2
94 10
322 12
50 15
1289 29
1568 14
1829 30
1500 14
813 30
850 7
1279 26
1037 6
376 2
310 6
90 23
1281 15
1737 18
330 13
1129 4
1953 10
892 5
593 29
1562 25
1275 14
266 9
1042 19
119 30
1094 2
1860 6
94 9
1150 30
1292 11
898 27
188 21
466 22
1607 10
1969 7
470 5
342 21
1703 26
1219 13
926 22
1504 1
1572 23
728 13
472 27
286 20
1961 4
926 13
1311 3
1276 21
1731 14
1094 3
1823 20
1703 17
1017 13
1988 8
1851 29
1506 28
1797 17
1163 6
1200 5
132 13
491 12
1141 12
203 3
1782 27
1914 26
1589 3
1033 27
348 20
1391 18
1899 9
1882 8
1818 12
1133 9
57 14
340 10
461 8
1633 28
831 14
50 28
683 7
1485 3
1786 14
1404 4
515 3
1815 13
1938 20
87 14
1451 30
390 12
495 12
1676 14
1667 10
1353 9
41 22
1108 23
77 3
1569 19
1697 6
1263 2
174 21
1040 5
1070 24
1766 20
1167 2
1725 2
979 19
1541 25
1831 4
1534 20
1978 8
132 22
1140 24
244 20
1513 6
1930 18
1498 30
1603 9
630 26
1589 9
1267 2
1284 26
1962 10
81 14
927 8
1030 20
1790 12
698 7
1531 14
249 17
1773 23
1775 3
1410 30
1153 8
1783 26
83 10
71 17
1553 10
1315 2
71 7
880 18
535 18
536 27
353 30
427 17
1808 2
897 10
92 9
1453 13
685 10
22 4
1725 4
1043 10
1472 13
567 8
696 27
1367 5
646 11
745 14
1677 16
1244 11
714 8
1123 18
1318 9
1596 26
819 20
1785 28
1169 30
1386 7
208 7
1671 30
1226 22
1247 16
87 22
913 29
1852 2
261 24
117 13
135 24
1471 3
620 23
559 23
1529 14
729 6
1621 2
141 18
1698 19
476 8
1853 4
748 17
1480 9
612 29
1473 6
1146 3
1275 22
41 13
787 3
333 27
1649 20
334 16
389 22
141 8
1376 15
319 7
1372 2
1588 11
955 16
350 23
913 10
949 14
495 27
394 6
1743 13
1580 4
1755 19
924 30
394 11
862 9
1236 27
1211 14
1223 16
1293 11
1686 7
707 22
420 27
747 16
1514 22
1362 17
1659 7
1676 6
587 27
150 26
490 7
119 11
1265 26
780 24
461 27
428 29
334 12
623 27
540 24
1184 3
1458 22
72 7
139 15
886 13
1631 30
1797 9
199 17
627 4
1748 19
1983 20
626 10
1906 29
1977 28
795 2
726 16
249 30
1293 22
1514 16
454 19
289 12
194 30
505 13
1185 23
1220 15
923 29
316 23
760 29
1163 22
172 3
447 26
1433 3
1374 11
966 21
1272 10
1781 22
807 4
297 6
901 13
1021 18
1484 1
1877 5
677 16
606 18
258 29
1318 18
596 15
1722 19
1671 20
1367 23
1764 22
1169 18
811 22
1232 4
1284 16
176 21
1225 26
1645 15
1081 28
801 5
479 3
81 2
818 3
601 15
337 5
120 2
1592 13
1546 3
1612 14
1294 27
613 20
1339 9
1324 15
408 29
1847 24
1015 8
448 16
1887 20
1034 15
1973 18
576 12
178 18
1686 29
852 22
1846 1
1118 15
1305 8
1022 19
1812 17
1221 30
1015 21
1171 7
1870 15
580 19
743 3
1758 9
1926 1
1773 8
408 25
351 21
690 25
708 20
1222 15
833 25
74 28
730 27
601 3
1223 8
1242 7
1112 20
242 12
401 25
1248 12
1933 25
1715 8
1384 22
1610 24
1508 2
1956 11
510 27
57 4
1597 19
128 7
120 10
270 20
150 10
1121 15
1842 11
21 30
761 25
93 15
49 17
433 2
1771 21
834 3
1244 3
1266 15
1019 10
1395 18
1076 16
1266 20
1038 21
323 7
306 22
749 9
1666 27
421 14
1485 5
911 10
769 27
1583 2
1389 1
1457 10
1812 15
1767 6
1046 22
1344 1
28 13
134 17
1389 7
287 18
1935 13
1332 15
1071 24
1802 14
789 22
146 7
1719 16
472 19
720 9
1393 14
988 7
282 15
1955 12
806 14
1928 1
1428 30
1662 5
438 8
1747 14
96 24
1684 8
1738 5
1235 26
618 16
831 16
523 25
960 26
265 1
1693 5
1930 21
415 22
1184 27
170 25
778 10
1513 24
1997 26
1610 26
515 11
556 16
706 16
919 1
562 15
581 24
280 5
1662 10
687 29
1574 13
1394 7
505 19
1668 17
768 10
625 15
1651 25
1023 26
325 24
1228 3
1969 18
969 14
246 10
1854 15
110 8
1405 12
361 8
1930 27
1060 8
1961 14
1825 21
1071 29
1840 28
1006 3
1789 1
76 14
366 30
907 5
1198 10
273 26
1655 26
1399 18
814 16
1870 16
1930 3
1409 19
626 27
1317 12
1448 24
250 12
1266 22
944 21
888 18
83 21
208 12
822 11
1954 1
627 16
487 21
1034 19
609 11
383 6
50 16
1881 10
654 21
371 19
1497 14
26 18
916 1
1155 23
665 12
711 18
1094 30
1833 5
1762 3
265 4
1920 9
697 10
1398 12
711 2
997 22
1016 22
510 25
589 24
111 6
1151 8
1715 23
1651 9
1106 22
725 18
1212 16
798 2
646 10
114 9
1248 3
1318 7
487 20
1545 24
44 3
1840 11
1352 19
1070 30
695 8
191 18
891 27
341 21
1032 11
1418 21
339 5
1133 22
1845 14
579 6
456 8
89 28
521 11
1534 12
1421 2
897 15
1984 4
999 4
1684 19
1191 16
841 6
1873 18
609 21
1661 30
403 14
1909 12
458 11
953 30
1829 15
868 4
1170 7
243 18
1938 2
606 7
1218 3
788 16
802 1
1625 12
1309 19
437 25
1618 28
1187 29
1995 15
1946 3
300 23
274 29
1756 18
952 5
1441 17
1693 14
1836 27
1686 4
351 25
1619 23
1528 2
568 29
1588 21
1310 22
686 18
1116 13
220 17
478 25
1261 14
444 30
216 2
1727 29
1353 4
1871 15
33 20
747 19
652 18
902 26
1746 26
811 29
488 3
1369 13
692 10
50 25
976 9
341 6
1510 15
490 10
1645 15
564 28
710 6
155 25
1138 18
1608 5
1384 8
499 4
1184 17
1191 15
1300 18
1530 3
1027 23
879 11
848 20
1916 17
998 30
1028 24
234 14
1047 23
1274 12
1256 16
953 6
340 8
1271 12
821 21
736 26
14 10
1299 5
1179 19
1337 25
311 28
639 13
1142 13
1649 3
1083 25
1455 28
1195 26
1891 18
336 9
1036 28
426 13
1303 24
661 3
310 11
197 25
1538 15
1240 21
1526 9
1844 29
1704 20
1810 4
469 16
49 30
1343 19
760 25
1761 27
609 3
1345 11
1972 26
916 2
1315 2
1707 15
270 12
605 14
862 30
1604 1
1294 24
1732 4
1512 24
366 27
562 4
1700 23
694 26
315 9
1208 20
1682 3
1394 19
221 5
513 2
1980 22
1883 19
346 24
131 8
602 2
1175 19
183 4
881 5
1655 2
260 7
1565 4
857 3
1622 2
35 28
255 17
135 21
61 18
1568 3
1608 29
1187 28
185 24
134 26
1930 3
930 6
1541 3
1002 14
61 27
1862 13
154 23
605 5
1862 17
149 30
581 27
4 12
504 23
872 8
55 17
1723 5
1124 30
1068 19
1228 17
1511 4
1711 11
1676 27
1218 25
1214 26
1342 9
175 2
1284 15
452 20
66 17
100 1
1510 6
294 7
1912 11
1629 6
1337 12
1654 24
1768 17
834 8
255 19
677 7
563 22
1494 2
514 14
1626 11
1144 28
588 23
62 19
1730 9
779 8
834 9
1143 9
849 27
829 17
1899 9
23 17
939 15
192 9
911 24
286 6
1397 25
161 13
199 10
1926 3
1158 2
1664 23
1003 8
852 12
233 9
1486 16
1250 3
681 26
449 15
759 30
210 14
47 21
387 15
685 1
1296 13
891 26
60 21
714 19
1843 16
1507 10
115 7
380 11
155 16
527 16
1792 13
1597 25
21 26
1132 6
883 4
1137 17
1212 4
842 5
1113 7
978 2
173 10
380 29
1837 6
1841 15
1079 21
1549 14
295 29
1728 2
1760 16
326 2
508 30
600 8
1741 27
563 30
1902 1
1358 19
1494 26
650 3
1474 22
1289 26
640 19
264 22
289 24
1266 22
86 10
307 5
1681 16
1358 27
1466 3
1967 13
1874 13
1903 11
1751 21
1175 16
844 24
50 24
942 4
396 26
769 8
95 16
1365 17
360 3
783 5
851 26
1504 14
1033 19
973 15
487 17
518 4
1055 25
811 28
1597 30
530 22
1876 10
1702 22
394 1
579 2
1384 18
144 23
1756 19
161 23
1083 13
1562 5
963 26
473 5
1942 22
66 25
793 24
813 4
342 2
885 18
1623 25
1963 6
715 3
617 22
1962 4
452 8
767 11
559 1
1295 12
1238 13
739 9
1047 27
1925 5
500 11
1803 14
1582 15
1549 12
415 7
961 24
1170 27
342 25
45 12
1762 3
784 3
1798 25
1754 16
384 12
1364 16
734 16
577 15
532 8
1436 4
369 23
396 16
1360 19
1945 5
1126 6
268 10
1418 15
43 8
402 27
707 23
624 26
567 10
698 20
1761 8
364 7
762 15
928 10
1744 17
76 24
766 25
83 13
1926 24
239 15
493 27
1388 1
1687 5
1696 12
335 27
1572 23
1708 6
911 3
559 15
1793 19
783 30
1209 15
1258 28
1984 1
1287 16
1 28
1711 5
411 6
1821 4
923 30
1130 13
98 25
87 9
113 3
1928 14
1297 23
1563 26
542 28
1184 24
1362 3
1731 26
1096 27
1624 21
691 18
115 11
585 26
707 23
322 28
231 5
681 13
734 2
607 12
1622 11
963 27
1656 10
114 25
1118 10
1609 7
1607 6
801 10
1816 13
1459 7
1238 4
225 5
203 26
479 6
27 10
1872 19
1293 22
889 7
3 16
556 23
573 21
1256 2
1667 19
449 14
1922 30
1077 30
1636 25
1483 13
1370 6
1226 13
1941 8
433 8
633 12
478 28
95 6
1720 3
112 11
1080 2
1531 16
758 26
972 6
1515 9
1189 24
1181 6
1492 5
724 24
1848 6
1681 21
493 23
1469 30
420 27
693 22
1625 25
854 12
980 5
350 18
418 27
1254 1
514 30
887 27
1449 14
822 10
336 12
1623 15
1541 30
1959 15
711 13
608 3
436 7
1528 12
124 18
336 5
163 27
148 26
1325 5
86 30
14 6
137 29
1326 14
1235 6
1130 29
683 22
1875 3
173 11
897 17
546 24
453 22
816 16
1239 14
833 7
591 8
1065 7
317 10
435 25
698 4
1355 13
1480 29
170 2
1047 6
1204 12
1808 11
1852 12
1713 24
1096 24
491 3
1227 20
622 18
1207 2
313 28
1603 30
334 7
1656 6
384 20
1630 3
480 20
447 27
374 4
1048 30
1200 15
662 19
441 21
1440 18
278 14
17 16
207 20
222 7
84 1
679 27
640 20
1044 17
1684 24
1264 11
83 3
1729 6
1977 14
873 15
1359 17
164 7
758 9
350 25
723 20
1356 4
532 16
1020 20
243 15
809 28
1940 11
613 27
181 28
890 2
168 23
467 2
562 28
1699 30
489 21
1220 29
262 3
240 22
453 30
279 25
1014 20
1468 7
1627 28
1515 18
958 24
1422 8
341 20
750 3
1673 30
1394 17
287 17
1834 28
1110 19
1398 17
98 30
389 21
554 28
1605 28
154 20
1867 15
1713 8
1357 13
177 9
189 13
1606 20
820 14
145 12
639 30
641 11
896 21
227 29
396 22
563 5
670 1
1466 24
1740 18
1923 4
1214 5
439 28
294 19
1437 26
993 30
1642 29
918 25
567 24
1546 26
471 30
968 10
1168 11
277 16
1724 26
558 23
222 4
163 13
334 10
1468 14
220 13
310 4
848 18
1665 21
1097 3
530 4
1260 7
1786 22
1673 22
407 16
559 24
1386 19
659 10
1243 9
1967 29
1519 1
1407 22
643 26
1799 20
1534 1
0 10
1130 30
1224 18
1906 17
1356 16
391 20
1673 9
483 11
1546 23
921 30
1433 17
1913 29
1652 15
657 10
1246 7
1593 17
569 20
106 4
1677 23
549 12
1275 20
299 25
1417 17
1913 29
1238 2
1784 12
530 4
2 24
1790 4
417 6
1891 22
929 19
1199 29
1315 1
1132 17
897 22
1591 18
1200 10
994 3
1269 30
1609 13
1166 6
313 17
1718 10
331 18
1229 11
742 7
1063 23
926 1
942 26
665 2
727 25
709 30
1106 10
836 5
235 9
1478 3
1952 22
123 16
1652 8
1631 22
1315 17
59 2
258 12
368 16
1766 1
885 24
275 28
132 29
161 19
1584 9
1368 13
817 12
1372 18
565 4
137 2
116 29
1461 10
457 16
1206 30
409 4
782 14
1675 24
300 23
1615 17
1473 12
35 19
1340 23
1259 19
1464 21
237 25
552 4
669 16
876 22
259 26
1738 8
1260 2
1660 26
936 19
561 11
98 21
267 3
1234 6
794 16
1028 25
1966 8
1809 11
1949 27
1550 5
66 22
291 9
619 24
529 4
825 4
1170 18
31 4
1911 26
18 2
1229 6
703 20
476 9
1797 12
1980 27
247 21
557 14
240 2
157 13
1383 23
350 28
269 11
1016 22
1840 11
1130 29
744 22
539 10
506 19
269 6
606 3
1780 26
90 23
1608 29
1726 18
44 5
1910 7
1180 28
86 23
926 22
292 3
292 24
408 28
1873 13
1865 13
1903 20
1573 13
551 15
1679 6
812 4
921 23
1788 30
1291 3
499 5
340 8
450 23
466 20
259 16
119 14
164 3
851 5
1901 16
1831 9
1226 26
868 27
233 9
1842 13
1808 7
1102 7
715 23
1084 28
1259 27
1270 17
662 13
563 1
332 13
692 5
967 21
1839 25
814 20
889 25
915 21
1219 13
988 19
1718 14
1153 17
198 21
1793 25
133 21
1017 11
1853 12
1713 3
1149 12
405 6
1400 21
53 10
1586 16
1265 28
743 22
326 21
1690 8
653 17
291 1
1059 14
803 12
1472 8
1596 30
417 27
1086 15
816 10
898 5
1201 15
452 2
921 15
714 9
594 29
1816 7
374 28
333 14
229 27
984 8
1181 3
1424 24
255 1
799 11
1790 29
1866 17
667 17
864 25
446 27
348 15
621 10
186 26
583 13
54 14
1303 25
1678 29
1426 29
1683 19
264 25
1742 25
1991 23
1948 3
1763 8
1168 29
1486 3
715 2
1954 12
1999
1677 21
1977 2
820 25
160 15
1602 18
1005 16
1306 21
1835 20
1077 14
267 13
1173 11
675 13
1548 8
1747 8
577 20
684 16
171 7
889 23
369 18
1586 19
1304 12
1330 24
1959 3
280 3
506 2
422 7
279 19
1437 11
1082 1
175 6
1144 8
1063 5
88 4
227 1
1318 14
570 16
606 4
960 19
1167 1
1544 25
552 17
1348 5
246 17
1602 11
578 3
1030 13
751 9
1969 23
979 18
1004 13
1599 23
993 20
172 1
356 20
840 12
1637 12
1086 2
1999 24
835 11
1468 14
506 5
1264 5
510 4
416 20
244 25
146 7
1199 15
544 23
470 21
1568 13
438 19
1325 17
115 17
335 15
831 20
1784 11
904 19
221 15
1616 7
196 7
107 16
396 6
475 16
233 22
1284 7
1047 4
1277 24
1944 21
1178 15
1718 13
1557 25
217 9
878 12
1794 19
1156 16
413 8
413 19
1118 11
202 6
1109 8
814 7
271 18
927 13
587 17
1203 22
905 8
1264 6
317 3
1959 18
365 24
602 20
13 25
420 10
233 14
57 21
1334 24
659 25
744 22
23 12
1778 15
1695 19
442 22
1950 18
1666 18
733 12
1342 25
1929 21
1351 1
388 20
1627 1
145 21
757 25
944 22
30 6
1592 15
819 13
1035 9
909 11
1286 13
137 19
1812 9
329 19
1729 13
1366 25
267 19
1606 21
1851 24
1454 24
827 11
1269 15
1523 24
981 19
1383 11
623 25
1415 18
584 19
210 10
336 9
1942 23
1319 21
241 25
1842 17
1454 20
1522 12
1125 12
1517 9
705 14
406 2
1562 9
385 13
1642 1
661 20
1707 17
945 18
407 5
923 17
887 1
1686 12
754 16
145 24
610 21
1003 13
207 22
912 18
580 9
1040 13
169 18
682 21
765 16
1952 8
210 16
234 10
152 15
784 2
1210 9
773 1
1681 18
902 18
246 12
375 17
1451 8
847 20
918 12
1173 11
571 23
290 23
329 2
1833 10
1354 8
1633 2
589 20
895 20
1573 24
367 12
330 10
980 9
1057 16
1193 10
511 9
1771 6
912 6
812 13
1635 17
1220 22
57 14
1810 1
524 14
1991 17
1947 13
906 19
1662 22
15 17
1822 16
1538 4
415 1
1886 6
962 2
1617 7
1628 20
90 12
1300 9
1651 9
1784 11
436 3
1461 14
1653 24
838 20
702 3
1849 5
1326 6
602 21
1130 10
1457 13
1123 21
1661 10
1190 15
710 14
439 3
196 23
490 20
1096 22
205 13
635 14
1181 13
1839 6
573 19
1925 3
1171 10
199 19
1020 7
811 19
985 2
839 6
880 8
1904 15
1418 19
268 7
103 1
1598 13
332 18
1506 24
457 11
1484 7
1995 14
341 19
1526 5
816 11
1071 13
902 17
1705 2
840 23
719 3
1292 20
1267 22
1841 7
1184 6
536 21
1641 13
1296 20
1140 24
1054 24
1041 5
1585 1
983 13
1000 14
1910 10
791 21
1741 22
374 19
124 3
575 22
777 24
1570 7
1739 22
1626 18
1267 20
1430 13
865 4
730 7
260 20
194 12
1540 14
776 14
957 16
444 2
1983 17
368 24
65 22
482 12
1384 19
1879 1
1458 16
1110 12
1746 23
1538 25
161 22
1929 17
555 25
1390 10
663 19
632 17
1946 10
1709 5
980 23
1581 12
1325 8
658 15
275 5
760 14
1508 4
1081 24
1400 17
683 21
1396 10
1651 21
646 25
782 11
1161 18
764 10
1875 4
1264 2
1431 4
186 15
1732 18
853 3
732 5
302 17
118 8
1108 22
794 5
241 3
552 24
271 22
617 21
627 23
470 17
1232 24
870 21
1915 14
1355 13
32 23
1161 13
1020 2
202 21
1229 1
1002 13
816 2
766 7
1250 11
176 3
867 7
1618 8
572 11
1340 5
1373 2
354 17
1412 20
9 10
256 24
1767 7
1717 10
1870 4
1116 8
693 2
618 20
817 23
970 18
1414 2
706 14
1428 6
731 3
1705 23
411 1
1956 8
211 3
247 18
740 1
1928 1
1921 2
1831 9
644 6
1025 21
1792 10
562 13
1213 18
1606 4
1031 22
1124 12
1101 15
1571 15
517 24
269 3
1985 23
1252 16
82 5
130 22
1072 24
920 15
1463 9
990 20
909 22
1693 22
726 16
1436 7
1841 23
1058 14
807 11
1482 21
174 14
59 20
977 14
1567 13
500 6
604 24
351 19
1612 23
1162 24
545 4
795 6
1917 24
1804 6
1100 12
1932 9
874 2
590 20
611 17
444 21
821 10
1528 19
18 11
647 23
1184 12
1778 3
300 4
1059 18
245 24
986 18
439 8
794 11
1581 19
1905 2
76 2
804 21
1372 1
1770 1
1106 1
70 1
412 1
365 21
1526 16
1556 14
593 10
295 3
514 13
208 22
362 21
631 10
29 1
1979 19
351 25
314 17
656 8
150 10
410 15
2000 18
896 16
751 25
222 20
282 18
1090 19
1589 10
1715 23
1254 14
1722 4
414 12
1989 19
1012 16
1075 20
1325 18
971 15
1732 5
591 5
1373 23
1533 21
1871 4
50 9
1194 15
1631 1
1365 13
702 13
1165 5
1717 22
472 23
214 12
1279 15
1102 14
1318 20
1174 13
1951 7
566 7
1859 17
1125 18
1722 3
951 18
1853 11
833 25
115 2
1291 5
339 2
1402 11
15 5
744 25
1563 20
1013 19
576 3
797 13
513 2
185 20
123 22
1551 22
389 22
99 10
127 2
1477 21
1599 7
903 10
843 9
1412 7
1105 17
461 16
736 15
1133 19
1493 19
1973 1
175 3
1434 17
1569 4
1293 13
1075 17
1144 22
86 11
557 25
1347 1
1900 15
602 24
554 6
1046 5
780 24
306 3
1530 23
1880 12
179 2
498 24
446 22
1727 21
1491 8
1616 15
1868 16
130 16
1155 24
1855 21
979 9
1121 11
802 18
1451 16
381 2
1529 14
636 13
626 8
1803 16
1372 16
1040 24
1444 23
1614 4
1548 25
1191 18
1952 13
950 14
567 9
1056 2
125 2
364 10
634 2
1810 6
1358 11
1586 5
477 22
828 13
520 11
1894 11
1597 7
1074 15
503 22
851 1
73 20
627 12
499 19
416 1
76 22
1505 2
1981 17
975 23
443 11
341 3
227 20
798 15
1236 24
1126 16
1815 8
749 23
221 9
1132 20
1916 6
246 17
1623 5
553 14
908 9
347 14
192 15
1801 19
254 22
1690 24
187 17
1973 21
354 15
1024 23
247 2
54 5
124 21
1566 21
271 21
11 24
1906 14
149 15
1545 12
1166 15
1921 14
630 1
318 25
1292 13
1069 19
1431 15
1706 18
112 6
259 18
211 4
588 13
995 4
579 4
1215 17
1866 11
643 1
1974 4
1698 1
1972 13
1921 19
171 16
734 20
1717 9
1587 19
1524 14
107 12
1292 12
421 21
1677 15
1739 7
532 5
551 4
1530 16
518 16
1715 18
897 15
342 13
1816 6
1957 12
114 25
1858 4
823 12
487 15
604 14
1606 1
975 6
1636 2
518 15
872 18
316 8
721 22
1565 19
1763 20
1019 4
1577 25
590 8
362 19
950 19
276 13
815 8
510 9
876 16
1843 24
879 13
1619 15
1696 16
1359 14
1812 8
517 6
877 6
337 18
899 5
1280 3
1125 17
789 20
1531 17
505 17
1233 11
1334 10
1709 8
1877 20
11 9
1010 12
898 10
629 16
108 5
679 8
1511 7
252 5
1587 15
1016 25
1649 8
713 24
313 11
1039 17
1602 11
765 8
338 17
1165 8
1395 20
1025 15
1187 18
241 14
564 1
1432 14
1954 14
450 9
1743 22
572 3
941 16
1642 25
45 9
895 22
62 21
739 9
1303 20
1322 25
1676 9
1567 15
1744 7
1264 22
80 7
1535 22
1751 11
477 4
603 16
1764 22
1737 2
997 18
729 13
71 4
1291 20
781 13
336 16
1054 9
1872 25
1438 12
985 5
893 14
1461 2
1741 21
175 21
493 22
1070 8
562 24
755 2
1227 15
525 9
1036 17
317 16
798 20
141 12
1217 9
231 22
1735 12
1348 19
1040 14
381 2
1588 15
1966 14
1540 24
1796 9
907 7
472 9
987 18
1325 10
1765 13
1944 9
1627 5
384 2
1362 19
1175 18
201 10
716 16
1870 8
495 15
255 17
686 18
1679 20
1925 6
247 16
1782 25
1078 2
1254 12
1284 17
264 9
1314 13
284 20
409 21
1547 24
1416 22
1901 21
333 20
65 15
1156 9
470 25
1912 7
1854 21
678 1
989 7
1765 6
1451 5
884 23
670 2
621 20
481 24
18 19
671 2
1979 15
1675 1
661 15
714 1
395 18
660 6
1228 23
1683 14
1887 25
523 17
291 16
719 21
606 1
639 16
827 16
858 15
508 19
1880 2
636 24
432 1
334 22
779 17
914 9
1920 14
1922 13
325 14
757 3
1437 14
27 18
782 12
1545 16
583 6
863 11
1735 25
1452 14
710 16
1695 14
300 5
382 24
250 1
192 4
1180 19
1214 2
1440 24
1503 8
1227 24
1000 23
1809 17
1206 18
242 18
449 5
976 3
477 13
1458 24
704 7
1762 6
326 13
1618 23
1593 11
1581 18
136 10
1955 9
1588 21
897 17
1564 2
459 8
1362 19
499 18
1955 23
211 6
713 13
473 16
981 23
1141 3
509 13
1911 12
1271 2
1674 22
920 22
548 15
1106 17
1057 4
204 4
888 22
1541 13
236 9
1284 8
550 22
1221 14
1654 14
591 8
1311 10
1220 2
156 2
1212 17
1587 2
1533 2
1609 18
1067 1
156 25
59 22
1917 9
334 3
264 5
1146 21
1920 24
1433 8
545 1
84 6
1161 14
1755 3
808 1
1507 9
627 12
1348 23
926 6
1524 19
175 3
1011 22
1400 9
1105 14
1058 17
130 5
96 24
18 9
1203 10
799 7
1453 4
1939 16
1262 4
838 25
872 13
853 2
1641 2
763 22
443 23
991 6
899 19
1091 13
996 25
1361 5
1471 20
900 11
977 13
1705 22
1217 24
853 2
359 16
89 10
1545 10
1981 12
182 17
1831 25
815 2
91 4
694 9
1192 6
1755 13
1982 22
1246 14
899 22
389 1
1219 9
1027 21
602 14
497 10
1221 10
670 17
631 3
1399 5
1071 5
1016 19
609 18
1463 24
1240 22
967 19
691 13
1884 25
1054 22
1661 16
1735 2
1019 5
1725 11
1579 20
784 5
1753 2
128 11
1189 5
668 4
199 7
858 22
1619 24
1102 16
1235 1
1129 6
1309 2
620 12
48 20
368 21
688 1
493 19
602 25
479 13
681 23
1031 22
275 11
985 25
742 23
773 1
1766 11
924 11
1867 20
1457 10
1123 22
1731 20
186 8
740 1
581 15
162 4
1302 2
1844 3
1386 24
457 24
61 24
435 9
742 12
1673 6
1802 11
1514 2
1365 7
225 9
432 25
421 15
1819 5
293 24
1138 7
1497 24
1575 9
1506 25
1864 17
122 4
85 15
1704 18
418 19
544 14
592 20
918 2
782 13
487 13
909 21
1863 13
192 4
975 16
778 18
444 9
1275 17
163 10
196 22
762 16
1630 22
183 1
233 10
869 21
188 2
2 19
1794 4
382 5
123 18
646 23
1697 21
160 25
342 25
375 12
1648 10
1125 2
538 15
1501 19
1153 4
73 11
753 15
366 1
1903 10
1309 13
1288 2
888 23
1789 7
1139 1
15 20
1899 15
1865 18
970 6
560 6
818 8
1291 8
472 12
215 14
1336 1
322 3
459 13
987 25
1651 9
675 13
1722 21
835 12
1519 25
630 1
990 14
603 15
1706 2
468 2
23 7
1265 14
1474 19
1854 25
1060 14
131 14
1626 7
1734 3
1046 23
1352 12
456 9
752 10
1707 6
1690 17
1020 17
1282 17
102 17
82 21
1960 13
833 17
620 6
1809 15
543 18
256 2
524 15
346 23
1483 19
476 7
1185 10
1216 21
1576 12
26 19
1649 23
1970 7
781 5
1228 1
90 7
1845 2
24 11
1183 14
414 21
1530 3
796 23
1477 22
688 11
1917 12
1540 6
1142 4
1940 24
1856 22
741 11
204 4
821 16
1979 8
323 3
1727 6
998 14
399 13
1817 12
1670 1
1754 19
775 19
1354 8
1208 8
1055 2
1618 4
1500 2
1699 12
1607 25
1175 16
265 16
164 1
1117 21
435 14
1453 4
1217 14
949 18
1824 23
254 22
842 18
93 9
95 10
182 8
1399 12
1713 19
1096 5
1145 21
1516 15
1801 18
1978 15
1755 15
709 4
1173 15
679 14
260 14
1117 17
271 11
372 20
1725 9
834 5
444 8
1499 1
129 17
1419 22
1051 23
141 21
6 23
383 18
679 15
632 1
1977 25
1471 6
1021 22
1459 3
908 7
775 20
1813 23
1699 7
1871 22
1032 17
1314 18
1893 6
918 9
1482 8
1443 23
944 7
1074 10
1473 18
956 2
645 7
1789 3
1018 14
1012 22
1423 1
1102 2
495 21
1130 12
24 19
261 17
763 2
1403 22
26 10
1786 17
81 14
81 24
1286 4
1044 2
1453 15
683 16
35 25
1802 24
682 25
1905 20
287 3
620 23
213 15
866 9
1651 1
1057 22
1871 21
1368 21
108 5
627 20
1859 20
1150 7
1047 3
652 1
706 6
1990 20
1158 14
1301 5
32 24
1601 16
686 19
534 25
165 3
1187 7
1579 13
1393 1
1039 6
302 24
102 21
747 24
142 1
1748 14
759 15
1747 6
304 22
1874 16
1415 11
1857 21
544 12
1998 6
407 23
1616 4
359 6
1293 17
1855 20
1224 19
1127 22
1483 15
345 19
49 3
1932 2
1530 19
1619 18
265 10
902 13
1083 23
1320 22
1450 16
1480 24
310 13
598 8
1595 13
152 20
213 9
1024 19
45 25
583 19
731 10
1499 23
1853 9
1479 7
1136 8
496 20
1442 13
1349 1
433 22
330 2
1828 13
409 4
1916 19
763 19
1028 11
651 4
245 18
177 5
1683 14
162 2
725 24
96 5
137 21
413 3
380 22
77 3
1906 21
617 1
1262 7
1426 2
661 7
1433 23
178 10
1515 3
493 24
420 8
570 13
1652 15
519 8
1084 1
1390 23
1161 19
837 9
1993 14
1228 3
174 22
983 9
529 10
1690 4
913 9
447 22
1148 15
422 6
1984 10
877 10
335 2
869 21
783 6
588 4
1305 25
1018 9
370 23
1948 25
1219 17
532 8
1592 2
1224 22
1371 1
523 18
1294 7
304 7
453 15
493 12
1916 15
842 13
1982 23
1179 24
1028 3
322 14
435 4
62 8
329 19
1714 25
1474 3
1394 12
412 19
85 20
1300 2
483 3
744 14
1385 16
932 21
692 11
1205 16
104 7
701 14
561 18
1588 15
286 14
1421 4
502 7
1570 19
1822 9
1763 8
315 11
617 10
986 5
1190 10
819 1
773 22
1797 2
354 7
870 1
492 1
649 17
267 20
1712 1
896 20
1664 18
372 6
924 25
1461 7
610 20
39 20
1806 3
52 13
909 22
68 8
1685 12
1748 7
1799 12
781 10
1973 11
775 17
1935 6
555 17
913 5
1894 12
1592 9
887 20
1487 12
1651 1
14 6
743 11
1716 16
75 11
1615 6
454 9
42 20
506 24
82 12
329 6
1550 4
50 19
87 22
389 4
1784 20
928 11
26 9
1782 16
1641 25
557 2
1711 24
474 6
1128 23
466 22
1593 13
1458 21
143 18
353 9
106 1
663 14
662 18
281 25
287 17
943 23
765 22
549 16
1900 9
1395 12
1311 5
470 2
66 2
965 24
1841 5
604 21
646 15
1862 5
1043 23
1255 19
1733 19
125 22
261 1
1812 11
1318 4
1377 17
61 4
1487 21
891 15
675 14
1203 14
683 25
687 3
1619 22
1030 7
378 2
847 15
1679 4
1685 5
70 10
1137 25
1236 17
242 12
804 4
1221 19
1437 8
1730 10
102 6
1363 21
999 4
627 21
542 14
3 6
386 8
260 8
199 24
992 7
265 11
1996 2
78 9
1753 14
589 21
517 23
1953 10
1326 18
332 19
987 14
1681 18
1449 25
1489 13
708 8
396 7
1269 16
334 13
197 7
808 19
541 15
1676 18
80 4
1054 18
844 24
544 4
1883 9
1840 8
1356 23
22 4
95 3
1314 24
783 5
1055 14
1388 21
1962 24
429 15
933 4
694 14
418 22
1660 14
1868 13
424 8
1119 7
440 25
23 18
1173 15
1242 21
1651 13
1566 10
695 1
1780 5
90 17
206 3
1809 25
28 11
188 23
566 8
662 24
1711 20
1828 9
605 11
1899 25
1496 1
1186 20
1929 18
75 5
386 9
1447 10
415 15
570 8
750 20
1018 18
795 10
252 6
1418 3
1537 5
1209 11
1362 21
1207 11
1821 11
1641 17
1194 10
777 5
1018 19
1499 23
1153 6
1659 10
233 4
149 8
923 19
1229 9
819 6
1040 11
271 5
138 19
592 22
1444 16
671 3
1613 20
823 9
1396 9
935 8
1850 1
460 19
830 23
352 7
7 7
1728 6
1249 24
1790 8
1880 7
1928 13
1304 6
1618 14
1902 14
1607 11
650 21
393 7
522 14
546 9
224 25
1223 5
1860 16
1089 10
99 3
1254 18
996 11
38 12
318 8
1409 21
799 20
1129 8
1151 5
493 14
616 13
1497 24
1997 22
151 21
1977 11
1994 16
158 10
1273 21
1220 6
1650 22
489 13
992 13
724 24
1501 21
754 1
1119 4
1196 15
575 8
874 3
478 1
662 18
1175 16
1309 14
1426 12
934 7
1423 18
358 25
309 21
295 9
1173 21
683 12
411 12
1201 12
1304 5
1653 6
924 16
591 14
1659 23
441 13
1591 6
989 17
660 3
1451 20
1827 18
1003 23
487 22
1349 24
323 4
361 6
803 5
284 12
465 24
196 7
1114 14
830 1
577 15
398 23
66 23
1954 21
1436 25
964 21
28 5
1734 11
618 17
1640 8
1375 23
16 12
1337 9
982 24
416 8
501 3
854 10
426 6
1946 20
1888 14
1737 14
344 20
1176 12
1059 19
391 16
462 10
883 14
93 4
212 23
1999 8
1779 10
884 4
1199 2
1740 20
1333 17
1932 25
1750 25
1245 16
505 2
400 18
400 9
1513 19
1930 20
952 24
1759 15
509 22
1657 8
1742 12
1626 10
1444 24
1241 18
1125 5
98 13
973 13
777 15
910 2
1609 3
734 8
1339 16
1655 11
1762 19
61 21
573 16
1376 7
137 5
1816 25
873 10
1311 21
1769 5
816 4
1323 1
1631 7
1713 21
159 17
202 5
121 24
499 25
753 24
1119 17
1907 1
1163 22
1282 4
397 10
922 17
1107 24
391 4
437 21
602 23
402 24
638 7
682 10
427 15
345 10
1713 9
92 2
87 14
1736 9
1783 4
570 14
568 9
1543 14
229 17
423 9
855 1
162 25
866 5
1806 3
40 2
1638 1
413 19
981 3
887 11
142 24
930 2
1906 21
415 19
905 19
1844 17
376 17
67 10
739 19
1016 7
1120 12
1278 17
963 12
1767 20
47 9
130 1
1714 14
1203 15
232 16
1379 7
1451 20
815 12
1151 3
616 24
875 7
1465 15
398 3
1 9
761 11
559 7
1656 1
1204 4
1341 6
1156 19
465 12
1722 20
298 22
1316 18
713 18
156 9
338 15
525 17
1098 13
149 8
1344 4
1278 6
1537 3
1803 15
1114 20
1384 15
1504 25
137 8
672 9
643 6
1215 12
562 11
1141 20
2000
42 2
880 3
951 4
937 1
822 2
1702 3
1456 3
617 3
166 3
312 4
1355 4
1950 4
926 2
107 5
314 2
1088 3
434 1
1381 5
1634 4
519 5
413 3
1350 5
1622 5
1057 3
1789 2
151 5
868 5
136 3
21 4
1137 2
1531 5
1741 4
1124 5
1283 3
1498 5
1728 3
1015 5
1465 3
1897 4
1538 4
5 2
819 2
385 5
784 3
439 1
472 3
931 1
1788 1
692 2
357 3
369 1
319 4
1818 2
1172 2
1080 3
39 5
1940 1
259 2
383 4
448 3
1196 2
228 1
1865 3
648 2
260 5
1721 1
1256 5
159 2
1456 4
1355 4
1779 3
414 2
90 2
45 3
1330 5
202 5
1538 4
927 1
811 2
1009 5
1497 5
350 3
1484 1
366 1
1968 2
1546 4
95 4
1735 5
1659 3
17 5
1479 5
328 1
271 3
958 1
1469 3
1023 3
1909 5
1192 3
960 4
1902 5
103 3
186 2
493 4
1458 3
700 5
164 1
1408 5
1363 2
1303 4
394 3
707 5
235 1
359 3
997 5
1924 2
70 2
57 4
230 5
295 5
1691 3
1633 3
1300 5
410 1
975 5
507 5
1633 5
2000 3
407 4
1520 2
566 5
1823 1
105 1
626 3
386 4
661 4
1956 1
427 3
419 3
572 5
1602 3
239 3
1732 1
1251 1
1938 1
302 1
1815 3
78 2
1853 4
960 4
1545 2
1406 5
1785 3
1288 3
1057 5
1056 4
844 5
1824 3
944 5
1812 1
1676 3
926 1
1275 3
466 2
1986 4
852 5
1374 1
1733 3
620 3
1512 2
660 1
785 1
1264 5
1362 4
1966 2
1429 1
188 2
1941 2
1204 3
1884 4
1782 2
1559 4
1151 4
1301 3
941 3
1513 5
846 4
1806 2
1072 3
202 4
730 1
351 5
1596 1
1041 1
1284 3
437 5
224 5
187 3
1003 4
694 3
425 2
1863 2
1322 5
14 1
1562 3
1914 5
1738 1
623 2
295 1
1284 2
1407 4
1461 1
1639 3
1792 1
638 1
1152 1
1804 4
780 1
928 1
961 4
1309 5
528 1
1599 1
392 2
985 4
1027 2
1814 1
1687 1
1070 4
54 5
206 3
785 5
1000 3
1411 1
539 1
1885 5
1095 3
61 5
460 2
1466 3
596 5
262 5
1548 2
1775 3
1221 5
1901 3
231 2
276 5
538 2
905 4
285 2
1289 1
412 2
1666 3
1027 2
71 1
1340 2
1910 2
66 3
839 4
1265 5
1396 3
1976 4
942 5
1885 2
711 1
1309 2
1935 5
654 4
807 3
332 5
1493 3
34 4
1457 4
427 2
385 5
868 3
425 5
1238 5
1703 2
1485 2
579 3
1866 5
1348 4
1810 5
1491 2
289 2
1730 3
623 1
1956 2
1435 2
41 2
1585 1
1583 4
1306 2
1553 1
880 2
1345 5
109 2
462 1
907 1
461 3
1060 5
625 4
1950 3
388 2
1788 2
66 3
950 2
1409 2
553 5
1926 1
570 3
1539 3
1899 2
1412 2
1899 3
1512 3
566 3
1193 3
1116 3
353 2
36 4
461 3
1117 3
705 4
357 4
1113 5
728 1
358 2
1398 2
969 3
1774 2
1910 4
1812 2
1156 4
775 5
1793 1
1900 4
1317 2
264 3
20 3
183 1
1470 3
1974 5
589 1
1192 3
1544 1
1332 3
657 1
1542 4
437 4
214 5
664 3
814 3
862 5
993 5
94 4
543 1
767 2
1995 5
193 3
515 1
70 5
1263 4
89 4
1028 2
458 4
674 2
575 5
767 3
1944 4
163 4
834 5
126 3
1516 4
126 2
710 2
1712 4
1203 2
647 1
1242 3
1267 2
629 2
72 4
1770 1
977 3
1870 4
528 5
1778 3
517 2
1943 3
617 3
441 5
1257 5
585 4
672 2
1209 3
802 1
283 1
982 4
776 4
1969 5
933 2
859 5
1467 2
275 1
682 5
271 1
1587 5
557 5
366 4
1109 4
723 4
1787 2
49 1
587 1
972 2
441 2
1430 4
838 3
1167 4
371 3
1760 1
308 5
983 3
32 5
836 3
1433 2
501 5
537 5
1532 4
1712 4
754 4
106 1
663 3
1348 4
634 3
885 4
1553 4
1358 2
1500 3
102 1
1697 1
517 4
82 3
1270 3
1169 3
1764 2
910 1
789 4
5 5
1475 4
1211 1
368 3
881 3
1766 3
6 2
1088 1
1796 4
970 2
382 5
1226 1
1287 5
936 2
1429 1
1625 2
1684 3
45 4
1406 2
1357 5
809 3
1154 5
1551 4
1882 1
1677 1
1442 2
673 2
1730 4
1306 4
1756 2
1337 4
674 2
1168 4
1280 3
889 1
1640 4
16 5
1711 4
739 1
396 5
923 2
1936 3
400 5
1199 1
809 1
460 1
1342 1
90 2
522 2
1166 5
1505 5
1003 5
1311 2
196 1
1689 3
1231 5
1943 2
1227 3
1523 5
468 5
1681 1
1774 1
870 3
1471 2
1776 1
1563 2
1759 1
665 5
1963 5
1577 4
941 3
424 3
1286 3
1570 2
1312 5
454 3
238 3
1297 4
1496 5
469 4
512 4
186 4
686 5
1086 1
1161 3
42 5
498 4
730 3
1350 3
1915 1
1017 2
1670 1
1023 3
208 3
1972 2
1734 1
464 4
1892 2
1852 1
460 4
928 4
839 2
1754 5
467 5
286 5
1443 4
391 2
1798 2
1511 2
13 3
1562 5
1206 2
134 2
493 3
45 2
815 3
1243 4
1932 4
622 4
1821 3
1401 1
195 1
1742 4
13 5
1223 1
511 3
1932 5
1352 3
1530 4
424 4
9 2
44 3
262 2
95 5
1617 4
201 5
1874 3
1399 4
783 5
819 2
1218 3
243 5
436 5
1710 4
1353 5
896 5
1102 3
430 1
1035 3
309 5
753 4
1124 3
693 5
824 1
559 2
825 2
400 3
1237 1
987 3
1685 5
1413 2
531 1
1826 1
1481 2
1748 1
193 2
1152 3
1510 1
1695 2
888 1
1004 1
994 4
413 5
1002 4
205 4
1749 1
1699 2
638 4
1950 5
451 1
1251 5
945 4
1883 2
1043 1
1011 1
1082 3
881 1
383 3
1496 4
774 2
109 4
306 5
5 1
830 2
1496 1
1817 1
982 4
1914 4
215 5
1024 4
843 5
1759 3
953 5
1167 5
149 3
1579 3
1775 2
466 4
369 3
1217 2
1651 4
1213 4
684 1
317 1
556 5
872 3
1938 3
821 1
30 2
940 5
1489 2
582 5
1660 4
1898 4
1441 2
1821 2
720 1
998 4
6 3
1712 5
1422 5
1451 1
726 1
1774 4
547 4
1048 5
1701 3
1495 1
1096 5
1304 4
1143 5
1707 3
723 5
133 2
1655 5
445 4
1576 3
121 5
373 3
1701 3
63 3
56 4
1949 4
644 5
991 3
1421 1
141 2
1050 3
2000 2
870 3
1220 1
1367 3
1581 5
1056 5
784 5
1782 5
1090 3
1550 5
198 5
1537 4
1069 1
157 3
1214 5
1005 5
1719 5
1412 4
123 5
137 5
928 3
1515 5
374 1
271 4
1922 3
670 5
127 3
1917 4
1626 3
1056 1
1779 1
897 4
760 2
1213 1
514 1
1083 2
1378 3
1709 3
246 4
1358 2
725 3
324 5
1906 5
184 5
162 5
1249 4
1599 1
1848 5
1239 4
572 4
1025 2
1920 1
1575 5
424 3
1142 2
213 4
763 1
910 2
794 3
98 2
103 3
1719 4
100 5
580 4
54 5
1116 2
1540 3
1215 2
1163 4
1698 3
124 4
1621 5
418 2
144 1
784 4
1722 4
1679 5
1232 1
956 2
115 2
1700 4
307 5
1377 3
1316 4
784 5
1231 4
250 5
524 5
1670 5
1197 4
729 2
1562 5
1293 3
31 2
1160 2
1825 4
1543 4
1245 5
364 4
419 1
1687 5
853 4
239 2
795 3
1883 4
152 2
424 5
936 2
673 4
1098 2
662 2
1682 3
645 1
1900 4
1935 4
750 2
234 1
1915 2
541 5
14 3
638 4
1713 5
1428 5
1778 1
1482 5
1962 4
1293 4
510 2
92 3
793 5
810 2
102 4
1323 3
936 4
891 4
140 2
780 2
811 5
512 4
1569 2
628 2
937 4
1346 5
1116 3
683 3
163 2
740 3
1543 3
285 1
468 3
1098 5
948 3
855 5
443 3
288 2
1365 3
269 4
1563 3
308 3
25 4
1773 4
1116 4
610 1
1383 5
199 1
1152 5
1881 1
1858 3
1765 4
1766 2
326 5
1679 2
360 5
719 4
1143 1
383 3
50 5
1431 2
1091 4
420 4
161 3
1009 3
1858 5
1072 4
93 2
1796 4
600 4
1193 5
1421 3
38 5
1166 3
337 3
1569 3
1120 1
1098 2
1716 1
1497 5
753 3
1328 1
1114 3
217 5
1290 2
25 4
283 3
221 3
573 4
696 1
1035 2
134 4
42 2
1841 5
1137 4
1933 3
1495 5
1251 2
76 1
907 1
1375 2
187 1
566 1
1165 3
1046 3
1068 4
516 3
1232 1
1821 4
1587 3
464 1
947 5
1010 5
765 3
1114 4
70 5
1530 2
722 4
1045 3
1036 2
805 5
1804 2
1633 1
1380 4
1395 3
1449 3
300 3
1817 3
1660 2
1387 1
1920 4
1696 2
457 1
536 1
295 2
1002 1
1310 2
212 3
349 4
1039 2
1923 1
1741 1
1716 1
160 2
1955 2
250 3
5 2
1087 4
624 4
1028 4
1879 5
1789 1
1354 5
1445 1
658 5
601 5
250 1
1840 1
1776 3
1026 1
1046 4
23 4
215 1
211 1
78 4
769 4
579 4
883 5
982 5
1551 2
139 1
1279 1
1541 1
1687 3
876 5
1981 2
954 3
1263 3
324 1
1817 1
579 2
957 3
988 5
503 1
377 1
1747 3
623 4
874 1
887 1
374 4
68 5
1573 3
1986 4
962 5
781 3
1440 5
18 1
1372 4
224 3
23 5
663 2
1391 1
1899 4
532 1
1188 1
1721 2
1195 5
1701 2
1957 1
960 4
122 1
843 4
311 3
1002 4
1206 2
1264 2
1893 3
1436 2
1240 2
1113 4
1535 5
762 3
145 1
220 1
1035 3
766 5
237 2
1896 4
1596 3
772 4
29 1
958 2
542 2
442 1
967 4
831 5
585 4
495 3
1849 2
1039 5
1647 5
57 1
1223 5
254 5
865 2
1309 3
663 3
878 4
193 3
433 4
427 2
1679 2
485 2
1363 3
1954 4
1621 4
775 4
1653 4
551 3
1610 4
1080 2
1073 3
1624 4
1704 1
1723 1
1500 3
277 1
0 5
1835 2
1504 2
70 2
563 5
1516 1
1630 2
1072 1
11 2
1184 1
1969 2
562 5
1101 2
203 1
331 5
1550 1
1974 2
1559 2
27 2
721 4
802 5
682 2
1654 3
1275 4
127 5
1381 3
1636 4
687 3
90 2
166 2
947 5
1298 5
1809 1
312 3
950 2
1635 4
1001 5
1478 3
1227 3
1134 4
1833 4
150 4
1082 1
403 1
61 1
1003 2
428 2
1419 1
1222 5
990 5
1226 4
465 2
978 1
1116 1
1543 4
1593 1
399 1
1339 1
1042 5
972 3
1991 1
1664 3
345 1
18 4
490 1
518 5
862 2
1404 4
1033 3
1142 5
8 4
1882 4
494 5
1142 1
1853 3
738 2
1842 4
855 2
1339 1
712 1
1404 2
887 2
1392 5
1392 4
1732 1
454 2
246 5
1497 3
1848 4
170 2
1739 1
1364 5
981 4
1343 3
745 3
360 5
453 3
111 2
561 3
565 4
1955 1
1220 5
310 5
1698 5
933 4
1817 3
1960 2
889 2
1431 1
1228 3
864 2
554 3
606 3
613 5
0 3
1938 3
766 5
1551 5
147 1
336 5
832 2
1090 1
857 2
172 5
996 1
1226 5
1210 3
1132 3
464 1
1059 5
1967 4
184 5
32 1
1471 2
882 2
1261 3
228 4
378 1
644 2
1002 4
1457 2
1514 5
330 2
1371 1
94 2
507 2
580 2
526 3
1151 3
1110 1
1456 2
409 3
134 5
1598 1
198 4
1208 3
794 5
1395 5
405 5
528 5
1707 3
1771 5
678 3
252 1
1929 3
996 5
1152 2
961 3
1189 2
1124 1
865 5
246 4
1494 3
1230 3
799 3
1418 3
538 5
251 4
1252 2
1276 3
1919 4
1643 3
1580 5
2000 2
333 5
1989 3
1286 3
714 2
1252 1
1586 4
1041 4
1457 1
1013 1
181 2
1009 4
59 2
236 5
947 2
1428 2
1239 1
1173 3
210 5
1697 5
905 2
166 1
691 3
864 5
1346 3
68 5
1332 4
317 5
942 2
1383 2
1525 3
420 5
197 1
1309 4
242 2
1869 3
1074 3
1976 4
564 4
906 4
1311 3
1382 2
484 1
784 4
780 3
1786 2
902 4
253 5
647 3
1346 3
655 4
557 5
360 5
80 1
1393 4
711 1
133 1
235 3
1578 3
369 2
718 5
978 5
48 5
1389 1
1285 3
1218 3
876 2
202 4
1817 4
1824 5
1109 3
318 3
170 2
1911 5
1880 4
1751 4
532 5
1813 2
74 1
1175 3
66 2
936 3
1609 1
325 2
115 2
1423 1
1271 3
1043 3
1936 1
1142 2
1479 4
288 4
853 2
106 3
935 1
1134 5
992 4
8 3
418 1
1320 4
119 4
1940 5
583 4
797 5
1818 3
1952 3
97 3
276 4
1333 4
1137 5
744 1
429 1
551 1
147 4
1724 3
892 4
935 3
824 2
1739 5
839 3
864 1
525 5
221 4
1622 4
227 3
197 2
1437 4
1747 2
615 3
310 4
1113 1
1310 5
782 4
88 5
824 1
1566 5
706 1
438 5
754 4
181 2
1911 5
1105 4
538 3
9 2
295 1
197 2
355 2
40 2
226 3
1899 4
962 4
1058 3
736 2
1774 1
826 1
688 5
502 2
1276 3
1173 3
462 3
866 4
305 5
241 3
6 1
1274 5
1491 2
561 4
1707 4
1370 4
723 3
1388 3
1548 4
294 3
1949 5
1447 1
282 5
62 2
693 1
1973 3
455 2
1560 2
1210 5
80 2
771 1
204 4
1108 5
984 5
859 4
1785 2
1249 3
1742 2
842 3
1527 4
1852 5
1673 2
500 5
970 4
1847 3
302 4
1766 5
436 3
417 1
1246 3
286 2
851 3
1517 3
851 2
1204 1
507 3
666 4
283 4
739 2
1021 5
1851 1
924 2
1031 4
1241 5
1346 3
450 5
1484 1
826 3
1791 5
1998 3
142 2
34 5
520 3
1292 1
765 5
1515 5
1947 3
321 1
1506 4
504 3
746 2
706 5
471 2
994 3
531 3
891 5
1352 4
1555 4
1559 5
167 3
264 5
1571 4
1426 3
167 2
1112 1
1622 4
104 4
1211 1
1720 5
303 4
1282 3
889 3
1924 1
145 1
566 1
1941 3
501 1
415 3
1472 1
1274 3
1168 5
458 1
1880 5
781 5
749 4
84 4
1485 5
625 4
1063 4
1951 3
948 2
153 4
1718 4
911 2
465 4
833 3
1650 1
1047 4
830 3
629 3
652 1
1020 2
1417 5
1702 3
800 4
762 3
1781 5
670 1
1767 1
1235 1
524 3
423 5
775 3
371 2
467 5
276 1
1567 5
781 3
1484 4
1116 4
518 1
916 1
116 2
375 3
478 3
28 4
666 4
1027 4
1977 5
1008 3
1125 2
728 4
1458 3
910 2
662 4
705 2
1218 4
174 4
753 5
1444 3
1317 4
1854 1
1632 3
41 5
1076 5
914 4
556 5
885 3
703 4
389 3
683 3
880 2
983 3
325 2
1118 3
1476 1
1891 2
278 1
1122 2
1515 4
1141 5
1397 4
1342 1
1395 4
1461 2
38 1
648 1
1808 1
20 5
521 2
36 4
1373 1
906 2
108 2
102 1
894 3
1578 5
1577 5
82 3
1023 2
1114 2
1306 1
1646 2
1176 4
1298 2
1007 4
1187 5
182 3
657 2
1129 1
404 1
1450 5
734 5
1987 3
679 4
220 2
1705 4
978 4
779 2
980 2
537 4
764 4
941 5
1907 3
111 5
1631 1
1486 2
732 2
1185 5
292 1
1964 3
359 5
1721 1
33 1
1807 4
447 4
1299 1
16 1
267 1
1546 4
1007 2
1659 2
1098 3
593 5
422 3
142 3
1619 3
1110 5
242 1
778 1
594 5
50 4
676 5
474 2
1694 3
940 4
1821 1
210 5
272 2
1725 1
1658 5
1353 5
1807 2
1430 2
1591 1
1859 2
1073 5
187 2
170 1
844 2
1504 3
386 1
1824 3
1589 1
1723 2
338 5
285 5
425 1
61 4
865 1
1489 2
1760 1
27 2
1130 5
677 4
133 2
1230 3
286 3
960 4
371 1
977 4
1589 3
111 4
868 2
1110 5
754 5
853 5
947 2
179 1
948 1
1269 3
1637 1
921 5
1911 4
1811 1
286 3
712 5
1754 5
654 4
723 2
521 1
503 5
1129 3
202 1
861 1
359 5
1728 1
1117 2
930 5
663 5
1586 2
1342 5
1124 3
1097 1
1234 3
712 4
1348 4
426 2
1334 4
1930 3
1051 5
880 1
378 1
922 4
1290 4
937 2
1016 1
886 1
1931 5
701 3
853 3
1649 2
1673 5
30 5
720 3
287 4
1738 1
999 1
811 2
140 1
136 1
169 4
855 1
1082 4
1869 4
306 5
1807 5
1858 2
522 1
570 5
781 5
1025 4
1052 4
1424 2
28 2
925 5
1937 4
762 5
386 3
723 1
10 5
1281 3
1949 1
49 3
217 2
1140 5
1562 1
483 3
501 4
742 2
133 5
631 4
229 2
1122 4
1816 3
466 1
1290 1
103 3
1090 3
717 3
294 3
566 5
1241 5
760 2
724 2
94 3
840 5
166 4
244 3
1364 5
1291 1
1195 5
98 2
402 5
620 5
48 1
1682 3
1688 2
748 4
568 1
1899 5
1507 3
1294 1
262 4
1816 4
292 3
237 2
265 5
545 4
260 2
1668 2
1141 2
1369 1
1593 5
1215 3
1518 4
18 2
1913 4
91 4
7 5
1630 2
783 1
910 4
868 1
1561 4
1542 5
382 1
1342 1
645 4
452 1
1957 5
801 4
918 3
1761 4
194 5
478 2
1536 2
830 2
1459 1
1602 5
656 4
1889 4
193 3
705 2
177 5
1617 1
501 1
659 3
925 2
431 4
1732 1
598 3
1955 1
1967 1
565 3
52 1
1922 3
584 5
544 1
235 5
1331 5
891 2
1095 2
1365 3
1616 2
1032 2
1309 4
428 4
170 3
1793 1
1867 4
1636 1
1880 5
1402 2
297 1
159 5
1244 5
834 2
258 1
154 4
473 2
169 2
1076 4
1030 2
267 1
1520 4
300 4
1407 4
1768 3
840 3
979 2
458 3
884 5
585 4
1916 4
1678 1
815 5
1837 4
717 1
1282 3
1023 5
1755 1
1218 1
232 5
595 5
1202 5
1383 5
1131 2
948 4
1605 2
781 1
1628 5
1883 4
419 3
1070 2
927 4
390 3
1390 3
223 3
1869 3
1358 1
1045 3
542 2
1399 1
666 4
323 2
168 3
1129 3
1035 1
1608 2
1954 2
1343 3
159 2
35 3
1433 2
1254 2
153 1
108 5
689 4
206 3
1622 2
1997 1
985 4
550 2
170 5
142 4
1112 5
1689 5
955 5
1742 1
123 5
1239 4
2000
1559 1
1524 2
1035 1
243 8
666 11
186 9
1226 9
1096 4
1394 9
1694 9
403 11
1337 14
480 3
650 12
25 5
1477 14
712 12
1765 12
1602 6
289 9
1933 6
545 2
449 13
163 5
899 10
315 11
1963 12
1544 8
1428 11
438 13
1525 14
1664 13
594 1
831 12
1929 6
1309 14
289 12
518 1
352 8
309 7
1057 12
806 12
292 10
1334 14
1590 7
1537 2
1897 13
258 11
1778 3
1058 8
865 3
1235 8
522 3
1499 12
952 11
38 14
1239 8
596 10
595 4
1365 1
1116 12
1641 3
556 12
1599 10
1130 13
1967 1
1178 10
154 13
104 7
336 1
1205 6
1121 11
34 15
1521 4
55 4
913 3
264 1
1080 6
1773 11
1002 8
983 9
680 6
1787 4
362 7
1685 10
1993 13
1751 8
183 13
13 9
146 15
1828 2
37 14
1244 13
2 9
1235 15
1324 3
616 15
1587 5
987 5
336 14
1824 15
653 4
1247 4
1313 1
33 2
902 2
275 6
1739 15
344 2
717 10
139 11
944 2
211 14
1509 8
156 13
1065 15
726 12
387 4
1019 8
788 14
870 2
412 8
1233 11
486 7
1745 4
383 15
544 4
425 7
1270 10
856 4
823 8
505 2
1380 1
1420 3
1457 7
558 5
516 6
967 8
634 7
695 8
1993 1
1831 2
1947 11
1548 2
1893 2
1063 1
734 10
1101 15
122 13
200 3
604 15
1845 7
621 14
1505 8
1091 3
1707 5
788 13
864 7
1192 8
749 12
50 13
1072 15
201 2
1816 4
1665 9
461 2
1026 5
569 13
224 1
1287 2
986 13
1936 10
1705 2
1279 4
271 11
69 10
867 6
629 11
906 10
1066 11
1135 14
695 7
29 10
1562 13
451 5
1953 8
1569 10
555 14
1013 1
1303 2
1671 8
872 6
1038 10
226 9
1077 14
1757 8
1326 2
1186 11
441 12
1682 3
139 10
1513 8
314 7
534 8
216 12
814 3
532 3
1016 12
1289 9
955 3
1244 4
1133 11
1836 2
496 1
1653 15
217 11
1973 5
1311 5
1469 9
912 7
1720 2
108 1
1935 6
286 6
716 9
306 1
269 5
703 15
1508 14
181 3
602 11
946 9
1331 14
1792 15
274 8
1247 15
1593 3
268 1
1321 4
1689 3
879 2
847 4
1842 10
910 10
624 1
749 1
1523 3
1224 5
1043 4
482 15
1318 5
1261 13
956 7
726 15
1896 14
1203 9
1931 3
742 15
232 10
1803 1
1311 12
622 1
717 13
40 15
698 6
1079 9
1424 15
1799 12
718 11
797 2
23 8
1843 14
1396 10
1893 1
298 10
1938 6
232 15
567 4
1549 12
738 4
1462 12
239 14
1038 9
215 3
748 12
1359 15
1775 8
1260 10
1142 9
1461 8
944 5
1566 13
1550 8
474 4
1559 2
1347 2
420 2
947 6
609 13
35 14
198 5
1516 9
1612 10
1245 4
614 15
1470 13
394 11
338 4
1753 12
1210 12
0 9
1864 1
1501 9
1750 15
129 7
1262 10
96 6
1186 3
197 12
1036 1
744 14
948 1
1992 8
667 15
1905 5
217 6
372 5
1201 8
1222 13
664 13
184 9
1876 13
1016 15
1389 8
42 15
206 12
1510 15
1035 7
224 11
1060 14
1552 6
1476 10
1417 8
1176 4
1245 3
662 14
1400 7
750 14
366 14
841 14
1608 14
1475 6
1041 6
1268 12
524 9
1631 6
1372 9
148 11
659 13
1448 11
518 6
65 12
1365 3
1861 2
1817 5
567 4
584 2
239 13
587 1
1757 1
1044 3
1992 8
1536 1
239 7
537 9
99 9
384 6
532 15
255 14
476 14
1353 3
241 3
1530 10
29 10
1008 5
986 1
356 2
484 6
1623 11
421 4
616 7
544 3
722 6
1334 6
496 4
563 3
1025 9
216 6
416 10
1147 6
1383 10
785 4
1880 5
179 1
345 8
1264 6
97 2
370 7
1161 5
592 6
1197 6
848 6
1787 5
1718 11
151 10
759 12
1688 3
654 6
808 4
513 7
45 4
1758 13
1277 6
613 11
55 12
1333 3
1207 7
1926 9
1564 13
744 8
1922 11
1915 10
1643 10
1768 4
222 15
1282 4
1203 12
1852 11
1747 12
369 7
2 2
374 6
398 4
1418 11
1662 3
1295 5
1787 2
874 3
360 15
533 4
1419 6
648 2
1754 14
1401 7
209 8
326 12
805 2
717 2
1762 15
1404 1
1360 13
114 6
1989 9
1975 11
199 10
1334 1
13 12
31 3
780 14
1794 15
2000 5
265 9
688 5
1578 11
288 6
222 8
664 9
589 11
1951 9
785 14
1502 2
1960 6
843 14
1763 6
1149 15
1591 5
1242 14
1916 10
1074 4
417 11
844 14
1726 9
757 6
1973 5
1294 3
1210 13
1056 1
177 14
1157 10
1376 7
1393 13
477 12
175 14
222 10
677 1
860 9
853 8
361 1
1079 4
1459 11
486 8
1385 7
221 6
1499 3
417 1
387 9
336 3
1638 14
1799 5
1983 11
1315 5
1319 3
1740 9
1488 4
680 6
500 5
1361 15
173 6
192 4
892 7
1825 12
1106 9
1625 12
638 3
98 8
909 5
469 2
1045 12
941 14
1114 2
851 6
1429 10
1335 4
1083 10
1147 8
1456 3
841 4
663 2
1311 14
1609 4
898 9
138 15
69 6
24 11
619 6
1291 5
1317 14
769 3
1399 14
389 9
165 4
198 9
1674 10
544 4
1577 10
931 11
1188 15
444 3
796 7
30 10
167 10
956 14
808 9
1687 4
133 6
1078 7
1471 2
130 15
189 11
580 7
1606 12
1757 15
1490 11
483 15
1858 12
479 2
7 11
1434 14
1815 6
1280 5
730 5
1125 15
1584 9
916 7
1651 15
1770 15
125 3
28 9
634 3
0 10
1899 5
795 11
1433 5
935 2
1052 11
1930 13
1927 2
1156 5
1631 14
859 1
310 7
358 9
1109 9
1936 9
1359 13
19 15
1390 8
1396 2
1767 11
339 8
1342 7
571 9
544 4
594 5
1823 12
702 13
50 14
211 1
1 3
1659 11
1017 1
170 6
1752 2
1885 6
1533 5
853 14
371 14
182 4
1856 2
95 11
853 15
1304 8
1414 5
1447 14
501 13
1097 13
702 8
1286 13
437 3
1698 8
1600 11
218 12
1903 3
936 10
1995 10
1473 9
66 2
1852 1
599 7
476 13
1399 8
64 14
810 8
1822 7
790 5
236 1
668 3
1247 1
16 2
334 6
810 5
704 3
730 1
1558 1
1215 2
1314 6
1359 4
1825 14
1188 15
777 2
1906 14
168 15
590 12
224 1
1967 2
1319 2
843 3
1670 12
823 6
1808 3
450 9
1887 11
489 9
128 7
1143 14
852 15
204 2
25 3
1583 12
1011 8
1172 9
1032 9
1010 9
1600 7
1334 15
1823 13
814 6
718 13
1283 2
82 11
1546 9
1592 4
1592 2
659 4
451 3
617 13
1030 15
341 3
1286 9
747 15
1814 3
229 4
818 12
585 8
1432 4
220 13
1431 14
233 5
1540 15
731 3
597 3
97 11
208 14
1126 9
67 7
1127 2
1915 10
685 7
266 11
1029 3
1548 14
176 4
414 3
475 14
1465 7
1636 8
65 13
39 2
1330 14
1772 12
1467 5
391 7
525 2
992 12
910 12
665 1
187 10
1570 13
937 12
235 13
1661 9
1544 10
142 11
733 8
1386 6
1147 8
27 4
1961 1
1833 10
817 1
1663 7
1244 3
1427 4
1897 7
821 9
768 1
557 12
1322 14
1213 7
1186 8
1036 5
1451 9
589 11
1553 7
441 6
296 9
151 5
1951 6
108 9
750 8
40 15
1900 6
564 3
65 7
631 11
1675 2
1935 4
1056 9
1882 1
967 4
564 13
813 11
627 6
1383 4
1694 6
408 10
404 14
518 13
651 1
563 1
1740 10
505 10
798 12
1379 2
1396 4
485 2
1971 15
194 1
1264 13
150 4
1331 10
1350 10
464 7
1580 4
1874 11
1897 8
1035 11
83 13
1322 1
101 4
1135 9
1983 7
9 14
1738 11
1778 10
1196 2
560 14
1823 9
885 9
1477 11
1295 7
1804 4
149 12
545 15
909 7
678 6
1436 2
1083 1
1728 13
1183 11
206 3
84 9
1777 13
214 7
1248 5
1522 7
1737 5
114 12
554 10
1288 10
1657 13
562 15
1015 9
1030 5
1800 15
1741 4
1625 7
114 3
1268 13
513 12
1180 14
72 15
1480 15
479 8
1661 7
221 3
92 14
1127 2
509 10
1747 8
436 8
1114 5
1823 7
1051 12
1902 2
1206 14
896 4
47 5
1557 5
1415 12
929 1
264 2
1960 5
793 14
649 4
1832 14
1947 5
1057 14
290 5
547 4
10 13
189 11
844 11
1934 4
67 15
1699 2
1515 9
174 4
1563 1
802 6
1953 5
1352 7
1145 6
882 1
852 15
414 6
1655 7
198 1
1737 7
1503 14
990 12
1085 2
1984 3
533 7
1197 15
942 4
1385 3
917 5
1727 3
1442 3
1712 14
1737 13
1715 13
1469 11
1401 2
1326 7
823 6
903 5
1635 2
1523 2
1051 14
1894 6
1513 15
269 2
393 9
289 7
1908 12
298 6
535 13
1674 12
1578 12
34 12
212 1
1555 9
64 6
1527 12
612 5
185 4
1214 15
1031 13
1288 14
1786 11
566 4
1777 6
1564 9
1664 3
1327 7
325 4
1116 9
721 7
468 15
1298 11
1596 5
282 12
1661 15
227 1
1452 14
416 1
880 13
414 1
1356 15
1983 6
1603 2
1661 1
438 9
1088 15
263 8
383 7
1234 13
484 13
85 9
877 9
763 5
1184 1
2000 13
290 6
881 2
1036 12
1553 5
669 7
1244 3
899 9
266 5
588 12
276 12
1289 5
626 12
767 1
123 8
555 4
1363 2
1658 9
1586 1
106 14
1990 14
327 14
815 14
1172 10
1031 9
1462 7
1094 7
1509 6
84 14
1538 1
26 3
1585 14
1192 10
81 10
155 5
1822 1
716 10
1797 14
48 14
892 13
3 1
1283 15
1446 15
68 7
1768 11
1044 14
658 13
1389 9
1805 7
1847 10
90 8
1298 6
269 13
986 6
267 5
1263 11
613 3
582 5
752 2
271 13
1516 2
1568 3
683 6
1094 2
1086 10
745 2
1315 1
539 8
378 9
174 13
1797 4
345 4
1917 8
1178 8
208 1
418 8
1080 13
1108 6
1791 11
581 11
184 14
1862 6
1787 10
675 3
237 4
271 3
1425 12
1370 6
772 4
1921 6
1531 15
608 9
622 14
683 12
1331 2
1751 15
1660 10
714 3
564 8
375 14
486 9
1627 13
683 8
1155 1
261 10
1907 1
1902 15
546 8
1825 13
391 3
587 9
1498 6
1269 7
1120 4
973 14
714 10
1201 8
1595 11
783 5
1813 11
765 15
1768 3
56 7
442 12
98 10
797 10
1038 10
131 15
161 13
1903 11
804 7
308 3
1185 14
979 13
973 4
1762 9
200 1
651 2
357 1
80 5
77 6
610 9
832 6
238 7
1455 6
333 7
1813 7
855 3
238 7
1776 9
1301 3
351 4
1695 12
22 1
1667 1
110 10
470 14
14 5
694 13
1197 2
745 1
1334 15
154 10
14 4
901 3
524 3
1720 14
703 14
672 4
312 4
181 5
1871 4
1832 6
985 2
867 11
1449 8
421 7
1777 5
1109 12
823 8
254 6
260 9
1900 9
169 9
715 12
1694 1
170 3
50 8
1341 11
124 4
1954 12
1429 9
1347 6
1943 7
682 8
870 11
475 10
1180 7
1149 11
1196 6
1790 10
1637 6
1447 4
1058 2
340 15
844 11
15 3
600 6
655 5
509 3
1151 10
1934 11
1056 13
1969 1
1865 6
359 9
1177 14
1636 2
484 11
1247 13
1001 8
1972 7
1560 13
1702 4
190 10
247 11
525 13
337 1
857 3
892 1
1387 8
497 1
28 13
1421 5
988 9
1488 12
140 8
1346 14
769 12
1935 13
1873 11
896 12
1686 5
508 6
346 8
292 8
1816 7
1848 5
496 1
936 14
1494 2
1976 13
620 14
718 4
1604 1
588 6
1921 14
597 14
425 8
329 1
1709 8
1828 3
1492 1
700 1
861 10
234 10
1591 7
984 14
218 15
1725 7
67 2
1083 5
507 2
1456 9
588 1
1226 13
1238 2
1204 9
1140 4
1118 3
153 1
1736 11
1794 10
1577 14
1701 11
86 4
814 2
1162 13
1039 15
1596 6
1307 3
653 14
556 14
1478 4
264 6
1079 11
659 13
1520 3
1755 12
1776 3
1112 9
69 3
672 1
1249 3
1248 12
35 12
125 15
314 7
77 12
1750 4
1807 15
405 12
558 6
400 13
721 12
1354 5
1701 1
864 4
1985 1
1471 2
542 12
1398 8
1745 8
860 14
1526 11
1964 8
1927 2
1589 9
1131 11
1144 5
1365 14
809 6
277 5
1148 3
203 14
1663 3
481 14
1691 9
793 2
1558 15
1173 1
279 4
45 9
1260 14
1147 9
1763 7
1222 5
866 3
1426 3
532 3
144 7
1249 15
1814 13
1725 6
366 5
204 4
133 3
1057 7
1733 13
1485 4
489 5
1605 1
541 1
1746 8
139 6
1034 11
721 5
106 6
1450 11
1800 11
1983 11
1624 4
1648 9
658 7
677 8
1700 14
1931 10
1009 12
108 2
593 14
1016 9
817 12
1915 7
1537 15
1687 9
492 2
1486 7
64 5
1351 11
109 14
1543 5
1693 13
545 4
1701 5
207 11
466 9
344 10
1643 14
824 11
1605 9
1940 13
499 5
574 8
1736 7
251 14
89 8
12 8
358 15
1927 1
913 8
874 12
1030 4
1627 6
739 12
1917 3
1702 6
1644 6
159 6
1677 3
176 6
650 9
506 5
963 5
610 8
1250 13
1406 3
721 3
1537 15
704 4
1602 11
906 5
1137 6
13 10
350 14
1771 12
351 7
34 12
1781 12
1508 4
1461 10
995 15
112 8
1817 13
1008 9
1898 5
1232 15
1581 9
449 1
1077 3
188 5
1863 14
447 13
1549 5
1496 15
1040 13
398 15
1077 5
1043 11
1382 6
998 4
421 3
1127 12
847 3
188 15
838 9
1775 13
283 5
1930 12
1272 13
1597 11
1532 13
789 4
994 12
1839 1
402 4
168 2
1134 3
479 12
1382 15
1690 7
1131 9
1052 8
872 13
281 13
1497 11
1785 6
591 11
1715 11
1697 5
1494 14
31 2
1589 2
84 3
1130 8
1039 1
1320 4
1555 10
812 7
1708 10
525 8
460 12
1937 6
1479 11
450 10
1464 5
1347 12
358 13
1625 13
1067 7
1715 14
1092 15
1122 8
1587 3
1543 15
318 1
1365 4
1701 5
1378 3
1000 2
684 6
1663 11
1922 8
1464 2
773 15
1506 6
696 14
1634 4
238 10
1129 12
962 3
595 1
1615 1
512 12
522 8
1611 11
458 1
126 4
1408 6
1978 14
1601 7
421 9
1910 6
1856 6
1735 5
579 10
828 5
826 8
931 13
1942 14
1944 2
1468 5
32 1
50 3
891 6
128 13
776 10
766 4
1304 6
356 3
434 6
1579 14
569 4
1133 8
1762 9
1425 10
1891 15
1228 2
100 6
643 9
610 8
1956 8
1736 5
801 6
1945 4
1499 3
1422 12
1527 1
1876 8
582 13
1412 3
582 6
427 4
1442 6
506 3
792 9
30 12
250 3
826 9
1584 7
1715 1
1142 3
1449 12
242 9
1666 3
1045 13
1961 1
850 6
1953 14
229 8
1336 11
292 4
1644 15
905 2
1829 9
158 4
1548 2
627 11
1894 7
1738 11
1570 4
452 11
1395 10
922 2
199 1
837 9
36 15
103 15
1531 15
1867 12
1310 5
550 12
1007 8
1257 1
1049 11
884 6
1468 8
332 5
412 15
100 15
87 9
1580 15
1580 9
1519 8
178 12
1838 5
886 2
1240 9
47 12
136 7
1126 3
1727 5
1186 5
371 7
601 15
687 8
1671 7
1861 1
835 3
15 9
1905 2
417 1
1506 14
521 3
1995 13
1577 8
582 6
613 13
828 10
952 14
1697 8
1393 4
1011 1
1789 12
284 15
428 11
317 1
1750 12
1948 6
1867 6
499 3
1263 2
1322 8
1541 4
194 11
1370 1
26 15
1356 8
325 8
1848 7
631 1
204 5
322 1
441 4
821 10
668 1
1101 5
1313 2
1886 14
1407 3
1798 5
442 6
249 6
1872 10
311 11
1984 6
1040 3
1957 12
1848 9
1178 12
1328 9
1594 7
509 6
1390 8
155 2
1246 6
504 2
1554 3
437 12
10 15
1547 14
321 13
1905 6
598 6
1570 13
207 10
1162 13
382 10
925 5
1789 3
1296 14
536 12
1643 10
820 11
948 7
937 6
1226 13
320 7
1084 3
173 13
196 4
781 6
1705 8
573 8
1147 8
1040 7
461 11
584 9
805 3
0 1
1528 11
311 5
1688 2
662 11
484 2
143 13
754 5
1939 6
1368 4
1210 5
1986 12
415 6
1872 13
1214 5
1287 10
862 14
83 15
1945 1
1819 13
1738 13
1788 1
583 12
1636 14
285 1
394 12
1805 7
836 9
288 15
1974 4
562 6
1651 4
1007 1
1970 14
1171 6
171 9
1208 12
1686 5
1717 14
285 5
1557 6
1055 6
156 5
666 12
1453 14
1059 8
506 8
1190 5
853 10
1879 7
1723 1
630 15
1403 10
1013 6
254 6
365 12
593 3
1805 14
1260 1
763 5
61 3
1669 13
1805 1
554 12
1013 14
347 10
1405 5
1327 6
1675 4
1740 15
1605 14
1242 10
1738 15
1054 4
1591 12
1857 12
1082 1
494 2
429 5
495 8
672 5
1369 11
770 10
1412 5
472 5
1700 15
591 9
1459 12
1506 8
590 6
1859 1
1161 7
1681 10
1089 12
729 11
1839 10
1478 6
5 3
1839 5
777 14
542 11
407 12
329 8
1274 13
880 4
1056 12
994 9
1140 7
563 15
976 10
1129 2
1995 9
252 4
1058 9
654 7
1638 7
1170 3
373 3
1602 3
1031 1
1347 7
1785 3
909 15
664 3
735 8
1308 6
841 7
726 3
460 1
143 3
1946 2
1566 8
1299 11
1386 10
95 5
1368 4
1571 8
415 8
262 12
1835 8
754 10
1053 10
1991 4
100 4
1048 3
734 6
957 4
120 10
1598 15
353 5
1690 10
1817 8
726 11
1462 13
1690 6
96 15
330 15
654 8
481 9
167 5
393 11
877 12
559 3
1237 12
1584 15
214 15
1573 3
300 11
1844 13
480 10
1661 4
1295 7
1712 5
1254 4
112 10
725 4
1507 7
247 7
980 11
1942 6
1628 10
91 14
1816 13
1205 11
1637 9
1737 11
1575 6
1670 6
182 15
1232 5
712 9
1595 4
1023 13
895 4
1514 2
818 2
1197 8
907 4
1836 8
1986 13
1544 13
903 15
451 15
372 7
669 7
190 3
2000 9
624 11
1043 1
1440 4
795 3
359 4
1698 8
1621 3
1926 14
3 4
29 13
1748 1
853 2
37 12
529 3
958 1
1196 6
1656 12
1595 13
1101 6
1383 8
906 3
352 8
1435 1
1831 2
227 6
986 14
1069 8
396 10
956 8
1178 3
1102 8
17 7
1711 9
854 8
1281 9
1977 14
1028 3
35 3
337 9
1060 1
735 10
1084 8
277 9
1440 1
1889 13
1378 11
320 3
400 1
25 13
342 14
956 15
696 1
1229 1
1797 10
901 1
517 11
8 2
1067 15
343 10
785 7
1666 5
1999
822 7
110 9
1662 10
570 9
1075 7
933 1
1108 5
1925 1
1458 1
1796 1
336 10
1735 1
178 6
1842 6
1577 7
985 10
699 8
650 2
1776 6
1984 7
1477 2
435 6
895 10
1426 1
258 7
880 4
488 8
1272 2
1071 8
580 9
1069 2
782 9
630 5
1856 10
1919 10
577 4
1371 8
296 2
1526 6
485 1
1849 4
1964 10
497 7
204 1
966 1
203 10
120 1
713 10
775 3
176 3
358 4
815 4
1010 9
1650 5
1674 9
577 7
1244 10
1634 4
1636 1
1401 8
1589 1
314 3
1886 8
814 7
447 7
1839 6
784 9
1897 8
1411 9
202 10
971 8
612 9
1699 3
1925 3
1505 8
323 1
1962 4
1734 5
433 1
23 6
50 1
1572 5
1692 5
1518 9
271 2
221 3
1153 7
1222 2
788 3
988 8
1997 7
509 2
138 8
1772 4
396 8
267 5
772 4
1914 6
357 2
363 5
1453 6
917 4
1197 1
1872 6
1137 3
435 9
894 3
73 9
1477 2
478 2
834 8
1154 3
801 5
681 10
1254 10
1545 4
706 1
141 8
898 9
585 7
1965 7
1098 6
937 7
631 6
1819 5
296 3
1680 2
713 7
984 10
1163 3
1356 4
1345 1
1683 9
688 5
460 1
888 3
744 10
1316 6
1097 3
156 7
216 8
267 7
1411 7
727 6
512 9
625 10
1524 6
1021 7
1397 3
468 4
1746 4
1428 7
1632 5
790 4
1805 2
1446 6
616 2
1416 1
59 5
859 8
1304 10
737 7
1336 3
244 4
1017 9
987 7
1639 2
1814 7
524 6
309 5
168 2
1048 7
1403 7
337 1
1975 4
1656 7
1493 4
120 6
1710 4
508 5
1032 6
694 7
1325 7
1015 1
1419 3
282 5
89 5
1036 3
1128 3
194 2
164 8
922 6
762 2
709 1
366 4
1337 6
549 9
604 5
195 3
913 1
1817 1
1295 6
644 4
1611 7
40 1
193 7
549 1
1456 6
1188 10
50 6
1934 5
1993 8
1366 10
1102 2
203 3
309 7
134 7
875 9
1199 5
1472 7
422 9
469 9
385 1
1074 5
255 9
1421 5
550 3
126 4
471 2
804 1
1752 3
1969 5
287 4
711 3
1583 8
652 10
1426 1
856 6
418 3
265 3
1988 7
1881 9
424 5
555 3
300 1
1527 7
365 10
977 2
1331 2
1929 2
1942 4
575 4
253 5
1604 7
247 9
1632 5
227 3
738 3
175 2
215 2
315 9
1400 8
375 9
1979 3
1867 8
1117 4
1998 9
34 6
1991 1
656 3
549 6
582 2
1242 9
1356 1
1712 8
1088 1
452 8
1548 3
1594 4
877 4
513 4
1316 5
683 1
898 9
233 4
1827 3
120 10
1543 2
395 5
207 6
1564 6
839 6
165 4
1320 1
1760 9
262 2
1922 1
484 9
1251 2
270 2
351 2
322 9
1981 8
1078 7
1229 5
1467 9
347 6
769 3
1807 5
1117 2
322 5
1422 5
1284 5
436 5
1204 10
1558 2
403 3
380 6
1993 5
466 7
1703 7
1759 1
1909 10
1320 10
1264 7
775 2
1563 5
857 3
293 9
497 1
1082 9
1924 3
41 9
1406 7
49 7
962 5
1555 7
361 5
277 3
198 6
926 8
701 3
253 2
1582 1
1925 1
1357 7
419 3
2 1
643 7
1220 5
1491 10
916 4
308 6
367 2
276 10
1233 2
1702 2
1267 2
1584 1
1888 4
526 9
923 1
1431 1
1860 9
505 6
1347 8
445 7
1498 6
716 10
1399 2
909 8
530 8
930 1
226 5
22 2
1061 5
233 3
432 2
1801 1
1868 2
1218 1
19 5
315 7
1177 6
96 8
788 4
104 5
1468 6
1010 10
216 10
904 3
1440 10
1953 8
1537 5
39 8
1532 7
1817 10
1346 5
481 5
1766 3
1048 2
35 10
865 3
304 5
1151 9
622 8
966 8
689 10
607 10
1804 4
88 2
1197 9
682 3
1859 3
1004 8
1162 10
641 8
855 10
367 9
776 3
1428 3
561 4
689 7
1259 6
576 9
284 7
721 8
731 8
1958 2
1320 9
895 8
66 8
911 2
1846 9
1348 2
551 5
476 10
1494 9
1386 2
1315 3
1713 10
1280 10
248 5
1878 1
1425 8
373 4
1438 10
1522 8
818 9
1119 2
1494 9
427 5
73 7
1251 9
288 10
614 2
571 6
936 7
1642 2
1796 7
1620 6
119 10
1411 1
248 7
1416 5
1501 2
1337 2
1466 2
1819 8
1670 1
457 9
1681 10
658 6
1307 4
927 7
956 2
576 4
1031 10
1393 5
1696 5
883 4
1995 2
1978 8
89 5
747 5
1889 6
981 10
1529 2
906 6
522 3
41 9
794 1
1112 6
734 1
1318 6
1161 4
477 6
688 10
1869 4
33 8
592 4
22 7
1701 7
358 1
852 10
1128 1
671 10
973 9
658 2
1068 3
772 10
1657 2
1288 1
20 5
938 5
1582 1
401 9
1962 6
1781 9
860 10
1501 3
691 9
1026 9
1348 6
356 3
161 1
729 2
1367 10
1459 3
21 10
1055 8
218 2
1855 7
772 1
1487 4
1249 3
1120 9
1047 4
139 6
20 4
652 7
1774 6
997 2
1397 6
1607 3
1315 6
953 7
196 8
1816 3
560 4
243 4
676 3
1501 3
24 6
1318 7
470 9
1949 4
1577 10
1897 5
172 10
1743 5
1271 10
1978 6
1847 9
1631 7
1732 8
955 8
1700 10
1748 4
235 7
1199 3
1096 2
1271 4
1963 2
1507 10
1969 2
1415 7
380 5
928 10
1714 3
926 6
286 4
30 7
1183 10
941 4
1649 9
606 3
1355 4
377 7
1969 6
811 7
201 8
410 2
966 8
1929 7
1249 2
508 9
1997 10
92 8
243 3
1846 2
1767 7
1186 8
1423 5
1531 3
952 3
1472 6
1147 10
24 6
923 1
719 5
356 4
705 9
1895 3
614 9
1443 9
1454 6
133 2
1873 1
319 8
1252 8
728 5
879 1
1105 8
1884 3
337 4
1110 3
1294 2
780 2
240 9
1779 8
544 3
1603 7
1470 4
1016 2
313 9
1346 2
1452 1
1162 6
405 4
1546 9
1008 4
1215 9
475 5
1069 2
115 5
490 8
186 10
1334 9
1627 1
1866 1
1479 9
842 3
1071 2
1232 6
1083 2
340 3
1853 8
460 2
921 8
1626 8
1815 8
1807 8
1915 10
966 2
68 6
1285 1
365 8
1661 9
383 9
19 7
1900 2
946 5
1665 9
1233 1
748 10
1343 1
88 9
267 9
1148 6
62 5
920 5
1291 6
1108 7
1699 4
1417 3
710 1
688 7
603 9
933 7
257 9
911 8
289 4
785 2
12 5
495 2
1327 7
1185 3
230 10
1431 7
284 6
1607 1
1951 4
227 9
724 8
353 7
1930 10
1466 10
1331 1
1566 1
1210 5
165 5
111 8
233 10
1668 5
1287 3
843 4
1445 8
1723 5
774 1
1829 4
1062 9
893 6
1979 6
1399 9
145 9
1076 9
1668 1
1344 4
583 3
1938 7
1777 10
1260 10
549 2
53 9
1337 9
656 1
1226 3
1312 1
1721 8
696 5
1450 3
551 3
627 6
927 3
1850 4
133 7
1696 2
872 10
995 4
685 8
825 4
40 10
119 9
48 6
977 3
1294 2
1640 4
1419 10
1995 4
1903 8
1916 2
1735 6
858 6
27 4
621 6
121 7
579 9
1365 6
1184 6
1159 6
52 2
23 10
619 10
170 2
122 1
1609 9
1287 10
50 8
706 1
1622 4
978 4
49 10
1705 7
866 3
1251 1
325 5
1576 2
1212 9
313 3
247 8
551 6
1333 4
1416 5
739 4
1388 3
1626 9
269 3
922 4
1645 4
1826 5
181 1
1671 10
1111 8
366 10
727 4
1747 10
211 7
309 9
1372 10
1358 9
881 8
728 8
1956 2
110 7
476 6
354 9
1816 9
1470 9
1690 4
376 6
785 10
1403 5
1244 2
793 5
1095 8
1396 5
1552 2
761 1
1656 8
127 10
598 10
307 9
444 7
1503 7
1802 10
1191 1
695 9
1443 2
361 5
1925 1
1941 10
981 10
41 1
1844 9
477 10
325 7
105 9
443 2
582 5
1357 9
673 2
982 4
1061 4
1482 4
1480 3
1733 6
454 8
1244 3
90 3
709 4
962 1
1587 10
1076 8
1511 9
177 8
1482 7
527 7
1448 9
1265 7
1472 3
199 4
1940 7
745 9
369 7
1329 5
691 4
787 5
978 1
1032 1
334 9
244 1
1971 3
962 7
957 8
1490 6
487 10
1537 3
1444 7
1799 2
836 1
194 1
823 4
853 8
1965 8
253 8
1184 2
1409 5
431 5
1896 6
725 1
642 4
1177 3
337 2
1076 10
1628 8
806 9
861 4
1837 8
1731 1
1111 7
667 10
1571 6
196 1
83 6
1001 1
582 8
664 5
476 2
1591 2
1788 4
641 8
799 8
92 5
894 3
1094 1
656 6
1060 5
1773 4
663 6
1400 3
1666 3
900 1
201 6
1090 4
1443 10
356 1
252 8
1661 2
1328 3
1092 4
601 6
335 4
933 10
1861 9
385 4
673 2
822 5
313 7
1035 4
497 3
1471 4
513 5
561 10
1536 6
277 8
1791 5
1515 10
1434 1
277 3
1500 4
1328 2
825 7
693 3
1679 3
1868 6
1501 10
1380 2
152 1
670 4
566 9
158 1
804 10
28 7
143 9
1647 6
11 8
1533 5
1293 4
952 4
1863 10
1264 5
640 9
1592 5
646 8
775 3
133 4
337 8
597 3
1980 9
919 4
953 5
1027 7
37 4
1477 8
1108 10
1619 3
1947 6
1898 10
127 3
415 7
432 1
1720 2
1490 3
536 4
409 6
1271 7
766 8
489 6
604 7
1262 7
1289 6
1129 7
1149 6
1330 6
3 7
38 2
535 1
727 2
1122 4
1358 1
292 9
393 5
143 5
535 4
1625 6
1099 10
1831 5
156 3
1006 9
1733 10
914 8
876 7
1053 6
150 8
1812 2
1245 5
1930 6
1160 5
1055 3
1333 6
299 3
188 6
723 4
953 6
743 4
770 4
952 10
544 1
703 3
940 4
1351 6
428 7
1346 10
1916 8
264 4
7 2
1637 4
1148 8
1108 8
1530 8
490 9
1465 10
482 1
1314 3
1514 4
422 5
848 1
257 8
1932 9
359 9
1279 7
1519 9
1866 5
1778 1
1603 5
365 8
461 8
618 5
1189 6
420 6
577 10
773 6
1808 2
1774 8
1005 10
732 7
280 3
315 10
358 4
232 9
1248 1
1003 6
1705 7
376 6
428 3
1987 3
50 8
71 1
1719 3
264 7
1787 10
1465 1
55 3
1718 3
1452 10
1451 1
1306 7
1826 9
818 2
670 2
1168 8
1827 5
369 4
822 7
1091 5
547 6
1025 7
1784 3
494 4
1462 9
1842 8
109 10
107 10
1965 9
959 2
682 5
1544 7
1559 7
1904 2
821 6
1389 6
12 8
1441 3
777 1
633 7
52 10
1740 7
1809 10
1542 2
1603 3
738 7
1280 2
669 6
641 7
1796 8
173 6
148 7
890 10
1251 4
1615 3
1849 6
1702 6
457 9
1709 10
116 9
585 1
685 5
831 9
1499 5
1505 8
1361 7
487 4
1738 7
680 8
1965 8
1754 1
1921 2
892 4
595 7
200 7
1689 3
1543 1
1984 4
809 3
261 5
388 7
672 2
1528 7
847 6
1122 7
836 10
593 1
337 7
1366 1
929 7
943 2
906 8
1580 2
1634 5
313 1
1254 3
66 6
739 1
1629 6
1862 4
1651 7
1662 5
1755 4
358 1
1550 5
713 5
936 2
1770 7
1826 9
222 2
76 2
580 6
1720 1
1304 8
1296 4
1164 9
1915 3
498 10
110 5
1570 9
1262 3
1526 3
604 2
1673 3
1443 5
729 4
1258 1
725 10
349 10
1085 2
620 6
1369 8
146 7
1440 6
1001 4
1869 8
1200 2
1733 8
1469 5
1138 3
433 2
858 10
804 3
1894 5
1356 8
698 2
750 1
523 9
983 10
1215 5
581 6
1893 10
1460 9
849 5
383 6
449 10
1400 6
1102 6
1112 9
764 2
1222 10
1239 9
1608 7
795 1
1791 6
924 9
1462 5
1640 4
778 7
639 5
662 6
1130 8
150 6
1460 3
560 1
81 7
179 1
504 5
1066 3
1368 7
341 6
73 3
855 2
1698 8
1832 2
1549 5
730 6
1499 6
953 7
1970 4
230 2
1408 9
1032 3
1453 1
1681 7
274 4
556 4
1224 1
1787 8
1560 5
1589 9
1929 1
1466 10
785 10
1199 4
982 3
1446 8
1702 8
1524 3
449 1
684 8
1900 1
1837 4
1591 3
1579 10
821 1
854 3
920 7
901 10
1994 8
1208 6
1340 2
1530 3
413 1
335 7
921 2
496 6
205 4
1218 2
1343 9
1061 8
673 5
1605 10
1564 10
724 9
1141 8
363 10
1606 1
1548 9
115 4
1814 1
316 7
494 9
1111 8
1097 1
1061 7
1085 10
1858 6
474 4
1445 9
451 5
1336 3
62 3
1378 7
1290 4
208 5
1073 5
1397 10
1325 3
525 8
1156 10
1675 5
1318 10
944 6
1187 6
766 3
922 2
1042 3
1584 5
1436 2
1973 4
812 7
1519 7
174 3
269 1
553 8
66 5
302 9
1304 9
288 10
1275 4
242 8
459 1
1880 7
729 10
737 8
314 6
39 6
290 4
771 1
158 1
729 5
172 8
324 2
1356 6
1006 9
1695 1
1873 3
1441 10
264 5
1641 10
1490 4
1234 10
1127 1
834 3
778 8
521 7
829 10
532 9
827 3
1452 9
668 3
798 1
1368 9
569 1
1837 3
823 3
369 5
947 9
877 8
1959 7
718 1
743 2
860 6
1890 1
545 4
1626 10
1429 9
1024 1
1018 7
1452 10
876 5
1223 5
727 8
1756 3
891 2
7 3
624 4
824 2
43 6
1947 7
802 4
882 3
1877 3
1470 2
1733 7
1232 10
580 6
215 6
1339 8
1675 4
1710 8
1478 4
1467 7
216 5
1809 9
1459 9
1776 4
386 4
197 9
1884 9
1752 1
1300 9
757 3
801 2
706 8
1282 7
1878 4
1535 2
483 10
940 9
25 8
913 5
518 6
939 6
1386 8
1778 3
1109 5
367 1
1319 8
1954 8
302 1
1007 9
1 5
1573 6
368 7
1680 5
794 5
894 7
207 2
1495 2
1236 4
156 3
1744 5
270 6
1627 5
629 4
1528 1
784 5
461 2
1597 1
955 10
280 5
825 8
1151 4
603 2
280 6
1919 4
1760 6
173 7
639 9
348 8
4 4
178 8
211 10
1033 5
422 4
1499 8
1467 8
105 2
503 3
1643 8
1900 6
1705 10
1673 2
817 10
1400 10
1813 7
1527 2
1523 6
708 7
1893 1
133 4
409 10
984 9
735 3
769 8
651 6
1188 6
449 7
876 6
110 4
1048 6
560 7
1628 8
1020 3
865 7
1655 5
1570 10
1224 3
140 9
648 2
835 9
922 2
1725 7
1416 1
792 7
361 10
1321 1
1974 7
437 7
923 1
909 6
12 1
1406 5
1899 9
1353 8
413 6
658 4
1491 6
1759 4
618 2
761 6
261 2
1295 5
1262 6
538 2
1408 4
1764 6
1636 8
972 6
1497 7
808 2
1224 1
1773 8
329 8
602 4
1960 6
1122 7
340 5
205 5
1700 8
1109 8
1174 7
1702 1
602 7
716 9
1609 2
1351 8
1654 4
711 7
1590 9
487 5
295 3
1435 5
437 9
18 4
1145 2
843 2
573 5
495 5
501 5
610 7
1842 4
334 10
105 4
1935 10
607 5
976 2
665 10
1198 10
1320 1
176 3
1645 1
274 6
1917 1
1286 9
603 9
998 10
676 7
984 6
1168 4
528 6
242 8
953 10
1065 10
1027 8
1988 7
873 5
1475 10
950 6
1060 7
1917 6
1326 7
119 2
1992 7
852 10
1734 8
229 9
1990 3
420 10
1384 1
1395 4
1908 8
1820 10
276 5
1188 5
1350 8
1660 10
654 6
145 6
1734 10
17 2
184 1
1685 7
1620 6
1573 8
1707 3
1473 9
1513 8
1858 10
1717 4
17 4
1703 7
394 9
241 6
1032 2
339 3
843 2
1329 1
806 1
171 3
748 1
1606 5
852 8
992 5
422 6
1050 10
998 7
878 3
1728 1
656 5
46 6
927 3
1080 7
1741 4
272 8
1638 7
783 9
707 6
548 6
1821 10
484 6
429 6
1864 9
1427 3
1572 1
654 6
1789 4
61 9
556 10
1028 4
1602 9
204 10
1643 4
1108 4
351 10
989 2
314 1
1334 6
1706 4
1199 1
1312 1
1054 2
1315 9
371 5
281 6
1999 3
1525 4
1265 2
1908 3
1254 6
1366 5
558 9
15 10
1674 6
96 9
1214 2
452 3
1005 2
1634 6
1031 9
1635 6
1049 5
78 7
740 8
401 5
656 8
498 2
1756 5
463 1
1489 8
891 4
1959 7
422 7
424 10
1231 3
1990 5
1732 2
1192 2
1623 4
209 10
835 6
300 8
621 10
254 3
1204 4
890 4
1620 2
448 9
654 5
1464 9
251 5
1390 1
1493 7
890 1
984 2
239 1
273 3
781 3
1561 2
467 3
1102 4
438 3
1485 10
24 2
1269 5
1842 6
8 2
998 2
437 2
1314 6
198 8
986 2
220 10
1916 7
1705 7
1796 5
1331 7
531 4
11 10
549 5
90 1
423 5
434 3
784 7
1024 7
1310 2
967 8
462 2
1139 3
404 9
910 5
756 6
600 6
909 6
1161 8
187 7
392 2
1998 1
608 4
229 2
1121 5
683 1
1615 1
58 3
493 5
646 10
1770 6
904 1
886 2
1082 2
1906 2
839 2
289 7
138 1
1978 1
156 1
1598 6
1495 8
1461 10
678 4
1308 10
592 1
410 10
223 8
1279 9
851 4
1934 1
673 7
1913 7
1529 7
132 4
81 7
774 1
1972 5
827 10
1761 3
1232 9
1219 2
164 9
446 7
428 1
1706 10
934 3
73 8
1673 4
249 4
422 3
1204 9
822 4
1797 6
1195 3
1200 7
137 9
1040 10
1124 6
735 10
447 2
1835 5
1717 3
476 5
452 3
1252 8
46 9
1087 9
214 5
297 2
569 8
926 6
1515 1
233 4
853 6
1647 4
510 9
13 9
149 8
117 7
808 3
1485 10
23 7
1178 6
1151 2
581 10
247 9
545 6
1477 9
864 8
1467 1
1314 4
138 4
755 4
1409 1
1265 6
289 4
377 4
810 7
892 2
1357 3
1772 4
1700 7
903 7
938 7
1552 3
387 2
805 6
1549 1
52 5
904 6
96 5
983 2
1726 3
101 8
1029 2
859 4
569 8
287 8
724 4
1575 3
733 7
757 1
229 9
1064 1
1550 8
589 7
1613 6
1286 5
57 4
1348 1
681 4
1860 6
318 8
14 9
0 9
529 6
880 8
334 1
1036 2
1811 9
1150 6
1980 1
1111 4
1902 10
499 2
208 1
1913 3
170 6
1694 1
1745 2
207 3
298 9
151 3
349 10
898 1
1261 1
944 8
306 6
1309 9
1375 4
1627 4
62 10
103 5
1101 3
1056 3
1951 9
106 2
552 7
548 7
670 3
820 7
1849 4
1147 9
1071 7
141 10
47 3
1175 5
1563 9
1955 8
1702 2
634 2
456 7
1855 4
847 7
2000
1744 18
1537 12
331 13
355 26
770 35
130 5
1162 28
1670 34
884 12
705 4
9 20
1862 13
309 13
1143 13
1579 16
424 23
1174 15
1709 14
1126 1
506 31
1560 28
726 3
1110 15
785 25
1315 13
753 2
1242 13
839 22
985 26
279 13
1411 1
1992 28
1721 21
1651 23
973 35
352 14
153 29
613 4
1675 17
160 25
309 8
653 34
1430 9
1782 25
1428 16
25 1
364 31
544 28
1096 30
902 18
745 27
358 8
1822 7
428 7
370 3
980 28
486 10
906 5
1684 20
1820 2
1685 15
901 1
1248 22
1753 3
330 4
356 1
306 25
1404 5
521 26
565 20
1777 34
1994 2
810 21
1715 34
58 8
1210 14
1896 26
14 6
258 27
1369 11
1019 27
1118 13
1975 26
1930 5
1597 4
1262 15
73 13
1652 21
541 8
104 1
1597 29
1403 15
1032 33
1746 11
834 26
1493 16
604 5
7 21
1094 3
655 25
15 20
508 24
1426 7
2 14
1915 17
1672 2
872 24
251 19
1413 12
1321 25
1605 29
1971 15
1332 27
965 1
337 29
1951 10
453 13
615 29
6 31
693 7
104 21
1380 25
1468 1
673 2
839 6
1505 25
1407 31
1828 3
1454 5
1711 3
1545 28
974 18
799 25
235 25
1415 4
1786 1
815 20
436 28
745 3
1968 21
683 5
803 15
626 3
721 21
1110 25
866 26
490 6
1622 4
545 25
74 8
1958 3
1306 31
1822 12
1736 13
1250 13
1801 22
1902 2
1150 5
606 18
225 25
1620 5
562 16
1968 30
300 34
1184 9
1988 32
1701 10
814 29
890 20
888 7
37 29
1044 1
1825 35
1422 28
927 25
178 18
1174 11
315 2
508 35
207 23
1342 33
928 14
780 16
1169 17
1031 17
352 33
606 33
1302 11
1400 29
1682 17
403 4
1088 23
1973 10
1966 17
1302 35
391 23
526 27
655 13
612 26
534 17
1885 20
1091 32
703 31
318 34
1507 21
309 12
219 25
1980 22
157 24
1587 14
873 3
333 28
739 27
445 22
1999 1
287 31
1027 7
1149 31
1938 17
658 14
1618 9
1008 2
223 17
453 33
872 17
1429 21
671 31
888 32
159 14
1218 8
1027 2
1026 8
1827 34
37 6
831 21
1249 20
1466 21
531 8
1712 34
450 5
771 24
1936 2
1189 32
1894 13
1237 4
1784 32
759 29
328 13
706 3
1739 11
1682 24
817 27
192 5
1701 5
984 12
267 33
37 34
253 24
1127 17
567 14
1715 21
861 28
681 20
1387 1
216 2
1305 10
995 15
1432 29
1610 15
505 14
633 30
493 33
575 19
528 7
648 11
1653 32
1562 9
1642 3
230 19
1336 14
1783 2
1123 5
16 4
1461 29
1568 31
418 7
843 14
1959 31
907 17
331 20
1886 3
219 27
1899 14
1408 28
653 29
1069 24
12 5
224 11
17 13
528 2
133 5
1981 25
1207 33
369 30
1770 23
1160 4
1239 2
1527 7
1340 15
1130 24
700 13
799 14
855 35
1087 5
1394 14
1906 26
1907 29
816 8
1553 16
1412 22
586 12
455 9
485 18
1650 9
1364 11
429 16
930 19
176 26
127 23
1489 3
618 9
651 18
1739 14
931 23
389 12
1007 6
1171 28
1724 22
1539 30
288 25
962 5
758 1
1059 26
1205 11
155 10
1477 25
1953 32
738 9
1594 24
1655 3
1144 30
360 11
1034 31
1128 35
532 24
45 1
418 18
1713 15
1018 8
1675 20
1695 26
841 5
1012 30
1635 24
1004 18
995 33
1615 5
684 14
1098 2
1030 1
890 2
1347 21
1816 12
76 18
455 32
770 30
821 24
1267 30
39 21
1011 10
537 13
555 35
115 26
1760 11
1411 19
845 33
1384 20
220 30
519 3
238 17
10 22
155 12
1838 25
562 4
542 16
1406 1
231 8
1604 18
1434 13
1920 20
1988 5
1025 10
48 14
507 33
813 4
1274 2
1699 16
1155 9
192 17
877 9
857 31
430 11
1342 2
411 13
1227 11
1600 15
856 7
1001 14
1278 13
311 33
783 6
1448 31
651 22
62 7
1168 24
279 34
1767 29
307 25
863 10
128 32
628 12
660 35
1157 15
575 13
1765 25
562 10
1961 28
537 14
26 20
126 24
863 14
1322 17
135 5
1009 1
991 27
1912 21
949 16
1679 23
301 17
656 3
194 30
374 16
1347 28
493 14
575 28
518 2
211 15
526 33
1637 6
589 28
1973 11
267 34
1337 29
1834 29
1568 8
1306 29
541 19
1474 1
347 10
1324 30
733 30
1708 29
1004 22
1399 21
210 30
761 22
926 31
406 2
1573 10
383 33
1495 4
60 8
160 26
1562 11
1383 10
1961 24
330 34
330 21
732 29
1201 27
1667 6
1215 20
945 28
100 28
1331 21
351 6
967 17
378 16
987 14
1580 24
1052 25
1304 25
1897 33
1857 2
856 12
318 33
1966 10
1143 35
1488 20
1043 13
624 7
492 23
259 20
1821 12
1457 3
473 29
1575 24
1439 2
1457 10
1635 15
842 27
359 19
1155 21
1933 7
1361 20
1429 17
1967 9
1283 8
478 10
334 7
1431 28
599 28
1494 29
1374 19
227 17
142 21
1889 15
1767 2
489 10
1914 17
1597 30
1246 2
1415 20
1898 20
910 18
1021 13
414 18
436 25
318 26
1190 34
1533 3
853 6
428 34
328 10
370 9
762 3
1785 27
1247 12
1008 32
1563 26
513 13
1347 23
1965 22
1585 20
1117 35
365 31
540 3
539 25
1456 25
1455 28
1192 33
1360 34
246 33
1571 14
1076 35
36 34
1522 7
1838 20
54 29
714 30
765 23
475 9
1997 11
80 23
230 1
1987 7
796 30
400 18
1338 12
366 28
1665 5
1741 14
63 24
1342 6
1175 27
1533 28
1524 15
1065 16
749 35
1502 16
350 32
1780 17
307 29
1867 26
1890 9
707 34
1747 1
1064 4
1657 5
745 12
1041 33
789 33
910 16
131 3
509 27
10 18
1684 4
1951 23
1032 18
1555 12
1619 17
309 27
546 9
590 12
1812 25
1854 22
709 25
1684 17
806 32
1275 18
1388 3
1404 4
315 25
67 14
1358 27
281 22
286 21
938 15
334 19
1003 27
1820 7
898 28
64 14
481 6
734 35
342 19
1265 26
1836 14
1144 26
555 25
781 5
674 31
1056 18
1131 12
1626 8
187 16
1678 3
1797 35
1410 11
82 21
246 27
1756 17
508 5
389 5
746 12
1678 13
1664 4
1727 7
1228 24
74 26
164 4
1692 31
1275 1
1935 6
1601 10
1425 13
905 21
587 4
914 30
315 27
1499 22
748 23
1047 33
1862 17
194 19
81 20
1627 32
1564 31
251 13
410 17
326 35
912 34
957 33
244 16
1122 2
154 27
1621 15
445 15
1325 29
1127 34
1784 5
1985 1
415 31
1136 9
412 21
1154 12
533 5
335 6
921 35
519 28
1282 15
771 34
963 13
1229 11
575 1
919 26
568 33
542 4
1272 9
331 26
1888 30
823 13
1897 3
1785 30
600 31
1375 29
265 34
559 3
730 18
1077 21
393 24
757 24
1018 17
447 23
103 14
477 30
767 23
685 32
1382 17
583 18
722 27
1759 31
1412 2
736 34
569 3
36 23
1070 28
501 4
328 5
449 32
682 4
1673 24
1684 2
850 27
935 31
1631 13
960 8
563 14
809 10
907 22
995 2
149 31
1223 27
1612 34
1720 9
1824 11
927 22
1553 21
1563 32
288 22
1296 25
235 13
1678 35
1543 17
515 3
1769 35
1109 17
1397 24
1921 23
969 24
1145 8
1300 35
800 2
1870 14
1279 8
36 28
1563 30
1776 11
1832 12
48 34
990 1
634 9
1811 16
2000 10
1434 22
1015 20
874 20
961 24
1468 10
97 1
1542 23
1912 21
1056 23
1087 11
1762 12
1443 35
1599 33
1721 30
1897 17
497 6
1256 22
345 28
5 25
14 14
1304 12
1260 3
33 35
465 13
1496 28
234 25
351 5
1175 32
525 8
804 3
55 29
252 4
473 11
1615 34
105 22
374 28
657 27
1082 6
1704 28
878 2
1022 32
673 22
1555 14
1346 5
454 30
1950 21
1009 9
772 8
680 22
719 35
207 26
1870 2
1509 11
1847 24
358 5
312 1
25 17
1607 1
1429 11
1971 16
371 20
24 2
695 31
660 9
1141 26
1760 2
1422 16
529 19
1141 16
1763 16
1211 11
1716 3
725 16
793 13
1313 14
183 1
1703 34
1364 30
428 12
63 28
1239 22
52 2
1753 28
1352 20
517 25
794 30
102 7
161 17
1800 3
1321 8
1373 33
1410 22
1034 7
130 5
1486 22
1915 13
202 25
1284 4
1807 8
1289 6
563 1
32 5
1377 18
60 18
1455 30
998 23
761 4
1764 19
1551 28
553 7
1484 11
1944 10
399 30
403 7
482 4
1695 18
634 9
1239 10
1380 26
377 14
77 9
1782 28
1772 18
623 21
1200 35
767 25
505 21
1670 14
1617 34
332 11
229 6
807 27
1476 21
806 10
958 8
570 7
850 22
1627 13
649 14
378 34
1008 9
551 27
254 12
1530 28
1359 15
1114 4
404 33
242 27
1011 26
1467 16
1140 10
959 17
643 21
723 26
1268 29
369 26
551 19
1670 30
889 7
623 21
918 30
151 34
195 6
280 31
1238 21
290 13
1071 20
764 25
531 32
1176 19
38 35
1801 23
613 19
253 23
922 4
1309 34
1535 15
1084 20
1128 29
141 18
425 31
1481 21
738 16
276 3
10 9
1963 25
772 24
282 14
1612 31
1388 13
966 1
76 26
344 30
1913 1
1909 35
1894 3
521 11
1004 17
1922 14
675 27
381 9
472 25
1622 11
1981 19
1764 25
1606 22
501 9
1471 30
573 6
1202 1
1228 22
1912 32
1460 24
1032 17
1716 23
160 23
1524 6
357 28
761 2
1844 19
1712 31
1798 4
560 28
165 21
736 3
1950 10
1125 2
1316 4
1226 26
1241 17
176 6
1323 31
703 25
777 6
994 9
81 22
1760 27
368 7
1061 10
1579 21
1465 25
932 29
902 7
175 35
870 6
1546 2
683 33
496 5
985 6
1617 3
1069 2
1897 20
5 2
648 13
1223 30
646 20
191 2
243 26
1003 6
1283 11
1152 27
1648 27
211 20
54 7
1575 30
1677 24
1398 3
984 15
760 9
865 32
1511 26
1733 14
133 21
1048 17
246 16
943 13
1923 1
747 19
30 17
1827 24
459 27
720 29
77 33
114 24
1889 9
349 21
38 1
1 8
1609 19
657 11
1763 29
1239 30
269 19
215 35
1129 3
126 30
1043 18
852 8
1173 27
751 31
182 32
1928 10
88 12
1591 18
513 6
866 34
624 8
887 15
823 21
1998 12
375 11
1044 17
1705 22
1053 28
1508 14
72 29
719 4
1319 7
1665 21
87 20
282 26
1701 30
1104 35
758 15
426 17
817 21
1562 32
1598 21
1277 35
1744 21
162 27
77 30
1985 10
1554 25
770 16
1391 25
1742 34
1490 28
342 2
691 9
567 13
1331 5
1704 8
58 30
1180 22
342 7
551 7
687 29
250 24
1952 12
1218 28
670 26
1062 29
1341 26
230 3
1048 10
347 22
945 29
309 32
411 14
566 30
1229 5
1157 10
1694 28
374 12
518 23
952 26
1817 27
1737 10
1679 6
943 22
101 30
1653 21
87 34
836 6
366 15
638 13
1801 2
3 14
1317 1
1619 24
1435 33
1965 15
992 13
1064 17
83 5
392 3
1942 9
1208 9
111 18
788 9
1676 11
245 10
714 15
1932 4
1571 3
344 24
1483 26
40 14
1794 15
1446 3
1255 14
586 8
127 34
406 18
795 26
413 27
1051 15
1425 17
1802 31
1814 13
1759 32
1136 11
1335 22
1867 1
130 29
496 4
175 24
12 16
1703 22
1821 10
1936 23
799 20
786 28
1178 15
742 31
576 7
540 11
1633 2
1227 24
338 29
786 15
470 7
808 11
1510 26
804 33
995 30
598 33
1266 20
772 18
1768 7
1671 34
1208 3
527 24
1502 5
1997 31
1653 31
797 20
1763 6
1341 11
631 33
1090 20
1075 32
1257 13
1387 30
147 25
737 8
1773 33
1726 10
392 5
303 16
1098 32
1216 11
592 23
416 20
218 24
406 21
615 14
1914 11
349 24
1201 25
171 6
85 30
1700 17
1232 23
81 10
1329 2
227 20
1557 17
520 13
478 22
396 5
712 16
931 10
1081 15
1931 26
1971 18
1191 32
1679 33
205 31
1411 15
1283 4
409 23
1574 16
1206 9
1131 22
491 30
1176 11
528 22
970 16
1498 25
352 23
1459 24
243 28
1395 35
769 24
696 14
1481 27
1141 13
891 19
873 35
31 31
498 30
1751 24
457 30
888 35
1699 21
41 9
722 20
1245 30
1703 20
1359 33
1051 11
1070 20
552 15
924 31
216 20
1015 17
92 21
35 3
628 30
1384 2
1187 32
1286 2
999 20
170 18
1737 14
1584 35
939 1
1675 35
1038 11
1322 24
1208 7
1978 1
1018 31
1756 3
186 4
61 3
1730 23
1996 2
663 28
1264 11
1685 32
691 9
956 8
893 5
1693 21
1637 27
1779 22
437 18
82 25
501 2
1 35
687 10
587 25
1390 11
1356 10
805 23
1523 18
1979 8
1820 11
1506 16
421 18
1231 32
639 35
1924 30
1864 27
275 17
320 14
363 10
1456 5
1127 1
585 2
36 31
1961 3
1930 11
1175 25
280 12
1177 29
354 1
745 31
464 2
772 1
1394 9
1069 4
464 33
981 27
34 33
882 13
182 15
323 5
1152 16
1547 9
1052 10
368 24
1235 11
775 22
56 20
444 31
810 31
617 32
1943 13
1254 31
1823 27
1014 17
1318 14
90 2
473 31
1184 27
1604 11
315 23
254 30
904 19
1071 3
1260 2
940 9
1955 14
727 13
1035 28
1604 3
1960 4
1411 7
1619 3
1538 27
639 34
872 4
1292 25
1893 31
1271 21
1696 35
956 18
158 28
1700 16
1353 15
313 27
944 29
1161 33
827 33
759 32
691 3
1930 11
1079 35
371 28
1330 21
762 13
694 16
1842 19
204 20
1808 34
1953 34
270 32
751 18
859 25
1429 11
1600 13
1241 23
715 14
1506 15
187 11
153 22
1956 2
999 2
1318 10
430 35
1008 32
338 1
902 15
1210 12
694 2
806 26
294 3
834 16
353 19
633 13
884 25
236 11
1106 22
342 19
101 27
1623 25
252 34
270 9
190 14
1888 33
1984 25
1682 17
391 20
1016 26
1246 24
687 19
239 10
569 1
449 26
826 34
1300 27
1246 9
354 26
8 10
1180 13
1331 5
73 11
1556 26
248 35
1187 24
33 24
1080 2
1343 22
859 24
1032 18
232 35
1457 9
1237 32
1523 29
1200 30
1499 22
970 2
1097 2
299 18
679 15
177 22
735 29
46 3
722 7
638 35
314 18
1762 32
1509 30
195 32
1124 7
90 17
1154 34
87 11
1220 20
411 13
492 10
1930 1
480 25
144 23
870 17
30 2
1833 22
25 6
1307 17
773 22
1877 34
565 32
794 7
7 25
674 11
503 33
547 12
1888 26
302 18
1591 34
989 6
1214 33
346 2
368 29
590 33
88 3
1544 18
1955 12
865 17
436 20
885 25
138 11
1403 7
291 24
1470 16
1242 24
1395 17
1684 33
1080 14
1798 30
1671 1
1861 24
86 6
779 2
351 11
1032 8
430 21
535 15
426 21
1230 12
213 26
1249 35
1468 17
27 3
1546 35
1796 13
140 33
1820 17
1673 6
1803 29
1426 10
169 6
1914 13
1683 7
1137 9
116 6
881 15
349 33
1551 31
21 15
5 27
64 6
685 8
1308 22
895 15
1348 19
460 6
497 15
1817 19
1930 20
867 25
1700 29
847 18
5 26
362 24
787 7
68 29
977 22
251 26
1560 7
405 22
1342 17
473 13
271 12
1933 7
124 5
233 3
1853 26
1387 27
250 20
219 5
1394 3
309 17
876 35
1973 33
1902 26
102 31
1481 27
1572 8
20 29
844 24
1814 24
390 32
1888 18
1972 31
484 33
304 14
1238 20
551 11
1159 16
12 30
447 20
1595 29
898 18
1159 12
1397 10
1144 1
33 18
673 1
194 2
960 27
1511 4
1450 1
1109 13
1156 4
1209 2
749 4
373 34
1843 21
461 16
469 11
1035 22
1141 4
1551 13
452 13
1781 2
1947 22
748 14
339 28
1860 13
154 14
180 32
403 3
1441 17
773 14
587 10
1799 12
6 31
587 34
1814 18
1278 25
1934 30
418 33
1566 5
1918 2
1844 19
1139 17
725 27
1128 35
673 21
160 18
1946 4
975 5
390 4
1943 18
246 23
1528 23
1614 28
1045 32
666 14
279 10
133 6
569 24
553 11
313 34
1223 34
1838 23
24 11
553 27
820 7
1047 34
1979 31
1653 5
991 10
564 32
105 12
198 3
111 6
1449 7
988 24
1524 22
1903 15
1196 3
774 23
150 15
662 24
1078 9
1617 19
562 3
1115 34
630 9
968 16
427 22
672 10
981 10
1039 15
1688 3
592 13
427 32
809 34
1375 24
976 12
932 15
994 33
423 13
1346 7
1618 4
961 25
1828 6
1778 35
344 27
228 2
1566 10
711 7
1841 5
36 30
771 3
22 33
1002 29
99 5
1595 8
1247 2
294 24
1401 1
994 2
1102 24
1031 8
404 27
797 32
569 7
1896 9
1272 4
8 1
790 18
1354 11
1638 35
1670 33
687 2
642 26
1005 35
608 21
1701 11
1032 1
1482 13
812 34
262 21
1279 18
1231 29
203 34
1759 9
1163 6
1120 27
928 1
1886 6
1311 7
118 4
1828 19
1635 24
690 3
213 31
1073 26
1920 16
1102 15
74 6
1313 12
1878 15
1491 12
1485 15
804 2
1340 30
1178 25
908 3
71 17
1246 35
700 31
1942 17
1108 7
868 11
550 10
975 2
1062 5
1740 13
1195 22
593 7
505 5
1675 13
857 29
193 5
928 11
852 11
1925 20
218 19
1723 8
1282 3
1858 23
270 28
1259 3
596 35
1597 14
1379 32
409 18
1061 14
14 26
1276 1
1834 15
287 20
364 5
134 30
1090 29
163 15
1417 16
1802 24
1309 31
1389 2
275 25
1069 30
145 21
478 15
815 11
1931 16
1909 34
851 12
678 10
782 13
1308 28
1186 20
871 34
441 11
1548 33
450 3
756 15
1091 12
1560 6
1309 13
1722 27
988 7
798 27
881 26
15 29
1309 22
104 12
1663 26
1751 31
1195 5
645 11
1399 3
1217 9
1583 6
677 10
511 11
1532 10
919 18
260 11
1653 30
1453 28
616 3
391 12
1564 24
454 35
859 23
32 22
979 28
547 34
176 12
1267 4
1388 21
1835 33
190 2
651 13
1092 17
282 21
1960 10
234 31
1781 14
1292 3
1069 7
486 20
891 29
1773 17
1138 22
1567 13
1440 17
960 4
1462 12
1249 11
1823 28
1618 21
1260 19
742 26
1275 18
991 14
1250 27
854 20
1007 2
735 26
527 9
1273 28
607 25
1934 4
786 14
187 9
1957 32
1436 27
117 22
81 13
1814 1
1467 10
437 33
1397 17
1841 35
1299 32
1288 16
707 17
1410 30
865 33
250 1
571 32
250 32
480 8
664 17
594 4
1844 34
1465 4
785 23
1971 11
613 26
14 30
537 11
222 31
1500 3
969 12
507 18
109 20
1652 2
955 18
947 26
753 29
1175 24
32 15
555 25
1168 15
164 32
2000
363 47
633 46
1065 9
1949 24
842 41
1695 38
176 5
1944 46
519 1
1095 33
360 43
458 47
537 9
1908 25
493 47
807 7
1112 28
320 40
467 32
308 21
597 13
466 40
897 16
1003 22
1224 16
1198 42
658 34
1229 39
926 11
267 39
1988 14
853 5
1225 39
771 35
608 22
1498 19
774 14
1836 5
765 31
801 20
1978 3
1372 12
1757 10
709 6
1620 25
258 11
1850 27
1700 1
1384 7
717 17
1249 11
1946 13
1350 37
1702 50
1449 28
279 29
219 27
1560 29
344 20
677 3
500 49
643 2
637 40
1941 2
1457 10
1371 17
512 19
428 2
1758 3
1469 12
869 37
1195 40
874 30
995 15
1065 14
1696 45
950 23
1242 32
1515 35
1469 17
543 19
439 16
1095 6
287 3
13 34
846 21
131 1
908 32
1141 15
71 35
1418 21
1958 7
723 50
24 45
44 22
1976 19
889 24
869 25
993 46
1743 40
1595 43
384 6
631 7
436 42
857 45
1350 38
607 28
107 4
1061 24
1840 29
1450 34
1239 3
34 40
558 47
1 22
960 6
723 34
1728 14
165 30
1539 50
1773 45
989 3
1825 3
984 47
1660 16
1162 9
1859 47
5 33
1153 17
1452 21
970 5
198 17
175 41
178 49
1862 6
472 49
1755 40
362 14
1721 19
1084 17
858 34
687 32
43 11
1754 15
547 42
1554 44
955 30
434 43
816 40
1686 37
664 9
292 1
1513 12
1820 4
1773 28
1818 40
1093 11
1307 29
1850 18
575 11
717 9
1167 17
1990 27
519 19
950 19
1537 10
187 5
304 42
1986 49
12 17
168 8
1917 13
945 35
15 43
335 48
1976 32
1635 25
1894 15
1235 27
1624 3
1979 4
35 26
1055 33
478 50
1681 3
939 39
462 10
750 23
1811 29
445 50
1444 2
582 28
1331 11
185 17
314 13
1874 26
541 1
1960 39
1017 36
1855 22
26 9
1776 37
1896 50
1871 34
1689 20
350 39
1280 47
955 22
1795 42
1777 34
972 49
389 21
828 49
843 48
1895 41
114 2
1457 11
1279 21
1290 3
1273 16
1698 36
615 50
1446 47
464 40
815 14
940 30
733 25
668 48
1925 28
274 43
105 2
433 9
1636 43
812 47
169 11
1977 36
1188 37
25 24
244 25
955 11
1343 15
1093 6
569 46
328 37
588 21
478 1
18 31
520 11
1360 18
153 27
786 40
0 7
1441 28
255 24
486 2
555 6
1974 43
358 22
1919 3
685 5
1145 10
92 20
238 16
323 31
282 36
482 39
567 25
1197 43
810 15
506 43
1715 3
1507 38
1386 13
1773 23
181 48
1132 7
159 17
872 32
1114 23
670 20
216 32
1134 34
1288 25
1370 22
725 16
930 15
1098 50
382 31
480 19
1095 12
91 10
1213 26
1756 47
1944 13
211 15
1539 44
1256 41
1333 9
1410 9
839 36
1073 3
1552 39
822 3
54 19
1789 42
1917 2
720 18
479 32
151 32
1287 27
398 2
1547 42
1712 33
1758 24
892 6
203 25
834 47
859 22
56 17
822 15
1624 38
1882 14
389 39
941 6
1120 36
1456 30
1159 26
1910 42
765 39
281 35
1936 25
721 6
80 44
1878 41
43 17
1014 50
1191 25
707 30
1760 44
1695 33
701 9
546 18
473 11
1508 26
1107 14
1186 8
1421 7
980 45
175 19
868 18
611 21
673 10
1936 26
1891 29
1277 4
1030 21
902 10
367 3
570 30
1334 15
1442 44
1716 8
624 48
46 48
936 36
482 35
172 13
1971 16
1446 14
1434 39
1792 50
1819 40
615 26
573 14
1928 33
1420 27
1348 3
1673 36
1582 48
427 20
1275 44
350 9
1844 32
1952 43
1569 30
1059 13
845 26
1753 35
1418 7
278 6
1012 24
1739 11
742 26
90 9
885 27
1097 8
623 19
467 32
527 40
657 10
792 42
364 6
115 39
952 26
1608 26
1193 42
667 14
1392 31
16 31
1688 3
829 46
1584 9
371 36
1024 46
337 23
429 28
1070 15
971 46
771 17
1899 17
1958 43
1485 30
1324 47
1966 19
1503 16
1152 21
1760 20
276 28
1866 49
1034 44
861 34
1909 21
1850 47
1211 38
541 18
1824 12
444 48
1352 1
1073 47
816 12
733 6
916 23
1012 46
792 15
781 42
538 21
537 16
1075 42
892 28
1794 12
1683 12
1012 13
1338 26
881 31
1218 2
1679 31
730 26
1658 37
1112 24
1927 31
1797 14
860 6
1375 46
1492 3
1047 15
923 33
45 6
1548 26
276 16
1479 38
233 46
1046 18
763 9
729 13
205 15
1147 24
1406 3
1428 32
1431 22
1966 38
1891 11
1682 37
444 36
1096 39
1945 26
149 5
1832 3
1336 27
940 37
1784 45
678 48
1006 8
1326 35
1101 12
648 41
1296 48
1949 4
331 26
908 41
487 28
1289 42
1914 18
1374 10
617 41
1396 40
612 50
980 4
1984 40
1855 10
1916 20
1765 36
307 28
149 25
1442 15
1722 3
802 49
1089 24
1489 1
740 41
418 28
1174 28
661 37
492 3
1819 5
959 4
807 22
753 38
1517 14
746 31
1664 30
18 8
1959 41
1916 33
812 13
1604 28
1529 2
485 31
1745 17
1897 42
1358 20
1523 39
989 8
1130 4
113 12
659 45
890 8
1129 20
1692 2
1560 30
786 12
473 2
215 39
578 39
986 7
1702 3
1280 4
717 48
858 34
1058 43
1680 36
1983 3
1038 10
662 32
743 41
1754 16
1984 14
73 45
1412 48
703 43
1855 20
263 38
146 3
1176 18
1329 43
1051 39
154 30
1799 16
584 38
1607 9
1599 27
1761 25
958 38
1721 35
1897 22
479 13
805 3
1891 31
457 17
795 7
428 21
60 24
1037 22
563 45
1718 49
767 1
1715 30
1406 4
808 30
1370 13
192 26
1068 43
554 3
1677 40
786 6
741 21
1931 40
51 10
31 18
507 31
1379 45
767 37
731 45
811 29
1118 50
534 22
490 14
109 33
590 20
1115 44
1995 30
201 39
1571 30
849 31
47 3
769 2
1445 41
1682 7
610 40
1360 35
220 44
1830 44
33 1
696 41
698 32
1169 10
754 27
1282 12
55 18
149 9
317 7
328 48
427 43
1624 27
968 25
1701 36
1085 1
127 1
959 1
957 49
1043 12
1088 31
1676 10
717 1
1978 45
1089 28
865 49
1962 23
166 44
134 8
1735 9
435 11
290 14
620 41
276 2
1158 44
926 38
1516 8
1286 33
1348 2
171 49
1637 47
74 22
495 32
1080 1
148 11
1403 7
725 18
1976 28
37 6
275 9
541 50
1180 45
1669 31
1938 2
1783 23
330 23
412 47
1431 8
495 32
184 1
335 1
1366 50
869 16
564 28
1270 50
1965 48
513 4
873 10
585 40
715 1
175 37
974 45
1827 22
9 16
1606 24
440 23
1885 30
1046 36
792 44
944 39
420 6
1937 48
1053 29
772 13
1873 15
1846 19
317 21
320 14
509 50
1700 49
1140 4
230 20
301 13
1261 43
37 6
1449 30
613 43
1341 47
558 38
741 3
901 8
114 35
812 18
1569 30
1711 25
420 32
626 33
854 34
1035 10
694 9
1725 45
924 27
1168 14
349 32
446 25
57 35
1787 23
1840 15
43 22
1819 50
676 29
1375 13
1202 2
1619 41
1712 32
961 47
1228 30
172 11
631 21
1690 49
1945 40
659 10
518 31
1377 48
1768 19
90 42
1247 42
23 14
178 26
140 20
711 48
1543 48
1433 15
971 2
1195 9
1685 36
1052 2
1658 35
371 40
1345 37
390 12
509 41
911 15
1522 27
857 45
1432 13
1325 11
1316 50
424 26
469 5
829 17
1054 17
1595 46
416 38
264 25
327 13
1256 33
1421 8
255 20
694 15
278 13
940 42
1231 10
45 40
392 10
964 31
1005 47
540 26
1587 10
79 35
928 39
1609 11
1024 26
892 46
1021 7
843 36
1258 1
1285 5
1065 40
1898 24
1413 48
407 38
248 36
1300 27
1069 39
1941 6
199 26
1847 47
1641 18
1652 39
1274 9
1222 40
1215 11
1055 34
1854 23
244 4
1607 8
1858 20
1024 12
1357 8
925 2
1044 6
738 14
379 16
1895 41
110 1
1115 30
446 45
1652 3
266 36
26 26
1778 10
536 20
362 31
1232 40
809 50
692 17
1699 18
1991 16
1295 33
1884 49
1510 18
1070 34
941 50
1651 26
926 14
5 13
1994 50
865 42
201 44
795 8
792 20
1457 32
1800 25
527 31
1393 48
620 43
580 48
219 43
332 38
585 19
1328 50
1603 43
996 49
533 42
14 19
1062 39
434 43
165 25
388 32
871 30
1417 27
1934 9
1155 49
1181 20
41 20
961 9
156 12
821 31
1748 12
87 34
1809 50
1533 9
407 21
53 25
143 26
433 29
438 15
1084 19
668 4
991 42
1434 48
1851 25
1027 40
1712 2
388 42
1169 27
1464 43
788 40
1800 48
104 17
255 24
1749 12
631 5
693 23
1576 31
1468 46
1355 31
854 30
1388 17
1007 31
261 48
1416 7
1340 35
1180 6
873 19
81 40
797 4
119 19
822 34
1017 27
1784 25
557 35
707 36
461 27
963 1
1156 46
28 38
1184 14
669 42
1383 14
1147 42
1441 20
1071 35
383 2
1326 36
717 18
1620 4
1914 48
1571 35
1705 29
1047 10
1227 26
1576 30
174 24
767 31
976 33
1899 37
985 30
1450 27
320 39
264 15
289 4
1158 45
1232 50
1335 11
1307 41
1771 39
257 43
641 48
1674 10
1805 27
1798 33
1192 42
1116 22
453 50
891 1
1108 35
307 14
1054 9
1295 1
915 27
1928 43
1607 44
1816 5
490 46
1627 14
1621 35
1376 37
1209 16
1258 46
93 39
869 17
1274 9
296 31
1309 14
648 33
1639 23
42 13
1627 21
1732 4
1623 32
1307 7
1156 16
1511 5
1735 1
1067 48
368 18
1505 2
1281 17
1176 14
1824 32
1324 24
1071 48
1648 18
1985 34
379 44
1662 8
1970 2
1968 16
951 36
146 18
1574 14
1787 44
942 10
768 3
831 6
371 25
237 50
305 12
168 38
70 4
1964 10
934 9
53 49
1379 26
1576 20
1987 8
883 17
1161 7
901 30
727 43
260 5
1545 9
162 39
1671 4
188 38
1490 5
1867 39
271 25
1033 11
1886 15
1385 33
1670 22
1042 24
1932 47
695 31
933 42
1885 25
1827 48
1341 21
1885 27
149 31
636 9
1750 22
132 36
1704 2
1615 9
479 3
1416 17
1128 48
1510 26
927 31
27 15
763 34
268 22
236 32
1761 20
794 44
1320 34
1310 38
140 32
320 19
1331 43
113 43
1659 11
115 4
172 4
1399 49
1846 48
273 37
1234 10
1674 13
1994 25
1169 8
507 22
1477 30
1448 22
578 9
1583 8
1325 27
1324 20
604 16
272 4
71 25
1789 10
230 40
1585 25
1572 15
917 9
1970 38
968 2
471 34
1596 45
1839 32
503 40
173 32
1946 33
1620 1
146 32
407 12
1459 9
432 36
1021 12
1031 40
383 2
668 38
465 4
1077 3
1537 9
659 9
1572 35
869 13
1107 21
1289 24
1530 15
1281 42
214 36
1797 30
1586 30
933 21
951 22
1157 49
1144 6
1520 45
1395 34
640 5
274 40
406 31
1724 47
1631 23
675 29
673 20
754 24
1462 5
605 10
1792 24
191 12
873 17
332 30
1583 47
6 2
91 12
345 43
446 8
1759 6
664 31
1024 28
1157 42
862 48
868 42
1378 3
711 30
817 41
1122 38
584 45
1199 47
58 2
1148 42
1438 14
509 15
691 22
355 4
936 37
804 29
68 46
1211 43
152 47
1507 5
760 15
1712 50
1849 2
181 47
1416 36
562 43
950 30
332 37
438 37
1484 4
202 17
195 16
156 25
425 12
1756 13
53 6
38 25
958 19
692 12
1914 3
779 29
553 37
1103 14
259 6
169 46
1414 31
372 22
1547 42
105 31
1816 25
1240 23
997 2
365 40
327 42
962 13
474 10
1705 39
1416 8
555 34
894 1
718 31
1487 10
509 21
571 45
840 14
1466 30
400 30
1684 7
741 26
639 7
1197 11
764 29
367 38
1775 32
1500 50
1220 13
820 17
658 48
1732 23
27 38
307 36
903 22
1069 28
721 32
1171 50
362 35
1262 2
62 23
403 32
1630 30
1328 24
1486 1
1904 36
1276 1
227 12
669 29
1893 35
226 38
1809 17
1594 32
173 44
1707 30
1195 27
1570 48
1969 30
1572 13
1065 43
462 12
531 33
1899 28
1494 41
517 14
1692 1
1757 9
1620 29
1498 40
1043 24
628 23
708 30
88 32
87 14
43 34
528 35
1146 19
416 45
528 47
289 21
324 28
306 43
1326 27
1155 43
1796 21
230 4
185 40
1519 5
1211 5
1275 19
536 2
1017 25
841 3
844 45
956 33
1787 13
869 39
1803 40
920 17
850 49
377 21
1951 37
8 41
1740 36
171 30
232 36
55 15
329 49
679 34
1840 3
422 11
553 12
1729 1
1173 3
633 37
649 8
589 28
1329 12
1257 35
1271 17
1089 49
1762 17
1568 8
477 35
572 45
1691 17
555 21
28 47
328 47
1777 16
1999 11
1642 34
1414 3
1230 44
358 31
1052 46
595 3
1925 21
1592 35
1126 41
755 6
946 14
224 6
573 3
566 18
55 18
1294 14
805 50
1658 21
1578 35
1070 7
1526 10
1515 4
348 48
1251 4
1551 49
1641 14
437 23
1939 2
1681 2
175 35
394 20
1632 44
185 17
150 3
876 23
1162 24
1769 4
1526 28
295 15
153 35
718 24
412 5
1317 37
437 16
1550 5
1311 49
355 39
1627 2
981 37
1783 31
1193 28
533 41
1044 46
1416 45
1207 32
1678 9
1262 27
1114 50
510 7
1229 36
154 29
1439 40
1197 10
1641 44
741 40
1726 19
1347 16
780 41
632 5
1153 28
1380 38
227 29
589 43
818 11
177 32
564 34
1743 6
782 32
1405 20
209 32
995 1
356 42
1281 19
1791 45
1883 44
1978 8
1269 29
1041 46
1510 11
1055 48
959 36
338 36
708 3
1858 18
712 24
1256 23
1506 6
125 22
1066 32
682 37
187 40
562 37
286 8
398 16
281 42
644 39
699 21
1704 45
1675 28
40 42
556 25
921 1
1757 43
487 41
1720 30
1106 19
777 31
1492 40
1767 25
1628 12
338 41
1443 23
1983 35
1087 1
288 6
441 7
1279 35
1030 2
1988 14
1687 10
752 36
77 16
1706 26
1997 12
974 48
1010 32
344 18
1084 1
1036 31
480 17
1572 29
1240 3
1451 24
849 18
1764 31
1210 3
1223 26
76 46
1462 32
1849 14
1695 5
1539 7
706 35
513 38
374 15
400 19
973 37
1459 11
923 17
1380 40
1087 36
1286 30
820 47
51 39
1495 21
1295 42
651 36
1411 1
1619 50
1850 13
893 20
1675 5
1260 2
464 9
1336 6
733 45
611 44
304 37
827 36
91 43
1334 41
772 26
358 27
1929 44
281 16
1339 12
112 1
767 41
1266 11
1897 2
675 3
615 35
307 38
1416 36
1410 8
208 31
643 35
1997 26
1593 33
1927 26
1379 3
1884 23
1628 28
1220 46
971 24
489 29
1028 6
1995 36
1057 33
566 27
1470 27
603 28
1769 18
1814 44
275 28
1212 32
1944 48
856 3
1523 43
1397 39
372 10
1109 31
1970 10
1006 15
1387 7
1699 12
118 27
319 39
551 6
1775 4
645 5
1199 21
1806 15
1441 25
1093 26
1949 5
1402 49
924 30
1025 33
720 5
43 23
282 41
37 45
25 5
994 49
878 27
58 28
972 4
1031 22
1376 3
1604 32
1984 14
920 7
1974 8
1179 18
953 26
61 25
1447 31
1699 23
380 21
834 45
678 48
1877 11
477 29
946 37
32 50
1050 19
734 46
1178 22
1011 46
225 41
1857 19
767 5
72 43
855 27
624 23
325 10
1362 29
557 11
1993 49
18 30
1680 47
422 22
1488 13
1417 19
1180 10
1700 41
705 39
969 8
1054 46
669 37
140 5
396 9
658 22
808 47
1984 49
1741 30
658 28
245 15
1791 44
298 45
239 40
641 25
1421 44
1656 1
1950 49
1651 12
1211 16
992 3
250 37
21 41
1756 43
1943 2
1301 4
99 9
723 6
496 2
171 31
297 13
284 40
1907 48
136 19
1967 40
1267 36
779 44
932 38
1056 6
472 16
37 43
1008 31
1664 5
19 27
1034 12
1289 37
738 21
1591 43
1074 44
1614 36
1913 5
459 19
1143 12
519 10
1500 13
1307 36
676 29
108 35
1912 37
416 41
257 50
664 50
238 50
1470 34
372 35
1969 30
599 21
532 14
1656 29
1707 16
1348 28
946 10
246 23
0 39
866 7
1234 9
962 2
575 12
567 49
1387 13
1254 45
302 17
1927 32
1580 31
1337 6
452 49
1414 21
990 27
336 5
1145 43
1475 39
987 6
1331 11
392 30
1412 42
1564 13
298 3
775 17
305 37
1948 26
728 35
1429 2
183 50
191 20
5 16
405 47
569 39
1944 36
18 48
1300 10
136 14
990 43
791 15
228 4
279 2
431 48
1675 40
1189 20
669 21
975 38
417 11
1489 23
194 29
565 45
1604 47
665 7
13 47
1839 34
1901 3
1395 48
633 47
913 37
1317 25
1799 42
1635 6
300 21
1792 13
146 23
1466 9
1378 3
738 10
1571 9
1308 1
1394 13
1921 3
1656 17
1545 28
541 4
1828 3
353 43
621 14
1196 1
410 21
1812 49
1585 11
1450 39
1026 47
183 49
452 45
64 45
236 35
429 43
1935 7
470 34
983 33
1247 46
1288 50
1443 38
1364 19
760 18
1400 50
1584 19
316 4
380 16
180 18
18 32
298 8
1518 47
1024 1
792 17
646 3
1698 49
1458 7
1574 16
336 41
1379 7
1245 40
1015 20
1280 33
1077 7
722 23
654 24
817 15
517 23
1427 48
718 31
1324 34
956 4
1630 13
95 17
1574 1
759 29
1565 48
1240 50
1097 30
1452 48
1924 35
1148 41
468 43
756 24
814 22
1779 19
1078 34
147 50
142 13
126 33
1293 13
748 21
1945 20
1270 45
1201 38
772 35
347 43
1662 29
751 22
428 34
1168 1
1737 31
569 33
1209 38
341 44
1476 30
113 47
1846 8
1556 30
1012 30
298 12
1803 31
312 43
571 41
236 11
1663 47
1010 3
555 43
1291 46
1913 38
1599 3
854 36
837 18
826 47
1083 29
169 5
1635 25
1693 27
1704 3
1331 17
1168 25
57 25
813 4
637 7
1762 47
1195 18
1822 44
1407 22
224 6
920 2
1542 34
1888 44
1219 29
1961 36
1911 31
276 45
1639 19
1868 2
743 13
1198 24
666 21
1047 21
143 41
548 8
1338 3
1477 11
1029 37
1043 24
357 19
1974 49
978 29
1162 5
995 4
825 6
713 17
1300 39
1547 47
1707 28
918 2
1537 47
509 22
1440 27
917 37
1200 15
523 30
587 42
1255 7
1064 27
460 23
1633 31
1369 6
1073 16
1707 36
41 43
504 48
888 27
1138 16
1393 16
178 30
248 2
317 7
739 14
1432 24
1183 8
33 31
939 41
523 34
1965 24
1688 47
131 7
328 44
1879 41
1062 11
1413 4
1561 42
1300 7
1644 14
943 29
1803 23
1684 24
8 3
1554 28
1672 29
1576 38
662 32
1199 36
608 38
801 38
510 24
1434 24
1835 38
121 20
565 22
1140 12
1639 37
1796 34
1227 29
1488 40
1386 17
1999
106 38
107 14
844 14
312 20
1785 23
555 17
1010 9
715 11
130 38
1645 10
1931 35
1257 20
1500 19
689 40
608 23
581 12
465 5
288 28
1641 35
354 35
329 8
977 26
1162 15
94 32
1080 39
264 38
825 25
191 3
105 1
1963 37
564 11
1830 13
599 10
117 29
1625 39
1181 24
1814 32
1442 7
715 21
4 29
1378 22
388 34
224 38
1276 32
1653 38
457 1
1170 28
1350 28
820 3
1939 33
1019 18
1225 21
1934 3
1190 38
1256 3
392 1
1884 37
981 23
1487 25
1112 40
990 1
656 36
138 8
1300 24
1621 37
1340 16
568 17
927 21
587 36
1632 10
590 26
274 9
33 29
1991 26
17 8
1127 36
136 4
13 18
1260 25
332 6
954 3
1121 40
453 12
1257 4
1830 14
1995 3
1814 21
695 20
509 33
1298 3
752 22
299 19
1113 24
277 33
1664 16
738 7
293 37
10 20
1951 1
1606 11
1625 28
584 22
1836 40
1642 33
739 20
1768 27
1362 19
137 8
137 8
668 26
1144 28
298 8
165 10
665 12
1966 20
87 10
902 18
1978 38
176 5
1838 18
1117 6
752 39
562 15
1074 6
521 9
1948 7
467 4
968 19
827 24
41 19
798 28
94 14
560 26
209 16
616 37
273 5
1201 5
217 4
1206 14
793 7
292 6
245 2
1439 34
1780 5
189 24
20 32
725 17
1669 30
1815 10
928 12
267 30
1576 12
1799 11
1064 32
567 39
1168 35
1579 7
875 26
1611 21
272 13
256 24
449 32
151 12
1263 35
613 37
358 33
914 12
1465 22
580 37
1607 37
1662 38
968 1
193 23
69 19
605 33
629 33
142 29
649 16
690 25
1541 14
1838 22
1629 9
378 3
400 19
1519 26
1369 3
1761 24
922 32
537 18
1129 5
1781 2
54 4
30 40
271 25
1427 14
877 37
996 39
1661 39
1746 30
1171 35
1559 27
310 10
780 20
1933 31
766 23
618 5
961 2
1321 13
410 10
968 36
1667 18
339 13
1045 13
1139 16
1201 39
1785 39
1123 17
1347 21
1411 40
165 9
1597 12
184 39
1372 30
776 16
704 11
43 4
1941 17
1375 30
211 17
1101 5
1777 16
1095 12
1309 8
1895 19
521 30
695 24
788 7
1772 38
692 34
179 22
1663 40
1179 17
1087 39
1655 23
1891 14
566 1
698 8
1203 13
1150 15
273 29
1156 23
747 1
267 40
770 19
1999 7
515 5
430 13
1266 10
83 11
1432 9
1169 16
77 22
1939 19
559 40
758 13
1097 6
1065 5
106 38
908 9
352 22
707 32
141 39
665 34
1361 4
400 38
1634 2
591 32
531 12
1785 17
1165 31
1376 19
625 6
1961 26
1572 15
1892 31
565 14
615 13
892 25
322 32
1987 9
1551 2
14 32
719 21
1932 37
370 32
1783 28
1741 17
784 21
872 32
422 27
187 35
1167 24
536 21
370 5
226 25
474 31
1316 20
476 4
1229 18
1155 26
1005 1
993 14
421 24
657 31
985 30
1142 3
331 7
1078 6
1440 16
1522 23
705 17
794 4
755 24
1531 5
1832 6
762 18
553 18
148 35
1674 20
961 39
670 23
583 17
1134 25
192 23
1359 25
1148 17
147 20
486 3
834 23
1991 20
618 16
853 13
122 7
1127 36
1956 38
496 9
187 32
819 10
1326 16
1676 3
1793 39
1615 23
1374 40
1048 37
1894 17
870 4
219 21
1207 18
1132 2
1220 32
1329 28
708 2
960 37
1819 35
786 30
119 34
617 27
75 16
1085 40
1926 26
307 2
40 2
1242 24
1333 12
22 11
12 38
1385 25
1074 22
1008 32
1089 38
501 14
1351 37
179 25
1711 10
1579 26
795 15
1918 40
1172 10
1564 21
37 27
232 29
1641 6
246 3
1144 24
754 30
1723 21
1262 11
1319 33
1436 8
757 34
1930 32
1872 25
1846 12
398 28
1548 10
615 12
1041 31
561 10
1044 25
427 28
1705 12
119 7
1715 12
732 13
1138 40
469 29
282 26
1509 21
886 27
546 1
716 23
1136 26
1317 17
164 32
934 27
728 34
1720 23
846 30
1311 24
1296 9
532 18
279 35
1366 29
387 19
1164 27
1114 39
376 14
1812 10
692 31
356 31
42 24
1348 27
50 40
1261 8
1409 32
1696 7
342 4
1164 3
889 20
1807 10
507 10
1000 14
1377 2
1113 30
592 39
186 2
827 23
1929 9
124 36
328 21
511 7
1194 27
325 12
1221 1
1237 33
757 14
719 19
1902 9
167 13
315 10
1409 39
793 5
1852 31
1064 24
2 2
745 22
1544 11
759 34
1659 1
748 20
557 29
1277 23
1517 29
533 37
1356 10
35 3
410 28
1086 19
1977 34
754 20
301 14
1490 3
1445 21
445 4
236 32
1330 28
914 10
630 13
475 35
426 7
310 9
1803 21
696 27
1014 28
1628 36
1303 39
207 11
1696 1
596 3
563 9
1235 29
1706 22
1077 18
274 40
559 23
1940 24
169 21
729 8
527 25
1331 2
356 22
563 11
955 19
1548 23
701 20
962 25
808 32
433 5
973 5
244 10
1883 5
436 29
718 38
623 27
1643 28
723 34
1772 17
106 40
173 25
1845 30
67 2
1966 35
1672 3
236 9
1731 5
898 25
1427 37
787 28
458 28
1675 30
1118 1
1341 40
1845 4
1768 8
415 38
647 13
1145 7
1035 29
1895 10
321 24
1683 23
39 27
1197 10
1098 27
1768 19
1234 35
537 24
178 30
1561 13
1744 33
113 7
604 4
182 15
1747 13
964 12
1541 38
1261 34
1075 25
1003 35
1475 24
426 34
1811 16
967 19
671 33
706 19
1018 30
1951 8
1105 7
619 28
284 33
989 15
457 34
117 39
1899 2
620 8
1140 32
489 3
844 38
1524 29
1815 8
1116 40
69 12
134 3
681 38
1575 18
252 26
1521 6
1262 8
1546 6
636 17
921 18
1526 40
287 38
698 16
1917 4
510 4
1539 34
187 37
1211 31
633 8
1656 28
893 27
218 8
542 4
638 39
1446 40
840 19
271 23
570 28
1416 28
1540 33
1180 36
633 2
1124 12
881 34
721 20
1159 39
1109 17
1082 20
830 14
916 2
775 8
1461 35
1393 10
654 29
1930 24
1661 39
546 29
59 19
570 13
973 20
339 30
1535 14
1232 32
1033 35
402 38
1439 1
433 29
145 35
502 23
1121 26
698 12
1118 22
1110 21
549 20
26 27
822 12
1882 30
759 31
59 21
285 36
1560 36
1322 11
1 17
567 19
107 23
747 37
130 25
1798 30
1689 15
588 7
1613 9
1945 31
1079 25
387 27
106 13
1630 32
1988 8
577 31
1439 19
790 5
194 9
307 20
829 32
1128 15
1659 29
409 19
1137 3
159 2
1952 29
311 2
806 3
500 9
1953 29
1365 1
891 26
191 31
501 30
441 22
1352 13
697 16
1864 22
311 1
479 10
318 5
334 39
1842 19
1565 8
1380 27
1883 34
188 16
1247 38
340 36
1297 17
1788 28
460 8
602 13
1431 27
1981 10
249 17
866 38
1660 31
408 18
233 21
942 6
1567 35
1174 7
1129 22
377 7
1279 27
1525 6
1221 35
1246 15
1247 18
1714 26
342 26
98 9
1180 36
837 6
1730 15
165 12
359 37
234 19
629 22
1439 34
1758 29
632 31
199 24
567 12
1387 23
1369 36
1923 2
849 30
1685 35
545 12
314 32
296 13
1529 8
459 21
1733 37
453 29
509 26
48 36
286 29
1128 19
1585 18
669 35
61 6
206 19
710 18
1584 40
217 35
1933 35
557 26
1088 25
733 29
1047 34
1623 31
1278 34
1911 31
686 16
813 13
346 30
1484 37
1573 25
1893 4
456 10
804 28
512 16
1006 1
1299 32
710 26
1012 7
1499 11
430 8
1672 40
1990 6
1900 40
1871 25
1000 3
994 3
1570 10
1591 29
1951 10
403 1
1635 6
994 28
189 6
1525 38
400 9
73 5
72 33
283 21
763 5
1276 19
431 7
1486 24
458 8
1407 13
795 40
359 7
685 34
1226 23
219 30
1840 29
438 39
1570 12
286 33
9 7
896 30
91 13
595 4
1414 9
1812 30
84 31
53 39
620 39
992 34
1876 20
495 37
249 20
1185 17
1234 18
306 39
839 7
933 20
82 20
115 4
1707 32
1302 16
1078 1
1902 29
736 23
1096 18
1381 7
660 37
1910 40
328 32
896 29
1545 11
1913 6
1411 23
1392 21
1783 31
1194 4
435 11
1601 18
1345 8
342 35
413 24
1934 31
1303 23
909 19
939 33
1605 7
1812 25
1031 2
1791 11
847 15
1077 29
1168 5
949 8
1760 27
337 25
209 19
1126 32
1292 23
981 11
749 4
1926 17
806 4
1815 3
752 10
1563 33
859 1
879 35
1188 29
1221 2
177 39
1720 40
1804 40
1028 31
29 35
1920 24
65 15
1804 21
1863 26
726 37
910 20
843 19
1105 37
1448 28
354 10
1421 27
755 37
360 8
1564 3
914 2
1296 11
234 35
1011 23
1862 19
82 30
705 29
1447 1
1061 5
1570 18
1058 1
495 1
616 36
1591 8
138 26
1015 8
1220 39
1911 11
794 4
60 11
1283 27
482 40
1862 12
1761 6
1874 30
1167 22
378 40
537 23
1148 38
738 39
1157 30
208 11
1814 14
1126 14
1861 28
117 34
1877 19
758 24
1541 32
65 15
2000 18
1348 37
882 13
976 1
1643 36
667 29
1424 38
893 5
1853 24
1732 31
429 4
1036 21
972 4
596 11
770 38
96 12
1270 28
1616 14
1606 39
655 37
1033 16
418 26
746 10
1221 37
360 15
91 24
152 40
1991 39
232 17
535 8
1150 8
1057 22
804 7
1339 12
1232 14
1133 11
1142 21
1006 7
1287 10
1916 2
1608 22
1738 1
668 15
1026 34
886 21
873 23
411 15
171 35
1246 19
1320 6
26 18
382 40
780 9
1254 17
216 35
1258 28
1196 10
1630 6
1724 1
462 12
276 40
1727 37
1715 19
1253 11
986 14
1920 29
10 39
1070 12
1892 19
1982 22
835 2
697 32
695 32
932 35
1679 36
287 31
1464 2
596 35
622 9
58 20
1530 26
1695 35
1160 13
400 23
802 13
65 26
1275 16
1005 10
893 6
1584 15
1357 26
1992 8
642 9
1081 9
1739 25
1996 7
128 7
533 22
1161 30
1994 35
1598 8
1379 13
804 28
854 37
909 33
1234 34
100 12
1874 12
998 32
643 20
501 10
1025 29
60 40
437 6
379 19
259 7
232 29
630 23
969 22
1675 29
673 13
1347 29
1569 5
904 11
858 21
905 3
97 15
1486 19
613 34
1760 36
122 32
1552 4
1323 21
1905 21
184 13
1664 13
180 27
860 17
1147 6
1759 34
583 4
1167 4
915 13
892 33
92 25
1178 25
1730 18
1391 7
1561 28
1155 8
1583 8
1835 4
1349 25
1759 23
909 25
334 6
118 16
161 3
510 28
132 7
603 35
82 12
638 3
872 22
925 31
1829 25
1081 6
1770 34
275 14
150 34
555 29
1936 40
898 7
1589 13
367 15
57 22
1312 17
100 36
1849 5
1747 26
1481 36
1261 3
750 39
854 27
1302 6
1937 25
459 40
1875 19
1766 9
984 16
360 24
343 24
1422 26
1156 14
1443 15
1641 33
1406 40
1983 32
1088 10
560 37
1370 19
1444 22
1566 17
713 6
818 34
197 21
1086 29
1715 12
1846 34
253 25
133 27
1831 32
1218 7
997 1
760 18
688 2
183 10
97 31
1844 28
901 14
701 22
949 5
1790 13
687 15
331 37
992 13
1320 22
1201 2
604 27
484 25
1198 1
1282 1
1092 34
23 36
1012 27
1599 21
1693 37
1596 34
172 28
371 8
385 7
875 35
1387 40
417 19
839 39
1806 24
1221 32
372 39
527 18
1484 18
427 11
789 25
1755 17
1374 26
1444 8
1817 22
1952 37
1235 9
1681 14
894 26
200 12
1256 6
212 6
44 25
576 5
403 23
1554 31
571 3
976 8
978 9
1312 20
221 12
1833 29
281 35
744 39
9 10
440 12
1138 30
810 37
209 34
1389 3
247 8
627 33
1158 14
1505 29
1069 8
1937 19
95 35
201 23
1217 9
684 1
302 2
983 26
1931 3
14 20
1024 28
6 4
372 9
1770 19
1111 37
280 1
454 24
1774 28
1755 16
32 39
1551 4
1320 2
1554 11
1513 7
1117 13
1990 29
245 20
1733 13
1072 5
21 16
915 7
67 3
1904 21
1202 31
1122 10
868 8
305 7
891 19
73 34
565 5
736 29
1989 15
1966 14
840 39
1018 21
1614 13
903 10
1639 1
1976 7
1473 30
818 3
1601 40
1945 15
1220 11
1477 22
539 15
1756 22
317 28
1365 32
1318 3
1989 5
1595 21
1743 39
849 11
1147 2
474 29
1317 33
1506 6
435 20
1456 17
806 22
1373 20
877 30
1642 3
63 35
1951 31
132 7
1368 36
643 18
847 20
1423 27
1396 17
388 25
1929 15
565 27
335 30
195 34
1038 38
353 11
1602 2
284 26
1133 18
761 32
1044 17
878 16
1014 12
710 19
1952 28
1024 36
651 37
1530 39
570 17
1392 8
934 22
9 19
241 11
1313 32
1804 24
155 18
1880 20
1741 5
653 14
318 26
1378 30
920 28
188 25
682 13
343 13
229 13
109 36
806 24
645 21
1237 8
1504 24
1191 34
672 1
1139 11
1185 32
1420 10
587 16
1180 39
837 6
1025 2
882 4
978 31
663 26
833 39
1301 33
1699 23
719 13
713 28
1628 29
776 34
307 20
1590 15
884 28
733 2
1665 38
1266 30
244 9
402 31
730 32
1871 16
374 20
529 39
458 16
1678 5
1509 5
248 39
93 37
406 27
592 11
910 14
1937 35
1654 28
248 21
600 10
1239 33
446 2
1494 36
1269 22
1027 14
185 3
687 14
1338 23
577 17
258 12
555 14
337 17
1356 33
1479 36
1434 10
1866 30
1590 24
826 37
1240 6
1531 14
773 29
211 37
294 20
1095 17
552 24
294 9
1024 40
1393 15
322 28
1993 5
1061 38
1120 14
1900 15
410 13
321 21
1409 10
915 37
1900 25
1003 40
444 3
51 11
926 19
407 16
1972 17
762 18
730 31
635 29
909 8
1968 27
1841 22
789 40
778 39
1274 26
1791 23
1895 28
202 29
787 34
25 29
1246 34
1705 34
1171 8
1943 36
1299 31
1611 2
1929 2
1509 30
23 11
893 24
1186 20
1803 24
821 24
1020 19
1680 40
1686 8
1683 37
926 26
1864 32
699 23
660 1
1633 39
603 17
179 18
1680 31
618 28
1695 1
140 13
1479 11
289 27
1253 11
318 14
992 24
1016 40
264 18
1312 8
246 11
1630 11
287 1
526 4
954 12
977 17
1225 16
662 37
1882 16
1465 32
758 27
951 4
1224 8
1437 33
606 40
1640 18
1198 2
1094 38
395 1
1155 40
1052 38
328 34
1271 20
1123 36
1024 12
863 25
528 4
1226 31
1647 4
330 1
250 23
1198 33
1639 32
839 29
1183 23
1106 6
1916 35
453 30
514 24
958 22
477 8
1950 14
324 6
1558 35
502 34
1062 37
1503 28
807 29
121 24
721 7
149 30
1644 17
731 18
1175 9
1187 4
857 32
510 35
1484 19
907 27
1662 10
1150 23
1512 15
1279 1
248 14
540 21
991 21
1879 5
927 31
20 11
1967 34
97 35
1657 7
886 39
1244 17
1794 27
1628 3
154 10
1090 3
1581 18
245 35
1788 35
55 12
428 40
1758 16
467 25
1329 39
455 38
669 20
955 11
230 29
1453 35
1519 12
26 36
38 5
487 5
1865 3
150 28
116 19
651 5
1706 32
1337 24
1770 36
1835 31
396 34
1200 24
1638 8
262 23
369 29
1149 2
1786 12
533 3
1185 23
1082 6
1080 33
74 27
1419 31
1883 35
483 15
867 28
681 39
453 26
715 29
416 17
1887 39
518 9
1530 5
1305 27
1831 40
811 15
332 27
82 3
530 2
1760 4
1343 35
212 25
1766 14
1591 39
1976 35
1651 36
1930 12
838 39
91 19
623 18
1245 15
1561 10
1385 29
669 10
645 37
1404 11
1882 2
1317 40
1854 17
1174 11
19 30
682 8
259 19
1956 21
408 3
506 19
73 12
1919 30
196 36
915 19
776 2
1637 1
1336 2
1623 27
1901 24
717 37
1133 40
257 2
397 39
1337 29
561 34
473 29
1525 24
1348 11
1858 11
723 16
1570 13
1722 35
160 17
1086 28
1464 27
801 12
601 6
1635 29
716 40
1694 34
527 34
363 2
1411 4
1585 4
694 32
1335 32
129 9
1945 25
467 40
795 18
137 7
158 40
1952 36
841 25
872 30
1623 2
1083 22
382 6
115 22
1465 32
835 27
1569 30
58 9
1264 12
1024 25
1244 24
59 19
1298 11
1206 37
1146 17
515 20
1678 32
1456 21
542 3
443 29
16 2
1738 14
962 31
1155 18
702 33
1364 16
1328 33
1142 3
1698 21
828 22
459 15
1099 2
1845 15
1571 24
408 1
1551 18
1342 13
131 32
70 12
1948 1
1799 5
825 15
166 32
1801 35
1517 18
89 23
369 12
980 34
792 1
1726 38
315 34
692 22
1718 32
751 31
861 30
65 21
1410 2
1289 26
842 32
399 33
1843 11
473 38
1795 30
1484 37
519 25
1774 35
680 18
966 17
243 22
1577 29
1034 17
1369 15
1218 4
1709 7
1619 8
1665 26
1149 17
672 24
1495 22
382 6
971 8
1075 1
1429 23
742 11
1626 14
424 34
1642 3
173 40
972 30
1793 19
216 25
1997 3
985 3
1377 25
739 23
713 24
432 21
1838 7
1897 6
1331 11
261 18
451 21
353 26
563 15
1993 8
1223 34
1840 37
372 17
1304 33
524 9
306 15
1132 31
270 20
1724 15
185 8
131 18
567 26
6 21
1212 15
459 35
1765 40
898 27
1344 11
313 24
161 17
845 4
1722 20
809 3
923 9
1851 1
57 25
1297 17
1553 36
297 36
705 3
1721 29
17 14
161 14
1139 27
1469 33
599 11
560 31
1895 7
963 22
1612 5
1383 22
1352 8
1314 18
1297 34
646 20
868 38
1473 38
1095 37
1535 5
566 6
711 18
1482 16
914 16
1169 31
282 16
1802 15
1997 34
866 18
304 27
178 25
1691 33
1897 17
1134 5
530 14
398 34
512 16
846 28
116 34
1553 40
1592 1
971 25
495 39
865 5
686 8
1119 14
1566 21
1117 3
1279 37
219 37
65 8
516 4
721 28
1747 17
1363 28
1669 32
1697 1
1316 6
1038 8
714 22
1266 31
1731 1
272 23
1970 33
1533 14
1067 1
542 16
528 27
1882 13
1815 7
630 38
1430 1
1734 1
833 1
223 4
1012 23
1702 6
1236 8
1381 21
949 9
872 38
87 3
423 40
1467 2
1343 1
80 17
1114 20
1338 18
1423 1
515 22
1171 28
30 10
1346 31
802 10
113 6
1229 31
318 27
1622 35
1190 3
1315 36
117 10
1439 21
1066 26
797 40
834 2
177 20
874 12
1753 6
306 1
1388 19
1103 38
495 37
1688 26
748 30
1462 11
1385 2
549 8
307 40
655 14
421 25
852 6
1036 36
556 39
986 21
1142 33
511 11
1202 31
1847 16
1501 33
179 15
1144 38
1095 29
706 36
851 39
1009 35
17 21
1128 36
231 26
1468 37
1255 6
1665 7
1580 26
333 25
1121 4
1899 14
1177 17
1474 15
567 9
2000
839 9
1789 8
1826 20
1707 20
1482 1
1004 5
19 19
729 12
1696 10
650 5
799 6
1263 12
282 17
1226 5
847 5
1137 20
134 9
1857 16
1019 13
18 19
314 11
1730 2
1180 6
745 9
592 7
35 6
223 1
1841 7
498 20
1153 7
641 12
404 10
363 14
1952 7
304 19
1557 5
1924 15
1628 17
1371 11
1271 3
687 13
1237 11
408 3
623 14
774 8
43 4
1823 9
1063 7
439 16
942 5
684 20
1420 12
1174 15
831 5
875 10
517 5
1615 19
472 12
1055 16
1465 20
852 12
1256 16
1166 3
1827 2
484 6
475 15
1038 6
470 18
1284 2
516 6
619 12
1091 12
774 8
535 14
1692 18
1619 19
1825 2
1429 10
883 20
1262 9
877 1
1796 5
755 20
1097 7
1801 17
425 16
1950 7
319 9
1737 5
1286 12
1349 7
2000 14
1547 1
784 14
500 6
934 9
1195 10
1930 18
1422 20
1853 2
653 14
1190 5
543 7
1083 14
1222 19
911 12
1677 10
1857 6
1899 10
1365 16
679 1
1623 9
1576 9
310 11
1184 12
903 1
326 16
1224 5
788 16
1726 9
310 16
272 20
1361 15
81 9
1649 20
1015 13
140 1
1015 2
1292 6
293 10
261 20
872 3
1247 1
297 7
1803 15
1230 17
1985 15
490 4
1843 17
808 17
1048 11
809 20
1817 5
463 11
27 13
1179 7
1577 18
1847 10
225 6
1034 6
37 9
1444 14
803 3
185 12
998 3
696 19
841 2
989 2
277 9
1349 20
1960 6
1009 19
1422 1
1299 8
1716 20
150 10
1256 13
1411 3
1787 12
1151 11
713 8
1914 12
1590 9
1590 12
1089 5
1562 8
1978 13
254 13
1732 10
1209 17
1449 3
858 15
1741 2
927 12
9 14
1282 14
435 9
142 2
1278 4
274 6
1512 11
329 1
129 3
175 11
1770 20
1144 2
249 18
1877 5
1497 10
1606 6
493 15
536 6
1985 8
1417 4
1781 17
396 2
1263 11
723 1
1429 9
1937 14
1110 18
1723 8
1064 17
1216 9
1369 3
1773 4
1021 1
575 7
242 5
1562 5
687 13
119 11
1640 9
1498 16
1319 20
339 3
1697 17
296 5
1231 20
983 12
1403 13
160 6
1395 16
142 10
1881 15
867 1
1994 14
1778 15
1981 1
1772 8
643 1
1621 11
1017 6
353 15
388 5
1113 15
1437 19
1470 7
788 16
220 5
1047 13
1777 1
43 13
998 18
637 6
1866 11
1451 2
201 9
1596 14
1578 15
1456 13
1694 15
1595 9
1759 7
416 20
114 6
934 16
787 16
623 16
1252 3
455 2
3 12
1536 15
412 19
1818 13
991 20
427 14
811 20
111 3
1338 4
438 1
199 1
1083 13
207 4
1264 15
516 14
389 16
1553 6
652 8
1181 15
1212 12
966 15
504 5
703 19
426 18
20 6
1643 3
1357 10
1150 13
225 2
786 20
1322 10
723 7
1230 5
1490 2
895 15
1479 10
1460 15
286 19
729 13
196 10
783 17
1466 4
170 8
1536 13
1310 14
766 13
393 18
358 3
566 5
1747 14
563 7
1327 17
1142 10
1586 20
1740 17
1411 19
111 17
737 10
614 20
1887 19
294 4
1807 16
357 2
917 17
1274 19
458 14
893 16
1991 10
605 10
1863 4
708 13
1745 2
1702 12
1753 1
66 5
1550 3
1546 7
603 14
569 12
973 17
136 19
250 20
1054 19
1955 13
365 8
711 3
641 13
515 6
1211 3
1509 8
380 17
818 13
122 8
592 4
154 2
1443 4
1463 19
500 3
1975 1
1098 7
312 19
229 20
1393 9
1839 14
1667 5
413 13
1179 19
710 6
69 8
119 12
1800 16
681 1
760 10
1932 1
1502 17
1660 4
500 19
1425 6
260 2
1794 2
1934 10
220 12
951 5
119 11
1323 20
965 11
1838 2
1483 10
584 6
1649 17
1501 9
1435 4
174 19
268 16
59 4
311 1
1906 9
30 4
199 17
154 5
1989 20
1974 17
1555 16
1174 18
580 8
1742 1
1878 20
287 13
624 10
581 17
59 18
1727 12
1310 20
620 16
746 10
780 12
1371 20
620 14
1088 8
1391 18
248 19
1549 11
512 19
1205 10
742 17
421 20
115 10
1457 2
433 1
1941 17
906 15
586 10
1415 4
1513 6
362 8
906 13
1718 17
1119 6
900 13
1054 9
56 20
600 6
1556 8
697 9
1518 11
324 7
1502 15
1900 4
1712 4
108 16
430 18
178 6
371 1
1602 13
182 17
1191 8
1549 8
293 13
681 9
1546 10
1357 14
146 19
545 6
1875 18
1961 3
1521 4
1618 19
1618 7
1717 13
897 6
792 14
1771 9
1715 19
987 15
139 3
1738 18
1255 16
852 1
1593 5
318 2
310 19
1949 7
1835 8
1743 6
1023 8
1300 10
121 11
742 13
1417 18
1934 8
211 11
1198 12
352 4
852 14
129 2
757 5
750 9
1732 9
1709 16
1377 7
1932 20
1338 1
510 11
1453 12
653 6
1223 6
1240 6
915 10
1033 10
1847 7
1911 16
1888 11
1086 14
1355 2
1854 14
1066 9
905 14
1416 14
396 10
1055 12
584 15
402 20
1688 10
388 20
1736 1
1937 13
1610 3
900 20
1167 18
691 17
378 8
901 7
163 9
16 16
1582 12
4 3
1279 8
442 15
882 15
292 16
74 13
736 3
1766 11
666 3
1626 8
919 10
1287 3
728 18
40 8
1642 18
1963 15
392 4
1323 7
743 12
1200 15
533 9
1148 20
346 14
1077 8
1028 5
802 12
1443 5
512 19
178 3
342 6
1157 2
1221 11
1224 11
1532 5
1021 4
1405 12
881 2
589 6
566 3
1715 18
522 20
100 3
1894 1
910 18
580 8
20 7
1572 2
947 12
166 14
1802 17
1553 3
667 7
1138 14
236 18
733 7
979 9
809 3
1792 14
501 14
1561 3
551 2
448 10
1356 8
458 10
1558 5
391 16
1418 7
1577 1
1954 18
249 18
1221 17
783 6
623 15
1876 1
1563 15
1070 19
1214 14
1776 12
1170 19
1933 20
848 17
899 3
1623 19
1862 11
1440 13
1378 1
248 9
1385 12
743 8
755 10
1715 19
1868 20
457 10
856 2
350 3
624 8
682 15
860 3
1874 3
1777 14
216 2
350 15
245 17
1323 14
1015 11
320 12
287 10
64 12
836 4
763 8
289 17
1565 7
322 2
580 15
1938 5
696 8
1991 3
210 20
973 3
1398 4
306 10
1090 3
1497 6
691 13
777 2
1241 16
1628 16
1007 13
509 2
1949 8
1720 4
479 12
1484 2
160 2
1858 20
496 6
1574 6
1584 4
200 20
609 4
834 3
395 6
491 19
1388 18
46 19
1597 18
1619 5
1589 6
1424 5
223 15
80 7
237 17
249 4
301 20
946 6
649 16
840 2
639 15
1567 16
237 19
518 2
1932 8
1408 4
1342 20
1023 4
1870 6
461 7
1093 11
1222 20
1281 9
169 16
1326 14
195 3
609 20
1447 5
406 2
221 8
251 5
24 17
1062 6
1218 3
649 20
257 19
1137 14
1047 11
1937 9
570 18
1786 4
393 17
1687 16
1663 15
1130 1
1650 17
1729 14
943 11
656 13
1084 5
1971 1
1070 16
336 7
893 5
1845 3
434 13
1509 9
176 5
915 7
990 17
1231 13
253 15
147 4
114 6
1437 17
1598 17
451 14
481 1
861 13
1039 18
298 4
1779 11
378 2
1219 19
709 8
1685 17
54 20
1234 15
1458 13
1292 17
1270 11
882 10
46 17
632 5
1102 17
1131 8
746 2
484 12
456 1
947 4
1388 10
869 8
1470 5
514 11
885 20
179 12
781 4
1875 13
1245 20
1844 11
1669 3
746 11
115 15
1629 12
427 8
1012 17
696 2
1208 14
324 4
571 4
1074 7
1240 20
151 12
909 15
301 2
584 3
735 10
1033 10
369 1
1010 15
789 15
633 8
1668 15
1541 19
540 19
277 17
162 2
1614 12
1615 5
384 10
787 12
740 17
1749 17
1128 1
8 1
337 2
1346 1
1353 20
1112 1
833 1
44 4
1213 1
1937 17
596 19
433 3
1695 18
180 13
562 19
830 6
1701 6
345 7
330 15
1955 6
1210 16
43 19
1626 18
1872 3
238 1
555 8
527 17
1988 5
756 2
368 13
1883 10
306 19
768 9
1224 12
1236 1
1981 7
1071 4
1922 19
1269 3
1554 19
807 6
72 16
1557 15
1671 11
914 11
1371 19
1640 10
84 9
852 20
775 5
1605 7
1694 3
1913 12
863 6
1538 9
179 10
887 19
1101 14
1856 5
1461 10
629 1
886 15
1305 4
1059 15
1173 20
14 8
231 4
745 8
183 16
369 2
923 13
491 13
845 2
1835 17
849 8
1287 14
109 16
887 11
246 4
1043 10
1596 18
1724 14
644 11
753 14
121 7
1920 6
1273 15
1646 17
1414 5
1160 7
65 13
93 13
1884 5
1603 7
1544 17
43 6
531 9
138 16
1622 19
446 2
1022 18
994 15
1573 14
793 18
1241 18
1288 11
1140 6
250 16
1426 2
1173 8
276 16
1060 18
174 9
92 1
1211 10
1155 17
1252 6
787 19
1810 2
1464 2
1654 19
1129 15
1251 14
624 9
751 1
1067 18
1445 20
141 15
719 20
429 13
52 13
1485 4
1759 6
362 8
579 17
1659 14
587 1
335 2
1666 9
295 11
1636 20
1403 14
666 7
1997 18
234 17
154 17
1589 10
1996 8
650 8
1605 17
1298 5
1045 8
295 6
557 9
1000 9
345 13
365 12
942 10
791 3
261 6
696 20
196 20
575 7
426 16
346 4
1417 6
513 11
1812 16
868 14
1701 17
96 11
1521 20
1053 20
401 17
1363 4
812 1
1089 20
1576 5
1783 18
805 15
587 18
1363 10
724 18
877 15
1669 6
1539 14
368 4
190 13
964 17
907 9
1528 7
76 8
18 19
813 7
1633 8
1939 19
1524 4
1993 1
1254 19
1122 13
1603 4
1031 15
1403 17
896 19
1151 6
1747 5
1641 8
1476 12
1619 17
61 19
1601 9
1176 17
755 15
449 9
1175 13
1953 16
1345 20
1789 8
652 14
1611 5
697 20
1198 1
905 11
1088 4
1515 3
1751 16
748 12
76 12
1180 12
1425 6
1566 11
607 17
817 15
820 9
1615 9
1319 4
656 12
661 19
1585 4
1089 13
333 19
1645 5
1490 1
333 10
855 8
587 20
1991 16
334 20
864 12
1853 18
1127 20
73 16
1282 2
542 11
1588 1
806 3
1218 9
294 20
1050 6
21 15
1020 12
1721 16
968 18
291 19
328 13
333 10
270 19
1425 7
807 6
1386 12
509 8
127 3
949 6
552 1
129 10
1087 18
505 19
1895 19
189 9
580 8
455 7
1444 10
0 6
1813 8
781 6
739 12
658 10
678 5
1350 20
1170 13
356 17
1081 1
1439 11
1219 4
7 4
1911 13
1548 8
1149 19
1558 11
1330 9
1979 11
1276 20
1167 6
1948 11
823 7
121 4
300 2
470 10
1708 6
528 9
547 2
308 8
266 5
722 8
1360 8
1966 16
530 20
149 19
1445 16
597 4
1210 7
1132 3
177 17
1351 7
353 14
847 2
601 12
470 3
121 12
1775 3
9 9
291 11
1831 13
1498 9
526 8
1950 10
363 9
1232 1
1762 19
421 7
765 9
494 8
1570 12
645 16
69 19
1421 13
862 18
1687 9
1550 13
1084 10
1732 19
1890 15
528 14
1293 16
1725 5
1388 20
1824 10
1824 14
1802 12
1874 13
1370 13
1442 17
179 20
1175 9
529 3
761 8
1599 20
745 20
1118 12
951 4
371 9
957 5
1114 12
994 18
631 18
1992 20
1598 1
86 8
1176 5
280 13
1186 20
1192 13
1803 5
1683 3
283 9
1049 17
127 7
1032 15
4 16
162 12
1307 20
1842 8
30 6
219 3
634 5
260 7
1168 3
692 20
508 17
1581 10
1545 9
1349 5
44 17
1571 10
45 8
677 7
606 5
421 3
978 5
779 10
1253 19
70 14
1743 7
645 5
635 20
483 1
113 18
146 1
631 4
230 1
253 3
1613 15
1024 9
606 18
970 20
356 5
10 7
906 8
1511 7
1660 12
813 15
1251 20
465 10
1624 4
1984 4
433 9
966 19
590 11
557 14
1440 5
381 14
377 2
1409 19
120 7
327 12
661 15
1737 16
819 1
1860 2
781 16
1147 18
1783 7
640 15
840 16
719 20
1665 1
838 14
53 15
1929 17
1417 5
1645 12
1265 10
524 8
1518 11
902 16
1860 6
378 5
1553 2
1376 2
74 2
1568 15
428 11
799 3
1378 2
189 1
1650 2
72 6
270 9
1268 17
300 7
1058 19
253 4
1687 10
943 15
1452 15
68 2
70 20
1986 18
65 1
480 20
427 19
1409 11
94 4
883 7
900 6
1949 1
23 3
725 7
1513 8
852 5
1055 2
1518 4
1888 17
569 20
523 8
1323 10
1755 2
1439 19
1710 16
76 9
556 5
1006 7
156 13
179 18
537 6
1696 16
1294 12
22 14
1737 10
1769 11
262 6
625 4
1018 4
1699 11
314 5
1050 18
796 16
783 11
1167 11
370 2
568 7
1085 5
355 6
1144 10
805 14
1763 17
1792 4
1383 10
678 12
480 16
1242 2
1405 14
1603 15
1929 1
788 11
547 1
1579 8
1676 8
63 10
1549 5
1411 3
88 6
514 3
1959 20
668 12
143 4
374 9
547 7
1311 3
1585 2
430 15
1461 2
427 4
413 2
1874 17
512 12
704 7
688 8
692 2
783 16
1106 4
1494 8
1957 20
422 14
184 11
299 4
1869 15
601 19
9 15
1037 12
1030 9
353 4
384 17
6 19
135 11
1969 17
1650 13
1541 6
45 19
1991 1
1406 14
356 6
599 11
1723 3
177 20
612 10
913 2
1002 9
445 16
801 4
737 3
749 9
190 5
1718 7
1752 3
390 9
1587 1
243 16
27 12
1836 20
168 20
1190 9
1878 2
1377 7
326 17
1267 12
1765 5
1160 14
1580 13
789 19
782 13
1720 17
10 18
77 16
905 10
1006 19
1157 6
1039 13
602 9
1751 7
327 1
937 4
1375 18
1130 1
1211 6
702 5
123 2
241 15
1312 1
972 20
223 15
690 12
598 8
1492 5
234 18
544 6
1086 11
835 15
1545 1
1226 8
748 14
302 1
50 10
115 13
1888 20
1419 16
1191 3
159 14
1537 14
916 9
1863 12
1018 6
108 14
1723 2
827 11
328 18
75 17
1819 8
495 14
638 5
712 16
305 17
746 1
1778 7
89 17
1858 14
882 9
1453 10
637 20
984 9
1055 8
764 20
511 17
653 1
740 16
1379 19
9 14
1543 5
557 2
679 20
1221 2
1277 11
389 8
787 15
683 17
1890 18
755 17
1508 1
58 14
905 16
514 11
625 7
1918 3
151 1
759 10
1464 11
190 10
411 3
529 18
977 16
880 14
882 10
386 9
1981 20
550 16
869 8
1246 8
1137 20
315 19
311 13
1083 3
1529 4
1715 2
121 5
148 4
452 17
528 7
935 15
892 11
894 17
894 10
816 4
733 9
770 15
1236 18
1287 9
992 8
1320 18
1524 7
119 7
464 4
928 5
1377 12
1895 20
1772 10
1940 11
1804 10
1747 9
621 10
1875 8
1416 11
479 20
1700 11
718 6
1665 17
1777 19
1790 17
39 8
1863 12
934 10
850 8
1066 8
1226 17
764 1
572 2
337 19
128 5
1427 17
1994 13
342 16
1333 8
238 20
918 12
1116 8
1676 5
344 11
1632 16
1016 19
547 14
216 16
1436 12
1516 19
1816 3
1784 13
1974 3
1436 2
195 13
833 4
619 12
1888 6
681 3
1747 1
851 18
141 18
331 17
82 10
918 11
1900 10
1548 11
879 13
1132 8
186 3
163 7
1008 9
219 11
962 19
886 18
1965 3
617 19
653 3
1744 16
263 2
386 12
1210 17
1340 16
947 18
1859 17
1844 15
315 19
308 15
289 6
152 11
22 6
830 11
1002 3
387 6
845 2
1255 20
1621 17
1862 15
1262 20
1912 3
1158 6
401 14
1977 20
1061 13
1778 19
1726 11
1192 20
1349 3
1633 17
1111 1
930 4
1908 15
1287 4
1627 3
1859 4
419 4
1403 4
942 13
381 10
1005 7
899 5
1097 9
910 3
1092 6
257 13
1129 4
795 19
382 17
419 16
1189 13
47 11
447 12
1298 3
989 13
1623 5
428 20
190 11
1814 5
419 4
533 19
830 10
1198 14
578 20
1773 17
471 9
689 12
628 1
652 18
244 1
1300 7
369 17
1015 4
1023 9
847 2
193 1
243 8
512 10
759 10
55 17
581 16
1980 11
1206 5
1797 9
385 12
1913 19
803 17
133 1
310 2
1371 8
1513 6
1131 3
1272 15
542 3
572 17
1354 6
1316 5
1565 8
647 1
748 10
1141 7
203 18
1491 10
43 18
1597 12
1827 17
1105 17
594 1
1584 12
1568 12
899 5
1073 8
21 2
1318 20
625 15
477 2
1874 18
196 14
1 11
1575 16
537 14
5 3
548 16
1885 14
1842 10
498 4
587 6
1904 19
681 10
779 14
1228 18
782 5
1913 7
788 1
1227 15
1736 8
901 20
303 10
1797 20
234 20
1647 9
1515 3
1152 2
1115 7
200 3
1597 19
51 5
1201 11
1281 13
1706 12
709 9
1669 10
1028 12
1410 13
1723 11
838 20
700 2
1547 15
1187 7
415 20
142 8
1328 10
1714 4
1816 20
846 12
618 19
1813 18
1777 19
933 18
576 13
897 11
637 2
1391 15
1986 5
504 13
1665 4
201 14
1512 2
1997 17
587 15
1075 16
152 8
919 6
935 7
162 3
1236 4
1096 14
1802 10
1796 12
532 11
1493 14
674 12
1037 20
927 7
1261 2
872 11
1752 11
1953 20
1305 6
544 10
77 14
479 15
234 5
1231 7
959 5
467 12
877 20
23 3
844 1
1626 20
79 10
282 1
1801 5
1224 20
869 13
1781 18
1649 19
1882 12
567 18
915 17
1960 16
1786 16
463 12
1451 9
444 13
1859 3
1455 4
14 15
286 15
50 20
687 19
1263 4
486 3
1118 20
1577 13
1426 20
361 2
970 11
38 2
1652 10
729 11
1523 1
226 9
1482 6
1057 14
1718 11
956 1
721 12
161 17
1175 1
1545 11
1841 4
800 8
1936 4
1876 9
1339 15
1915 8
752 15
1054 5
1023 7
1694 10
861 17
442 5
211 18
227 10
891 14
1664 12
1835 1
1234 7
610 14
1150 12
90 12
56 7
680 11
43 3
811 5
867 20
521 10
450 2
921 13
687 13
626 9
1964 12
783 13
55 5
287 2
609 15
1774 3
1855 16
37 4
642 4
1784 12
402 20
103 11
1581 18
770 14
30 10
1645 8
1180 12
1468 2
93 6
1700 6
1427 10
620 2
814 14
748 4
122 11
467 17
358 11
574 17
848 3
1616 7
1189 11
1954 5
442 14
1464 6
1923 16
1731 16
1285 14
1151 1
353 13
1659 6
340 17
231 8
1438 19
658 7
842 10
708 20
478 14
980 14
1636 1
449 10
840 18
1050 1
1603 12
890 5
31 2
128 17
1672 11
1616 14
885 17
1895 8
917 12
217 4
402 10
241 3
1676 5
1256 11
1256 20
1191 17
122 18
1821 1
1200 14
1472 6
1193 19
1540 4
1117 6
936 13
932 11
384 2
832 3
167 10
1783 4
