ADDA 
HI 0
-1
end
HI 64175
-1
end
HI 80669
-1
end
HI 53788
-1
end
HI 27292
-1
end
HI 78093
-1
end
HI 16045
-1
end
HI 18355
-1
end
HI 40611
-1
end
HI 38289
-1
end
HI 42271
-1
end
HI 41267
-1
end
HI 37811
-1
end
HI 23312
-1
end
HI 24910
-1
end
HI 28741
-1
end
HI 21305
-1
end
HI 51947
-1
end
HI 952
-1
end
HI 9734
-1
end
HI 23003
-1
end
HI 49154
-1
end
HI 78921
-1
end
HI 66851
-1
end
HI 12332
-1
end
HI 16046
-1
end
HI 95163
-1
end
HI 61203
-1
end
HI 97676
-1
end
HI 38263
-1
end
HI 50588
-1
end
HI 75582
-1
end
HI 36772
-1
end
HI 94310
-1
end
HI 17864
-1
end
HI 88166
-1
end
HI 36290
-1
end
HI 4897
-1
end
HI 40923
-1
end
HI 66583
-1
end
HI 91728
-1
end
HI 61606
-1
end
HI 38949
-1
end
HI 11233
-1
end
HI 30644
-1
end
HI 56915
-1
end
HI 22948
-1
end
HI 51765
-1
end
HI 97754
-1
end
HI 61460
-1
end
HI 76258
-1
end
HI 20635
-1
end
HI 77271
-1
end
HI 22726
-1
end
HI 20533
-1
end
HI 80827
-1
end
HI 83369
-1
end
HI 74804
-1
end
HI 81234
-1
end
HI 49438
-1
end
HI 46335
-1
end
HI 88472
-1
end
HI 79175
-1
end
HI 84839
-1
end
HI 17803
-1
end
HI 83091
-1
end
HI 6139
-1
end
HI 53695
-1
end
HI 35909
-1
end
HI 29968
-1
end
HI 93873
-1
end
HI 30660
-1
end
HI 16897
-1
end
HI 15415
-1
end
HI 89786
-1
end
HI 18319
-1
end
HI 28403
-1
end
HI 6071
-1
end
HI 15995
-1
end
HI 74646
-1
end
HI 7440
-1
end
HI 45007
-1
end
HI 89937
-1
end
HI 52071
-1
end
HI 1204
-1
end
HI 54356
-1
end
HI 46582
-1
end
HI 96422
-1
end
HI 27305
-1
end
HI 43713
-1
end
HI 65304
-1
end
HI 95850
-1
end
HI 18519
-1
end
HI 41306
-1
end
HI 91933
-1
end
HI 69605
-1
end
HI 82549
-1
end
HI 2789
-1
end
HI 5701
-1
end
HI 56421
-1
end
HI 73101
-1
end
HI 93381
-1
end
HI 43020
-1
end
HI 7481
-1
end
HI 33880
-1
end
HI 19212
-1
end
HI 60101
-1
end
HI 30090
-1
end
HI 50914
-1
end
HI 41198
-1
end
HI 47200
-1
end
HI 87820
-1
end
HI 42599
-1
end
HI 53539
-1
end
HI 39731
-1
end
HI 13957
-1
end
HI 95752
-1
end
HI 6988
-1
end
HI 42819
-1
end
HI 74091
-1
end
HI 38482
-1
end
HI 2616
-1
end
HI 53023
-1
end
HI 2401
-1
end
HI 67420
-1
end
HI 25658
-1
end
HI 47275
-1
end
HI 76079
-1
end
HI 46445
-1
end
HI 60331
-1
end
HI 53829
-1
end
HI 94918
-1
end
HI 71617
-1
end
HI 41105
-1
end
HI 92810
-1
end
HI 78154
-1
end
HI 11273
-1
end
HI 72128
-1
end
HI 42346
-1
end
HI 12244
-1
end
HI 89226
-1
end
HI 65904
-1
end
HI 51345
-1
end
HI 68462
-1
end
HI 45212
-1
end
HI 54246
-1
end
HI 63821
-1
end
HI 30409
-1
end
HI 49103
-1
end
HI 73176
-1
end
HI 88436
-1
end
HI 31811
-1
end
HI 80915
-1
end
HI 64481
-1
end
HI 2384
-1
end
HI 47821
-1
end
HI 23272
-1
end
HI 92109
-1
end
HI 44307
-1
end
HI 62145
-1
end
HI 92493
-1
end
HI 79727
-1
end
HI 70249
-1
end
HI 90786
-1
end
HI 35857
-1
end
HI 50075
-1
end
HI 53074
-1
end
HI 74510
-1
end
HI 8924
-1
end
HI 9452
-1
end
HI 34962
-1
end
HI 47077
-1
end
HI 3453
-1
end
HI 39156
-1
end
HI 77989
-1
end
HI 52815
-1
end
HI 93995
-1
end
HI 46893
-1
end
HI 34918
-1
end
HI 68295
-1
end
HI 47145
-1
end
HI 52524
-1
end
HI 61108
-1
end
HI 95922
-1
end
HI 86243
-1
end
HI 52771
-1
end
HI 2404
-1
end
HI 68611
-1
end
HI 30818
-1
end
HI 39099
-1
end
HI 41082
-1
end
HI 61881
-1
end
HI 9258
-1
end
HI 35697
-1
end
HI 13080
-1
end
HI 5289
-1
end
HI 38520
-1
end
HI 70952
-1
end
HI 99978
-1
end
HI 31991
-1
end
HI 52664
-1
end
HI 15543
-1
end
HI 84352
-1
end
HI 79267
-1
end
HI 9464
-1
end
HI 22617
-1
end
HI 89353
-1
end
HI 26109
-1
end
HI 1958
-1
end
HI 12733
-1
end
HI 62696
-1
end
HI 51782
-1
end
HI 93097
-1
end
HI 16016
-1
end
HI 49676
-1
end
HI 47329
-1
end
HI 93038
-1
end
HI 89224
-1
end
HI 34130
-1
end
HI 56226
-1
end
HI 63164
-1
end
HI 25875
-1
end
HI 67005
-1
end
HI 3532
-1
end
HI 37766
-1
end
HI 63435
-1
end
HI 25610
-1
end
HI 42649
-1
end
HI 44747
-1
end
HI 67799
-1
end
HI 7134
-1
end
HI 23368
-1
end
HI 94939
-1
end
HI 16907
-1
end
HI 26161
-1
end
HI 33324
-1
end
HI 51716
-1
end
HI 11353
-1
end
HI 99640
-1
end
HI 10069
-1
end
HI 18224
-1
end
HI 79097
-1
end
HI 39109
-1
end
HI 18717
-1
end
HI 52087
-1
end
HI 2112
-1
end
HI 63622
-1
end
HI 90006
-1
end
HI 83750
-1
end
HI 12400
-1
end
HI 33067
-1
end
HI 87208
-1
end
HI 15476
-1
end
HI 27017
-1
end
HI 21316
-1
end
HI 29950
-1
end
HI 40734
-1
end
HI 60263
-1
end
HI 37235
-1
end
HI 80606
-1
end
HI 10480
-1
end
HI 59276
-1
end
HI 8036
-1
end
HI 47865
-1
end
HI 77918
-1
end
HI 56350
-1
end
HI 96695
-1
end
HI 13070
-1
end
HI 224
-1
end
HI 31930
-1
end
HI 81896
-1
end
HI 69997
-1
end
HI 2757
-1
end
HI 4119
-1
end
HI 77994
-1
end
HI 84123
-1
end
HI 42304
-1
end
HI 11115
-1
end
HI 10154
-1
end
HI 90631
-1
end
HI 40549
-1
end
HI 45301
-1
end
HI 85008
-1
end
HI 69944
-1
end
HI 35251
-1
end
HI 89373
-1
end
HI 89110
-1
end
HI 59466
-1
end
HI 80036
-1
end
HI 94229
-1
end
HI 40499
-1
end
HI 84756
-1
end
HI 1296
-1
end
HI 5520
-1
end
HI 68172
-1
end
HI 71859
-1
end
HI 85179
-1
end
HI 57370
-1
end
HI 89947
-1
end
HI 40079
-1
end
HI 20216
-1
end
HI 91628
-1
end
HI 64368
-1
end
HI 14264
-1
end
HI 98700
-1
end
HI 63097
-1
end
HI 1749
-1
end
HI 41901
-1
end
HI 64117
-1
end
HI 36167
-1
end
HI 13825
-1
end
HI 18721
-1
end
HI 52960
-1
end
HI 18573
-1
end
HI 80514
-1
end
HI 69198
-1
end
HI 84016
-1
end
HI 15950
-1
end
HI 72735
-1
end
HI 66967
-1
end
HI 96719
-1
end
HI 97660
-1
end
HI 45518
-1
end
HI 76917
-1
end
HI 57819
-1
end
HI 40127
-1
end
HI 91540
-1
end
HI 53486
-1
end
HI 51261
-1
end
HI 57944
-1
end
HI 24370
-1
end
HI 30866
-1
end
HI 58257
-1
end
HI 48097
-1
end
HI 51531
-1
end
HI 37795
-1
end
HI 90613
-1
end
HI 54227
-1
end
HI 31576
-1
end
HI 8689
-1
end
HI 34272
-1
end
HI 7572
-1
end
HI 97568
-1
end
HI 5781
-1
end
HI 2063
-1
end
HI 77108
-1
end
HI 51222
-1
end
HI 12966
-1
end
HI 25052
-1
end
HI 41990
-1
end
HI 71193
-1
end
HI 31017
-1
end
HI 98435
-1
end
HI 24384
-1
end
HI 83188
-1
end
HI 59072
-1
end
HI 98980
-1
end
HI 69586
-1
end
HI 51167
-1
end
HI 13484
-1
end
HI 91273
-1
end
HI 48281
-1
end
HI 87802
-1
end
HI 47389
-1
end
HI 28172
-1
end
HI 78820
-1
end
HI 7451
-1
end
HI 29800
-1
end
HI 48251
-1
end
HI 45727
-1
end
HI 1070
-1
end
HI 50661
-1
end
HI 41775
-1
end
HI 9803
-1
end
HI 14042
-1
end
HI 30203
-1
end
HI 74786
-1
end
HI 19622
-1
end
HI 20879
-1
end
HI 58260
-1
end
HI 31393
-1
end
HI 63027
-1
end
HI 11526
-1
end
HI 28959
-1
end
HI 44305
-1
end
HI 51512
-1
end
HI 47772
-1
end
HI 38950
-1
end
HI 79390
-1
end
HI 88234
-1
end
HI 31295
-1
end
HI 1322
-1
end
HI 49674
-1
end
HI 2848
-1
end
HI 83075
-1
end
HI 96268
-1
end
HI 9243
-1
end
HI 59310
-1
end
HI 7716
-1
end
HI 79549
-1
end
HI 8382
-1
end
HI 391
-1
end
HI 15340
-1
end
HI 80382
-1
end
HI 5694
-1
end
HI 44246
-1
end
HI 96453
-1
end
HI 77779
-1
end
HI 60848
-1
end
HI 10327
-1
end
HI 41285
-1
end
HI 96865
-1
end
HI 77548
-1
end
HI 67906
-1
end
HI 7568
-1
end
HI 60783
-1
end
HI 93613
-1
end
HI 28000
-1
end
HI 83385
-1
end
HI 75005
-1
end
HI 72123
-1
end
HI 29869
-1
end
HI 63189
-1
end
HI 30469
-1
end
HI 35147
-1
end
HI 46731
-1
end
HI 4370
-1
end
HI 72814
-1
end
HI 47798
-1
end
HI 27157
-1
end
HI 71523
-1
end
HI 95578
-1
end
HI 40692
-1
end
HI 8225
-1
end
HI 8752
-1
end
HI 93570
-1
end
HI 49204
-1
end
HI 50853
-1
end
HI 22915
-1
end
HI 40276
-1
end
HI 1656
-1
end
HI 71608
-1
end
HI 70418
-1
end
HI 63496
-1
end
HI 55620
-1
end
HI 93639
-1
end
HI 65716
-1
end
HI 33974
-1
end
HI 46211
-1
end
HI 77936
-1
end
HI 10876
-1
end
HI 18128
-1
end
HI 81720
-1
end
HI 14963
-1
end
HI 83705
-1
end
HI 89672
-1
end
HI 17783
-1
end
HI 44381
-1
end
HI 24569
-1
end
HI 49227
-1
end
HI 31548
-1
end
HI 88290
-1
end
HI 51937
-1
end
HI 80212
-1
end
HI 84844
-1
end
HI 28097
-1
end
HI 69910
-1
end
HI 11950
-1
end
HI 80804
-1
end
HI 11336
-1
end
HI 89702
-1
end
HI 32083
-1
end
HI 89689
-1
end
HI 55659
-1
end
HI 86443
-1
end
HI 18482
-1
end
HI 37375
-1
end
HI 26770
-1
end
HI 54223
-1
end
HI 15849
-1
end
HI 37082
-1
end
HI 5498
-1
end
HI 87526
-1
end
HI 55224
-1
end
HI 40112
-1
end
HI 16252
-1
end
HI 79405
-1
end
HI 16674
-1
end
HI 26018
-1
end
HI 16164
-1
end
HI 80728
-1
end
HI 93220
-1
end
HI 13158
-1
end
HI 9712
-1
end
HI 30221
-1
end
HI 14996
-1
end
HI 27313
-1
end
HI 15675
-1
end
HI 80147
-1
end
HI 31688
-1
end
HI 28826
-1
end
HI 98350
-1
end
HI 74998
-1
end
HI 62467
-1
end
HI 19424
-1
end
HI 63470
-1
end
HI 61024
-1
end
HI 53374
-1
end
HI 92433
-1
end
HI 70898
-1
end
HI 14785
-1
end
HI 67281
-1
end
HI 91678
-1
end
HI 63095
-1
end
HI 50633
-1
end
HI 37741
-1
end
HI 11215
-1
end
HI 8125
-1
end
HI 95082
-1
end
HI 72858
-1
end
HI 74122
-1
end
HI 26831
-1
end
HI 40383
-1
end
HI 78526
-1
end
HI 95450
-1
end
HI 13919
-1
end
HI 58339
-1
end
HI 25096
-1
end
HI 63647
-1
end
HI 40544
-1
end
HI 88225
-1
end
HI 89147
-1
end
HI 40031
-1
end
HI 41226
-1
end
HI 47891
-1
end
HI 82391
-1
end
HI 84372
-1
end
HI 36179
-1
end
HI 55692
-1
end
HI 46846
-1
end
HI 2105
-1
end
HI 77236
-1
end
HI 31003
-1
end
HI 67947
-1
end
HI 94714
-1
end
HI 62426
-1
end
HI 45696
-1
end
HI 79574
-1
end
HI 4877
-1
end
HI 35203
-1
end
HI 32317
-1
end
HI 70690
-1
end
HI 91008
-1
end
HI 1083
-1
end
HI 8064
-1
end
HI 45544
-1
end
HI 59309
-1
end
HI 37019
-1
end
HI 16190
-1
end
HI 49869
-1
end
HI 14174
-1
end
HI 84883
-1
end
HI 51544
-1
end
HI 35895
-1
end
HI 16640
-1
end
HI 59953
-1
end
HI 66335
-1
end
HI 65483
-1
end
HI 17650
-1
end
HI 59480
-1
end
HI 15682
-1
end
HI 32080
-1
end
HI 45644
-1
end
HI 72202
-1
end
HI 37080
-1
end
HI 31954
-1
end
HI 46069
-1
end
HI 19105
-1
end
HI 21844
-1
end
HI 86686
-1
end
HI 33837
-1
end
HI 23211
-1
end
HI 28559
-1
end
HI 34702
-1
end
HI 20659
-1
end
HI 98376
-1
end
HI 26886
-1
end
HI 57672
-1
end
HI 67756
-1
end
HI 99656
-1
end
HI 16777
-1
end
HI 78319
-1
end
HI 50088
-1
end
HI 95442
-1
end
HI 64258
-1
end
HI 72888
-1
end
HI 67681
-1
end
HI 27718
-1
end
HI 56983
-1
end
HI 44904
-1
end
HI 98591
-1
end
HI 33737
-1
end
HI 18196
-1
end
HI 7831
-1
end
HI 77567
-1
end
HI 46664
-1
end
HI 24033
-1
end
HI 10145
-1
end
HI 44836
-1
end
HI 40193
-1
end
HI 10847
-1
end
HI 33417
-1
end
HI 67549
-1
end
HI 32307
-1
end
HI 88431
-1
end
HI 95901
-1
end
HI 91134
-1
end
HI 47521
-1
end
HI 78138
-1
end
HI 77482
-1
end
HI 50746
-1
end
HI 96340
-1
end
HI 35773
-1
end
HI 67691
-1
end
HI 67552
-1
end
HI 89044
-1
end
HI 45233
-1
end
HI 23693
-1
end
HI 43741
-1
end
HI 8244
-1
end
HI 39147
-1
end
HI 63715
-1
end
HI 9914
-1
end
HI 33622
-1
end
HI 11278
-1
end
HI 98928
-1
end
HI 48666
-1
end
HI 15091
-1
end
HI 22422
-1
end
HI 2759
-1
end
HI 78579
-1
end
HI 17016
-1
end
HI 56366
-1
end
HI 36348
-1
end
HI 1213
-1
end
HI 57166
-1
end
HI 4097
-1
end
HI 49213
-1
end
HI 50363
-1
end
HI 41486
-1
end
HI 58602
-1
end
HI 21199
-1
end
HI 70599
-1
end
HI 15034
-1
end
HI 49736
-1
end
HI 81255
-1
end
HI 65821
-1
end
HI 52162
-1
end
HI 32414
-1
end
HI 60294
-1
end
HI 84380
-1
end
HI 33794
-1
end
HI 61582
-1
end
HI 17365
-1
end
HI 37754
-1
end
HI 70577
-1
end
HI 7916
-1
end
HI 13768
-1
end
HI 20030
-1
end
HI 97585
-1
end
HI 2606
-1
end
HI 57145
-1
end
HI 43376
-1
end
HI 65372
-1
end
HI 95787
-1
end
HI 81938
-1
end
HI 13513
-1
end
HI 36073
-1
end
HI 94521
-1
end
HI 97837
-1
end
HI 62739
-1
end
HI 29085
-1
end
HI 47907
-1
end
HI 63415
-1
end
HI 18928
-1
end
HI 58133
-1
end
HI 66641
-1
end
HI 50390
-1
end
HI 15937
-1
end
HI 79718
-1
end
HI 61823
-1
end
HI 35906
-1
end
HI 48231
-1
end
HI 11291
-1
end
HI 84821
-1
end
HI 55373
-1
end
HI 67124
-1
end
HI 26637
-1
end
HI 55163
-1
end
HI 1478
-1
end
HI 49298
-1
end
HI 88802
-1
end
HI 49060
-1
end
HI 92319
-1
end
HI 28060
-1
end
HI 45507
-1
end
HI 13944
-1
end
HI 88344
-1
end
HI 18918
-1
end
HI 58695
-1
end
HI 54154
-1
end
HI 2683
-1
end
HI 27693
-1
end
HI 46321
-1
end
HI 11702
-1
end
HI 34949
-1
end
HI 1600
-1
end
HI 34146
-1
end
HI 9041
-1
end
HI 24644
-1
end
HI 76532
-1
end
HI 70192
-1
end
HI 34606
-1
end
HI 4658
-1
end
HI 73478
-1
end
HI 58940
-1
end
HI 54159
-1
end
HI 54056
-1
end
HI 84061
-1
end
HI 5102
-1
end
HI 79008
-1
end
HI 23932
-1
end
HI 32979
-1
end
HI 30355
-1
end
HI 20293
-1
end
HI 18127
-1
end
HI 1933
-1
end
HI 16065
-1
end
HI 39917
-1
end
HI 98996
-1
end
HI 17377
-1
end
HI 23979
-1
end
HI 1859
-1
end
HI 67251
-1
end
HI 78156
-1
end
HI 99791
-1
end
HI 40130
-1
end
HI 66911
-1
end
HI 7995
-1
end
HI 14514
-1
end
HI 63239
-1
end
HI 67938
-1
end
HI 5189
-1
end
HI 23135
-1
end
HI 49478
-1
end
HI 1886
-1
end
HI 80150
-1
end
HI 16105
-1
end
HI 64112
-1
end
HI 23542
-1
end
HI 51902
-1
end
HI 3995
-1
end
HI 84251
-1
end
HI 3282
-1
end
HI 2998
-1
end
HI 39483
-1
end
HI 46705
-1
end
HI 74269
-1
end
HI 21801
-1
end
HI 23753
-1
end
HI 87073
-1
end
HI 96505
-1
end
HI 37036
-1
end
HI 20765
-1
end
HI 10481
-1
end
HI 28898
-1
end
HI 14808
-1
end
HI 18893
-1
end
HI 62372
-1
end
HI 60688
-1
end
HI 95125
-1
end
HI 88063
-1
end
HI 54757
-1
end
HI 79909
-1
end
HI 75863
-1
end
HI 47904
-1
end
HI 67296
-1
end
HI 83335
-1
end
HI 99736
-1
end
HI 26583
-1
end
HI 33278
-1
end
HI 52535
-1
end
HI 1744
-1
end
HI 51083
-1
end
HI 87012
-1
end
HI 5958
-1
end
HI 56008
-1
end
HI 28410
-1
end
HI 45298
-1
end
HI 18758
-1
end
HI 63105
-1
end
HI 56648
-1
end
HI 46275
-1
end
HI 53354
-1
end
HI 97959
-1
end
HI 52684
-1
end
HI 40596
-1
end
HI 26612
-1
end
HI 60662
-1
end
HI 38943
-1
end
HI 67796
-1
end
HI 50708
-1
end
HI 78402
-1
end
HI 18539
-1
end
HI 96971
-1
end
HI 95127
-1
end
HI 9849
-1
end
HI 61284
-1
end
HI 2826
-1
end
HI 17443
-1
end
HI 89972
-1
end
HI 78210
-1
end
HI 11128
-1
end
HI 33824
-1
end
HI 95338
-1
end
HI 96417
-1
end
HI 56383
-1
end
HI 86897
-1
end
HI 69795
-1
end
HI 92786
-1
end
HI 7075
-1
end
HI 9936
-1
end
HI 95863
-1
end
HI 20648
-1
end
HI 74775
-1
end
HI 40524
-1
end
HI 3140
-1
end
HI 96524
-1
end
HI 61446
-1
end
HI 18952
-1
end
HI 69071
-1
end
HI 74926
-1
end
HI 15689
-1
end
HI 1272
-1
end
HI 88152
-1
end
HI 53542
-1
end
HI 24639
-1
end
HI 97134
-1
end
HI 34752
-1
end
HI 71189
-1
end
HI 8178
-1
end
HI 11012
-1
end
HI 23955
-1
end
HI 82050
-1
end
HI 74124
-1
end
HI 86698
-1
end
HI 21461
-1
end
HI 3114
-1
end
HI 79709
-1
end
HI 50612
-1
end
HI 75018
-1
end
HI 69969
-1
end
HI 68146
-1
end
HI 70033
-1
end
HI 77834
-1
end
HI 25358
-1
end
HI 6685
-1
end
HI 79731
-1
end
HI 42826
-1
end
HI 1437
-1
end
HI 70294
-1
end
HI 47709
-1
end
HI 13629
-1
end
HI 16965
-1
end
HI 88920
-1
end
HI 28625
-1
end
HI 7192
-1
end
HI 58483
-1
end
HI 58944
-1
end
HI 19611
-1
end
HI 6365
-1
end
HI 51146
-1
end
HI 12286
-1
end
HI 54589
-1
end
HI 30402
-1
end
HI 53674
-1
end
HI 59308
-1
end
HI 918
-1
end
HI 20796
-1
end
HI 1266
-1
end
HI 18115
-1
end
HI 52149
-1
end
HI 1866
-1
end
HI 71929
-1
end
HI 82753
-1
end
HI 11681
-1
end
HI 30141
-1
end
HI 67356
-1
end
HI 60108
-1
end
HI 5715
-1
end
HI 63498
-1
end
HI 35676
-1
end
HI 90129
-1
end
HI 6221
-1
end
HI 50384
-1
end
HI 29976
-1
end
HI 7894
-1
end
HI 6945
-1
end
HI 26572
-1
end
HI 81265
-1
end
HI 99802
-1
end
HI 50682
-1
end
HI 10638
-1
end
HI 16307
-1
end
HI 39998
-1
end
HI 735
-1
end
HI 64456
-1
end
HI 76827
-1
end
HI 5540
-1
end
HI 22203
-1
end
HI 20680
-1
end
HI 33951
-1
end
HI 46679
-1
end
HI 41133
-1
end
HI 31435
-1
end
HI 51094
-1
end
HI 94046
-1
end
HI 66454
-1
end
HI 90861
-1
end
HI 53132
-1
end
HI 4033
-1
end
HI 13378
-1
end
HI 29223
-1
end
HI 8321
-1
end
HI 49388
-1
end
HI 83922
-1
end
HI 36352
-1
end
HI 93558
-1
end
HI 12251
-1
end
HI 4133
-1
end
HI 67562
-1
end
HI 54691
-1
end
HI 38335
-1
end
HI 58806
-1
end
HI 33976
-1
end
HI 89323
-1
end
HI 48072
-1
end
HI 15708
-1
end
HI 2657
-1
end
HI 23119
-1
end
HI 82869
-1
end
HI 46107
-1
end
HI 85180
-1
end
HI 70700
-1
end
HI 69111
-1
end
HI 59284
-1
end
HI 73404
-1
end
HI 85399
-1
end
HI 18797
-1
end
HI 92397
-1
end
HI 82207
-1
end
HI 52666
-1
end
HI 5484
-1
end
HI 80599
-1
end
HI 90715
-1
end
HI 15904
-1
end
HI 76164
-1
end
HI 18424
-1
end
HI 30473
-1
end
HI 2130
-1
end
HI 85182
-1
end
HI 62181
-1
end
HI 32508
-1
end
HI 21665
-1
end
HI 28897
-1
end
HI 92235
-1
end
HI 26521
-1
end
HI 25576
-1
end
HI 23772
-1
end
HI 81864
-1
end
HI 37530
-1
end
HI 49682
-1
end
HI 82223
-1
end
HI 76626
-1
end
HI 29315
-1
end
HI 54546
-1
end
HI 36143
-1
end
HI 72799
-1
end
HI 53682
-1
end
HI 81619
-1
end
HI 9188
-1
end
HI 38339
-1
end
HI 49696
-1
end
HI 52586
-1
end
HI 25800
-1
end
HI 66966
-1
end
HI 26257
-1
end
HI 26124
-1
end
HI 39382
-1
end
HI 99365
-1
end
HI 5183
-1
end
HI 87704
-1
end
HI 11100
-1
end
HI 83445
-1
end
HI 40248
-1
end
HI 94838
-1
end
HI 15017
-1
end
HI 96074
-1
end
HI 88202
-1
end
HI 36421
-1
end
HI 29473
-1
end
HI 17141
-1
end
HI 36405
-1
end
HI 58402
-1
end
HI 34444
-1
end
HI 8034
-1
end
HI 8602
-1
end
HI 55433
-1
end
HI 2752
-1
end
HI 96568
-1
end
HI 61718
-1
end
HI 4857
-1
end
HI 68449
-1
end
HI 79263
-1
end
HI 33780
-1
end
HI 35242
-1
end
HI 25147
-1
end
HI 13622
-1
end
HI 79994
-1
end
HI 27448
-1
end
HI 23083
-1
end
HI 12870
-1
end
HI 29447
-1
end
HI 8458
-1
end
HI 44894
-1
end
HI 83578
-1
end
HI 67109
-1
end
HI 61414
-1
end
HI 99314
-1
end
HI 89501
-1
end
HI 37860
-1
end
HI 22407
-1
end
HI 47381
-1
end
HI 99809
-1
end
HI 37819
-1
end
HI 93651
-1
end
HI 16106
-1
end
HI 8097
-1
end
HI 23291
-1
end
HI 66529
-1
end
HI 26470
-1
end
HI 98159
-1
end
HI 71930
-1
end
HI 55029
-1
end
HI 60115
-1
end
HI 96763
-1
end
HI 99429
-1
end
HI 47590
-1
end
HI 61145
-1
end
HI 44281
-1
end
HI 87495
-1
end
HI 14587
-1
end
HI 81150
-1
end
HI 9857
-1
end
HI 75835
-1
end
HI 55048
-1
end
HI 84853
-1
end
HI 51218
-1
end
HI 41373
-1
end
HI 89648
-1
end
HI 73865
-1
end
HI 42088
-1
end
HI 88002
-1
end
HI 30384
-1
end
HI 94078
-1
end
HI 52193
-1
end
HI 77457
-1
end
HI 4952
-1
end
HI 85413
-1
end
HI 91491
-1
end
HI 14423
-1
end
HI 32051
-1
end
HI 7398
-1
end
HI 12757
-1
end
HI 22192
-1
end
HI 77219
-1
end
HI 22696
-1
end
HI 72122
-1
end
HI 54138
-1
end
HI 60461
-1
end
HI 18260
-1
end
HI 11600
-1
end
HI 76638
-1
end
HI 97387
-1
end
HI 33999
-1
end
HI 69330
-1
end
HI 56111
-1
end
HI 23837
-1
end
HI 64976
-1
end
HI 73396
-1
end
HI 86980
-1
end
HI 90364
-1
end
HI 31114
-1
end
HI 83545
-1
end
HI 55883
-1
end
HI 28948
-1
end
HI 22627
-1
end
HI 94195
-1
end
HI 37489
-1
end
HI 52909
-1
end
HI 69267
-1
end
HI 89265
-1
end
HI 88088
-1
end
HI 72218
-1
end
HI 424
-1
end
HI 75747
-1
end
HI 15610
-1
end
HI 30893
-1
end
HI 6577
-1
end
HI 50693
-1
end
HI 15634
-1
end
HI 70206
-1
end
HI 20632
-1
end
HI 34294
-1
end
HI 89744
-1
end
HI 25664
-1
end
HI 78369
-1
end
HI 79578
-1
end
HI 41885
-1
end
HI 88060
-1
end
HI 72478
-1
end
HI 4075
-1
end
HI 52136
-1
end
HI 31730
-1
end
HI 66532
-1
end
HI 80326
-1
end
HI 95576
-1
end
HI 2959
-1
end
HI 59495
-1
end
HI 38678
-1
end
HI 77424
-1
end
HI 38246
-1
end
HI 30693
-1
end
HI 2387
-1
end
HI 6827
-1
end
HI 20770
-1
end
HI 77699
-1
end
HI 78911
-1
end
HI 66655
-1
end
HI 57722
-1
end
HI 844
-1
end
HI 5473
-1
end
HI 45802
-1
end
HI 90765
-1
end
HI 72791
-1
end
HI 78855
-1
end
HI 53421
-1
end
HI 53640
-1
end
HI 98512
-1
end
HI 21223
-1
end
HI 16121
-1
end
HI 66008
-1
end
HI 39629
-1
end
HI 53521
-1
end
HI 87718
-1
end
HI 2240
-1
end
HI 78368
-1
end
HI 4101
-1
end
HI 38406
-1
end
HI 37568
-1
end
HI 16235
-1
end
HI 4435
-1
end
HI 7266
-1
end
HI 57708
-1
end
HI 5784
-1
end
HI 42339
-1
end
HI 8029
-1
end
HI 9203
-1
end
HI 5563
-1
end
HI 76348
-1
end
HI 60096
-1
end
HI 1672
-1
end
HI 78631
-1
end
HI 55522
-1
end
HI 12907
-1
end
HI 33239
-1
end
HI 74298
-1
end
HI 28414
-1
end
HI 47140
-1
end
HI 24317
-1
end
HI 58828
-1
end
HI 10054
-1
end
HI 15503
-1
end
HI 56532
-1
end
HI 32814
-1
end
HI 16319
-1
end
HI 22488
-1
end
HI 85166
-1
end
HI 45660
-1
end
HI 78624
-1
end
HI 18700
-1
end
HI 64278
-1
end
HI 69663
-1
end
HI 67312
-1
end
HI 73386
-1
end
HI 15342
-1
end
HI 13769
-1
end
HI 77613
-1
end
HI 25048
-1
end
HI 95759
-1
end
HI 44114
-1
end
HI 21765
-1
end
HI 95093
-1
end
HI 22464
-1
end
HI 45782
-1
end
HI 52669
-1
end
HI 50208
-1
end
HI 72000
-1
end
HI 7734
-1
end
HI 37667
-1
end
HI 8364
-1
end
HI 7418
-1
end
HI 61361
-1
end
HI 10566
-1
end
HI 5657
-1
end
HI 41781
-1
end
HI 25596
-1
end
HI 75104
-1
end
HI 31276
-1
end
HI 5395
-1
end
HI 87772
-1
end
HI 99590
-1
end
HI 21583
-1
end
HI 76149
-1
end
HI 19447
-1
end
HI 47227
-1
end
HI 4379
-1
end
HI 78622
-1
end
HI 84389
-1
end
HI 20506
-1
end
HI 62378
-1
end
HI 72928
-1
end
HI 42053
-1
end
HI 29335
-1
end
HI 13730
-1
end
HI 21204
-1
end
HI 36753
-1
end
HI 52284
-1
end
HI 99588
-1
end
HI 30552
-1
end
HI 17567
-1
end
HI 91241
-1
end
HI 95966
-1
end
HI 22011
-1
end
HI 3716
-1
end
HI 41792
-1
end
HI 80237
-1
end
HI 99139
-1
end
HI 99062
-1
end
HI 81687
-1
end
HI 40699
-1
end
HI 53573
-1
end
HI 29169
-1
end
HI 77930
-1
end
HI 34631
-1
end
HI 60854
-1
end
HI 62244
-1
end
HI 45299
-1
end
HI 43502
-1
end
HI 15948
-1
end
HI 36629
-1
end
HI 6822
-1
end
HI 26315
-1
end
HI 36454
-1
end
HI 31823
-1
end
HI 86293
-1
end
HI 13681
-1
end
HI 9964
-1
end
HI 97875
-1
end
HI 80543
-1
end
HI 54277
-1
end
HI 16754
-1
end
HI 10391
-1
end
HI 87538
-1
end
HI 11118
-1
end
HI 67522
-1
end
HI 33741
-1
end
HI 33241
-1
end
HI 15251
-1
end
HI 69582
-1
end
HI 94633
-1
end
HI 18705
-1
end
HI 36943
-1
end
HI 83409
-1
end
HI 9694
-1
end
HI 13720
-1
end
HI 24401
-1
end
HI 42307
-1
end
HI 12795
-1
end
HI 53961
-1
end
HI 62264
-1
end
HI 11070
-1
end
HI 78110
-1
end
HI 44134
-1
end
HI 38396
-1
end
HI 35916
-1
end
HI 94784
-1
end
HI 22721
-1
end
HI 62358
-1
end
HI 24018
-1
end
HI 34131
-1
end
HI 61404
-1
end
HI 10558
-1
end
HI 27840
-1
end
HI 20846
-1
end
HI 17072
-1
end
HI 769
-1
end
HI 77624
-1
end
HI 90822
-1
end
HI 30190
-1
end
HI 57363
-1
end
HI 31395
-1
end
HI 43361
-1
end
HI 94243
-1
end
HI 29641
-1
end
HI 3705
-1
end
HI 9620
-1
end
HI 84194
-1
end
HI 35254
-1
end
HI 76290
-1
end
HI 81876
-1
end
HI 78306
-1
end
HI 34143
-1
end
HI 92479
-1
end
HI 3019
-1
end
HI 44556
-1
end
HI 44422
-1
end
HI 36318
-1
end
HI 25291
-1
end
HI 81731
-1
end
HI 19205
-1
end
HI 43440
-1
end
HI 62006
-1
end
HI 52314
-1
end
HI 62199
-1
end
HI 58516
-1
end
HI 22361
-1
end
HI 47540
-1
end
HI 92414
-1
end
HI 40369
-1
end
HI 35947
-1
end
HI 41190
-1
end
HI 59735
-1
end
HI 69380
-1
end
HI 52802
-1
end
HI 75693
-1
end
HI 16480
-1
end
HI 69874
-1
end
HI 76262
-1
end
HI 30646
-1
end
HI 99196
-1
end
HI 86275
-1
end
HI 22455
-1
end
HI 24399
-1
end
HI 60998
-1
end
HI 66874
-1
end
HI 91353
-1
end
HI 37275
-1
end
HI 19876
-1
end
HI 99967
-1
end
HI 13971
-1
end
HI 75548
-1
end
HI 80598
-1
end
HI 98962
-1
end
HI 1829
-1
end
HI 53428
-1
end
HI 23899
-1
end
HI 59848
-1
end
HI 49395
-1
end
HI 83807
-1
end
HI 46928
-1
end
HI 96132
-1
end
HI 1240
-1
end
HI 80370
-1
end
HI 51330
-1
end
HI 97152
-1
end
HI 98728
-1
end
HI 18098
-1
end
HI 63109
-1
end
HI 25365
-1
end
HI 99346
-1
end
HI 64247
-1
end
HI 10823
-1
end
HI 734
-1
end
HI 62401
-1
end
HI 34400
-1
end
HI 69051
-1
end
HI 72253
-1
end
HI 62286
-1
end
HI 45935
-1
end
HI 49178
-1
end
HI 96215
-1
end
HI 25473
-1
end
HI 79779
-1
end
HI 71111
-1
end
HI 80902
-1
end
HI 57215
-1
end
HI 99752
-1
end
HI 7368
-1
end
HI 56371
-1
end
HI 93724
-1
end
HI 83618
-1
end
HI 17538
-1
end
HI 59666
-1
end
HI 5717
-1
end
HI 92056
-1
end
HI 45211
-1
end
HI 60464
-1
end
HI 49181
-1
end
HI 2248
-1
end
HI 35186
-1
end
HI 88549
-1
end
HI 41701
-1
end
HI 5796
-1
end
HI 57463
-1
end
HI 94323
-1
end
HI 36132
-1
end
HI 57235
-1
end
HI 67307
-1
end
HI 39202
-1
end
HI 74609
-1
end
HI 86969
-1
end
HI 93003
-1
end
HI 6193
-1
end
HI 64075
-1
end
HI 79063
-1
end
HI 71788
-1
end
HI 40348
-1
end
HI 58314
-1
end
HI 16671
-1
end
HI 39465
-1
end
HI 77381
-1
end
HI 13626
-1
end
HI 25879
-1
end
HI 45337
-1
end
HI 74946
-1
end
HI 3469
-1
end
HI 49931
-1
end
HI 79193
-1
end
HI 20189
-1
end
HI 41654
-1
end
HI 19909
-1
end
HI 91165
-1
end
HI 32832
-1
end
HI 93716
-1
end
HI 32663
-1
end
HI 87798
-1
end
HI 15209
-1
end
HI 30280
-1
end
HI 56776
-1
end
HI 57522
-1
end
HI 15402
-1
end
HI 86438
-1
end
HI 11854
-1
end
HI 58765
-1
end
HI 64614
-1
end
HI 63613
-1
end
HI 20673
-1
end
HI 63728
-1
end
HI 85555
-1
end
HI 92441
-1
end
HI 94917
-1
end
HI 79070
-1
end
HI 2730
-1
end
HI 91953
-1
end
HI 64174
-1
end
HI 89409
-1
end
HI 54791
-1
end
HI 39871
-1
end
HI 52023
-1
end
HI 82441
-1
end
HI 79868
-1
end
HI 24072
-1
end
HI 24075
-1
end
HI 58244
-1
end
HI 16077
-1
end
HI 72936
-1
end
HI 66612
-1
end
HI 59022
-1
end
HI 45339
-1
end
HI 48604
-1
end
HI 71232
-1
end
HI 38902
-1
end
HI 29227
-1
end
HI 72725
-1
end
HI 95201
-1
end
HI 41882
-1
end
HI 81142
-1
end
HI 28750
-1
end
HI 36565
-1
end
HI 6694
-1
end
HI 42839
-1
end
HI 24950
-1
end
HI 56872
-1
end
HI 26474
-1
end
HI 47175
-1
end
HI 45027
-1
end
HI 53368
-1
end
HI 86263
-1
end
HI 15520
-1
end
HI 4614
-1
end
HI 78381
-1
end
HI 30936
-1
end
HI 23683
-1
end
HI 12126
-1
end
HI 24700
-1
end
HI 51435
-1
end
HI 66858
-1
end
HI 1752
-1
end
HI 98882
-1
end
HI 67027
-1
end
HI 33896
-1
end
HI 3038
-1
end
HI 32375
-1
end
HI 6057
-1
end
HI 59543
-1
end
HI 66558
-1
end
HI 82730
-1
end
HI 32592
-1
end
HI 62673
-1
end
HI 22780
-1
end
HI 86944
-1
end
HI 96275
-1
end
HI 27245
-1
end
HI 74134
-1
end
HI 81197
-1
end
HI 71938
-1
end
HI 28249
-1
end
HI 33829
-1
end
HI 65500
-1
end
HI 96848
-1
end
HI 27152
-1
end
HI 21455
-1
end
HI 55701
-1
end
HI 12682
-1
end
HI 74859
-1
end
HI 65854
-1
end
HI 29318
-1
end
HI 86177
-1
end
HI 85750
-1
end
HI 22404
-1
end
HI 12981
-1
end
HI 74655
-1
end
HI 95949
-1
end
HI 50004
-1
end
HI 32003
-1
end
HI 43364
-1
end
HI 13637
-1
end
HI 23500
-1
end
HI 45736
-1
end
HI 59118
-1
end
HI 7538
-1
end
HI 21147
-1
end
HI 88384
-1
end
HI 1501
-1
end
HI 63342
-1
end
HI 12445
-1
end
HI 26270
-1
end
HI 77100
-1
end
HI 57133
-1
end
HI 16714
-1
end
HI 27426
-1
end
HI 92565
-1
end
HI 80507
-1
end
HI 35838
-1
end
HI 99485
-1
end
HI 61180
-1
end
HI 95233
-1
end
HI 73532
-1
end
HI 80035
-1
end
HI 39740
-1
end
HI 20840
-1
end
HI 89839
-1
end
HI 50299
-1
end
HI 88247
-1
end
HI 60215
-1
end
HI 63474
-1
end
HI 11834
-1
end
HI 38650
-1
end
HI 97423
-1
end
HI 75153
-1
end
HI 50527
-1
end
HI 12502
-1
end
HI 32625
-1
end
HI 41628
-1
end
HI 13187
-1
end
HI 30937
-1
end
HI 15233
-1
end
HI 60888
-1
end
HI 73338
-1
end
HI 76648
-1
end
HI 2579
-1
end
HI 88150
-1
end
HI 19427
-1
end
HI 85260
-1
end
HI 88780
-1
end
HI 98500
-1
end
HI 93350
-1
end
HI 80645
-1
end
HI 77629
-1
end
HI 32600
-1
end
HI 14789
-1
end
HI 89213
-1
end
HI 41514
-1
end
HI 91213
-1
end
HI 60669
-1
end
HI 34372
-1
end
HI 30649
-1
end
HI 29569
-1
end
HI 49566
-1
end
HI 42999
-1
end
HI 20816
-1
end
HI 17415
-1
end
HI 34595
-1
end
HI 85231
-1
end
HI 96900
-1
end
HI 57361
-1
end
HI 10271
-1
end
HI 86315
-1
end
HI 37780
-1
end
HI 37829
-1
end
HI 77988
-1
end
HI 92424
-1
end
HI 84974
-1
end
HI 20159
-1
end
HI 16397
-1
end
HI 69587
-1
end
HI 37599
-1
end
HI 48380
-1
end
HI 20682
-1
end
HI 30387
-1
end
HI 39438
-1
end
HI 62276
-1
end
HI 9681
-1
end
HI 84561
-1
end
HI 51349
-1
end
HI 5195
-1
end
HI 38274
-1
end
HI 20487
-1
end
HI 24237
-1
end
HI 82748
-1
end
HI 87693
-1
end
HI 33541
-1
end
HI 54653
-1
end
HI 86984
-1
end
HI 75840
-1
end
HI 57762
-1
end
HI 66301
-1
end
HI 73273
-1
end
HI 11762
-1
end
HI 7523
-1
end
HI 27945
-1
end
HI 87646
-1
end
HI 45048
-1
end
HI 87559
-1
end
HI 69176
-1
end
HI 40485
-1
end
HI 79026
-1
end
HI 15973
-1
end
HI 89267
-1
end
HI 67882
-1
end
HI 52159
-1
end
HI 47992
-1
end
HI 17136
-1
end
HI 12944
-1
end
HI 73170
-1
end
HI 27612
-1
end
HI 27573
-1
end
HI 22515
-1
end
HI 74778
-1
end
HI 68015
-1
end
HI 18135
-1
end
HI 9317
-1
end
HI 59611
-1
end
HI 95320
-1
end
HI 62891
-1
end
HI 92071
-1
end
HI 41038
-1
end
HI 37428
-1
end
HI 20499
-1
end
HI 60395
-1
end
HI 39566
-1
end
HI 56873
-1
end
HI 70839
-1
end
HI 3902
-1
end
HI 88049
-1
end
HI 29918
-1
end
HI 37359
-1
end
HI 67485
-1
end
HI 26487
-1
end
HI 86244
-1
end
HI 10813
-1
end
HI 72588
-1
end
HI 95490
-1
end
HI 74566
-1
end
HI 48655
-1
end
HI 97737
-1
end
HI 32999
-1
end
HI 6819
-1
end
HI 21803
-1
end
HI 29915
-1
end
HI 99105
-1
end
HI 51786
-1
end
HI 4347
-1
end
HI 15888
-1
end
HI 79604
-1
end
HI 66779
-1
end
HI 25201
-1
end
HI 57971
-1
end
HI 71807
-1
end
HI 74996
-1
end
HI 16231
-1
end
HI 13742
-1
end
HI 69162
-1
end
HI 38262
-1
end
HI 99474
-1
end
HI 37304
-1
end
HI 60207
-1
end
HI 62948
-1
end
HI 21741
-1
end
HI 54670
-1
end
HI 53613
-1
end
HI 51245
-1
end
HI 62888
-1
end
HI 7060
-1
end
HI 91169
-1
end
HI 44738
-1
end
HI 38226
-1
end
HI 4299
-1
end
HI 83542
-1
end
HI 32654
-1
end
HI 89623
-1
end
HI 5287
-1
end
HI 69778
-1
end
HI 56037
-1
end
HI 71253
-1
end
HI 59999
-1
end
HI 58279
-1
end
HI 67046
-1
end
HI 29453
-1
end
HI 9466
-1
end
HI 99496
-1
end
HI 2380
-1
end
HI 58933
-1
end
HI 94327
-1
end
HI 97928
-1
end
HI 70643
-1
end
HI 98885
-1
end
HI 58290
-1
end
HI 80247
-1
end
HI 70581
-1
end
HI 49694
-1
end
HI 13961
-1
end
HI 74147
-1
end
HI 49450
-1
end
HI 74923
-1
end
HI 34374
-1
end
HI 91623
-1
end
HI 27725
-1
end
HI 72707
-1
end
HI 99517
-1
end
HI 75787
-1
end
HI 36433
-1
end
HI 96844
-1
end
HI 2368
-1
end
HI 25117
-1
end
HI 60231
-1
end
HI 98097
-1
end
HI 33327
-1
end
HI 32607
-1
end
HI 10979
-1
end
HI 82867
-1
end
HI 88346
-1
end
HI 25369
-1
end
HI 60298
-1
end
HI 61096
-1
end
HI 64472
-1
end
HI 25007
-1
end
HI 32735
-1
end
HI 75541
-1
end
HI 92936
-1
end
HI 55031
-1
end
HI 76298
-1
end
HI 56863
-1
end
HI 3911
-1
end
HI 23754
-1
end
HI 60594
-1
end
HI 18541
-1
end
HI 15815
-1
end
HI 55575
-1
end
HI 66881
-1
end
HI 29338
-1
end
HI 79784
-1
end
HI 56071
-1
end
HI 69159
-1
end
HI 77095
-1
end
HI 17336
-1
end
HI 10982
-1
end
HI 43456
-1
end
HI 66459
-1
end
HI 41906
-1
end
HI 85490
-1
end
HI 35279
-1
end
HI 62223
-1
end
HI 98049
-1
end
HI 9440
-1
end
HI 74141
-1
end
HI 74713
-1
end
HI 30515
-1
end
HI 60899
-1
end
HI 95131
-1
end
HI 13602
-1
end
HI 74637
-1
end
HI 74308
-1
end
HI 49330
-1
end
HI 55761
-1
end
HI 35871
-1
end
HI 99882
-1
end
HI 20106
-1
end
HI 54027
-1
end
HI 56718
-1
end
HI 99230
-1
end
HI 3731
-1
end
HI 83479
-1
end
HI 2769
-1
end
HI 96458
-1
end
HI 53709
-1
end
HI 30039
-1
end
HI 20578
-1
end
HI 63518
-1
end
HI 81290
-1
end
HI 58896
-1
end
HI 5477
-1
end
HI 65272
-1
end
HI 78593
-1
end
HI 18947
-1
end
HI 8253
-1
end
HI 62971
-1
end
HI 55147
-1
end
HI 20373
-1
end
HI 52270
-1
end
HI 42862
-1
end
HI 20069
-1
end
HI 49083
-1
end
HI 72662
-1
end
HI 91510
-1
end
HI 10044
-1
end
HI 34886
-1
end
HI 96126
-1
end
HI 40707
-1
end
HI 2920
-1
end
HI 56181
-1
end
HI 84647
-1
end
HI 80230
-1
end
HI 3167
-1
end
HI 67411
-1
end
HI 31695
-1
end
HI 1254
-1
end
HI 25807
-1
end
HI 16977
-1
end
HI 5823
-1
end
HI 19186
-1
end
HI 42690
-1
end
HI 15501
-1
end
HI 9193
-1
end
HI 51023
-1
end
HI 12259
-1
end
HI 80158
-1
end
HI 91028
-1
end
HI 34383
-1
end
HI 65611
-1
end
HI 60796
-1
end
HI 54601
-1
end
HI 42987
-1
end
HI 53300
-1
end
HI 83669
-1
end
HI 70422
-1
end
HI 93465
-1
end
HI 23305
-1
end
HI 74822
-1
end
HI 75452
-1
end
HI 92734
-1
end
HI 88927
-1
end
HI 93468
-1
end
HI 57923
-1
end
HI 94586
-1
end
HI 74870
-1
end
HI 50925
-1
end
HI 20282
-1
end
HI 13872
-1
end
HI 29060
-1
end
HI 48844
-1
end
HI 6403
-1
end
HI 50679
-1
end
HI 82738
-1
end
HI 34912
-1
end
HI 96314
-1
end
HI 17900
-1
end
HI 30846
-1
end
HI 23038
-1
end
HI 57365
-1
end
HI 6266
-1
end
HI 80594
-1
end
HI 71328
-1
end
HI 688
-1
end
HI 65248
-1
end
HI 50301
-1
end
HI 53384
-1
end
HI 22697
-1
end
HI 84244
-1
end
HI 50011
-1
end
HI 86696
-1
end
HI 68269
-1
end
HI 68145
-1
end
HI 55461
-1
end
HI 71500
-1
end
HI 69035
-1
end
HI 93828
-1
end
HI 3431
-1
end
HI 46884
-1
end
HI 15005
-1
end
HI 51267
-1
end
HI 84860
-1
end
HI 39456
-1
end
HI 50360
-1
end
HI 92337
-1
end
HI 47930
-1
end
HI 56918
-1
end
HI 15859
-1
end
HI 97553
-1
end
HI 2207
-1
end
HI 74489
-1
end
HI 89679
-1
end
HI 80501
-1
end
HI 18781
-1
end
HI 50370
-1
end
HI 42740
-1
end
HI 9085
-1
end
HI 66659
-1
end
HI 19697
-1
end
HI 51612
-1
end
HI 20558
-1
end
HI 82821
-1
end
HI 56956
-1
end
HI 44784
-1
end
HI 33506
-1
end
HI 39691
-1
end
HI 46141
-1
end
HI 33591
-1
end
HI 86544
-1
end
HI 42283
-1
end
HI 34426
-1
end
HI 97060
-1
end
HI 27934
-1
end
HI 76037
-1
end
HI 99777
-1
end
HI 14416
-1
end
HI 66944
-1
end
HI 66915
-1
end
HI 76160
-1
end
HI 69195
-1
end
HI 42635
-1
end
HI 31515
-1
end
HI 35317
-1
end
HI 32136
-1
end
HI 68446
-1
end
HI 51053
-1
end
HI 81218
-1
end
HI 89527
-1
end
HI 83528
-1
end
HI 95147
-1
end
HI 51810
-1
end
HI 15615
-1
end
HI 51013
-1
end
HI 17799
-1
end
HI 75102
-1
end
HI 34585
-1
end
HI 40562
-1
end
HI 51979
-1
end
HI 70748
-1
end
HI 69957
-1
end
HI 3194
-1
end
HI 15560
-1
end
HI 85539
-1
end
HI 63466
-1
end
HI 88550
-1
end
HI 32438
-1
end
HI 1261
-1
end
HI 54244
-1
end
HI 61840
-1
end
HI 9804
-1
end
HI 9348
-1
end
HI 16849
-1
end
HI 73001
-1
end
HI 38357
-1
end
HI 75413
-1
end
HI 29701
-1
end
HI 76902
-1
end
HI 72873
-1
end
HI 85760
-1
end
HI 9275
-1
end
HI 94415
-1
end
HI 61830
-1
end
HI 3976
-1
end
HI 85441
-1
end
HI 82146
-1
end
HI 9546
-1
end
HI 47776
-1
end
HI 82113
-1
end
HI 70092
-1
end
HI 60941
-1
end
HI 17789
-1
end
HI 60229
-1
end
HI 45076
-1
end
HI 97240
-1
end
HI 50475
-1
end
HI 42696
-1
end
HI 25198
-1
end
HI 26127
-1
end
HI 27455
-1
end
HI 64113
-1
end
HI 37400
-1
end
HI 16600
-1
end
HI 1413
-1
end
HI 19843
-1
end
HI 51520
-1
end
HI 45422
-1
end
HI 67717
-1
end
HI 38395
-1
end
HI 90379
-1
end
HI 10047
-1
end
HI 30715
-1
end
HI 46538
-1
end
HI 19884
-1
end
HI 44795
-1
end
HI 921
-1
end
HI 305
-1
end
HI 33532
-1
end
HI 77363
-1
end
HI 64032
-1
end
HI 22481
-1
end
HI 12108
-1
end
HI 84402
-1
end
HI 11662
-1
end
HI 60234
-1
end
HI 94910
-1
end
HI 86319
-1
end
HI 24441
-1
end
HI 17199
-1
end
HI 12107
-1
end
HI 34846
-1
end
HI 24270
-1
end
HI 17793
-1
end
HI 55175
-1
end
HI 78654
-1
end
HI 96860
-1
end
HI 80679
-1
end
HI 80535
-1
end
HI 27248
-1
end
HI 38301
-1
end
HI 59160
-1
end
HI 13264
-1
end
HI 63173
-1
end
HI 66133
-1
end
HI 14702
-1
end
HI 98916
-1
end
HI 78575
-1
end
HI 64007
-1
end
HI 26050
-1
end
HI 31572
-1
end
HI 1167
-1
end
HI 40527
-1
end
HI 15232
-1
end
HI 48621
-1
end
HI 87952
-1
end
HI 96492
-1
end
HI 96969
-1
end
HI 42352
-1
end
HI 70779
-1
end
HI 11197
-1
end
HI 79206
-1
end
HI 51894
-1
end
HI 84942
-1
end
HI 87604
-1
end
HI 28595
-1
end
HI 86249
-1
end
HI 68958
-1
end
HI 94170
-1
end
HI 42537
-1
end
HI 46085
-1
end
HI 45497
-1
end
HI 79279
-1
end
HI 87769
-1
end
HI 99140
-1
end
HI 31687
-1
end
HI 55908
-1
end
HI 97671
-1
end
HI 47997
-1
end
HI 14053
-1
end
HI 38399
-1
end
HI 72984
-1
end
HI 60271
-1
end
HI 80868
-1
end
HI 56110
-1
end
HI 15366
-1
end
HI 15642
-1
end
HI 1075
-1
end
HI 18378
-1
end
HI 28294
-1
end
HI 38827
-1
end
HI 21053
-1
end
HI 19747
-1
end
HI 4656
-1
end
HI 72948
-1
end
HI 8786
-1
end
HI 33740
-1
end
HI 11588
-1
end
HI 30341
-1
end
HI 95343
-1
end
HI 34133
-1
end
HI 73584
-1
end
HI 33358
-1
end
HI 39127
-1
end
HI 31502
-1
end
HI 6103
-1
end
HI 17560
-1
end
HI 47266
-1
end
HI 90310
-1
end
HI 89065
-1
end
HI 93234
-1
end
HI 49572
-1
end
HI 83652
-1
end
HI 71495
-1
end
HI 15546
-1
end
HI 67979
-1
end
HI 42510
-1
end
HI 53217
-1
end
HI 55406
-1
end
HI 22021
-1
end
HI 23047
-1
end
HI 17903
-1
end
HI 33175
-1
end
HI 95746
-1
end
HI 16899
-1
end
HI 73070
-1
end
HI 75235
-1
end
HI 2169
-1
end
HI 4648
-1
end
HI 24980
-1
end
HI 12261
-1
end
HI 71713
-1
end
HI 46716
-1
end
HI 76567
-1
end
HI 40510
-1
end
HI 65774
-1
end
HI 20515
-1
end
HI 73368
-1
end
HI 58268
-1
end
HI 90463
-1
end
HI 88652
-1
end
HI 94159
-1
end
HI 3216
-1
end
HI 70436
-1
end
HI 33152
-1
end
HI 38109
-1
end
HI 29531
-1
end
HI 4734
-1
end
HI 76816
-1
end
HI 20095
-1
end
HI 63055
-1
end
HI 72708
-1
end
HI 31195
-1
end
HI 14141
-1
end
HI 40155
-1
end
HI 54952
-1
end
HI 67084
-1
end
HI 49776
-1
end
HI 67911
-1
end
HI 43971
-1
end
HI 35025
-1
end
HI 32354
-1
end
HI 67440
-1
end
HI 46031
-1
end
HI 99149
-1
end
HI 84779
-1
end
HI 44208
-1
end
HI 66614
-1
end
HI 37127
-1
end
HI 64567
-1
end
HI 75000
-1
end
HI 43480
-1
end
HI 48160
-1
end
HI 27708
-1
end
HI 993
-1
end
HI 8264
-1
end
HI 68748
-1
end
HI 87556
-1
end
HI 18661
-1
end
HI 13591
-1
end
HI 48014
-1
end
HI 17823
-1
end
HI 3916
-1
end
HI 97736
-1
end
HI 25253
-1
end
HI 88739
-1
end
HI 82019
-1
end
HI 3211
-1
end
HI 92882
-1
end
HI 29865
-1
end
HI 17027
-1
end
HI 20656
-1
end
HI 32053
-1
end
HI 10353
-1
end
HI 5148
-1
end
HI 48862
-1
end
HI 82180
-1
end
HI 15983
-1
end
HI 47259
-1
end
HI 90134
-1
end
HI 44541
-1
end
HI 47763
-1
end
HI 53994
-1
end
HI 59059
-1
end
HI 83600
-1
end
HI 55874
-1
end
HI 27621
-1
end
HI 38578
-1
end
HI 1114
-1
end
HI 90013
-1
end
HI 52110
-1
end
HI 35414
-1
end
HI 8256
-1
end
HI 38765
-1
end
HI 2342
-1
end
HI 49895
-1
end
HI 68789
-1
end
HI 32482
-1
end
HI 89555
-1
end
HI 38020
-1
end
HI 94447
-1
end
HI 63008
-1
end
HI 50856
-1
end
HI 78766
-1
end
HI 47633
-1
end
HI 28302
-1
end
HI 82932
-1
end
HI 26867
-1
end
HI 9862
-1
end
HI 25062
-1
end
HI 17827
-1
end
HI 19485
-1
end
HI 83352
-1
end
HI 77172
-1
end
HI 50
-1
end
HI 52380
-1
end
HI 52899
-1
end
HI 17762
-1
end
HI 52301
-1
end
HI 77917
-1
end
HI 99453
-1
end
HI 73260
-1
end
HI 72661
-1
end
HI 34435
-1
end
HI 25455
-1
end
HI 7777
-1
end
HI 98121
-1
end
HI 52116
-1
end
HI 53927
-1
end
HI 66128
-1
end
HI 29854
-1
end
HI 89445
-1
end
HI 27705
-1
end
HI 43411
-1
end
HI 25185
-1
end
HI 39389
-1
end
HI 20923
-1
end
HI 94959
-1
end
HI 62415
-1
end
HI 69202
-1
end
HI 71718
-1
end
HI 68217
-1
end
HI 27178
-1
end
HI 68835
-1
end
HI 6903
-1
end
HI 90699
-1
end
HI 2969
-1
end
HI 24611
-1
end
HI 75158
-1
end
HI 64566
-1
end
HI 33034
-1
end
HI 39426
-1
end
HI 72428
-1
end
HI 14780
-1
end
HI 44017
-1
end
HI 11587
-1
end
HI 2715
-1
end
HI 73062
-1
end
HI 16335
-1
end
HI 51098
-1
end
HI 85776
-1
end
HI 87702
-1
end
HI 95856
-1
end
HI 53549
-1
end
HI 22362
-1
end
HI 562
-1
end
HI 90099
-1
end
HI 87608
-1
end
HI 38265
-1
end
HI 10871
-1
end
HI 23875
-1
end
HI 34120
-1
end
HI 13311
-1
end
HI 61675
-1
end
HI 20710
-1
end
HI 39662
-1
end
HI 52368
-1
end
HI 87605
-1
end
HI 53817
-1
end
HI 11629
-1
end
HI 67166
-1
end
HI 49145
-1
end
HI 54807
-1
end
HI 83491
-1
end
HI 50353
-1
end
HI 72668
-1
end
HI 6814
-1
end
HI 14526
-1
end
HI 70019
-1
end
HI 91097
-1
end
HI 620
-1
end
HI 63172
-1
end
HI 54912
-1
end
HI 68023
-1
end
HI 93890
-1
end
HI 22649
-1
end
HI 16695
-1
end
HI 96908
-1
end
HI 65098
-1
end
HI 20724
-1
end
HI 51702
-1
end
HI 19758
-1
end
HI 76291
-1
end
HI 53482
-1
end
HI 38639
-1
end
HI 35215
-1
end
HI 62439
-1
end
HI 62205
-1
end
HI 35948
-1
end
HI 1545
-1
end
HI 60355
-1
end
HI 50137
-1
end
HI 86787
-1
end
HI 75594
-1
end
HI 14126
-1
end
HI 10762
-1
end
HI 15203
-1
end
HI 45575
-1
end
HI 34697
-1
end
HI 79292
-1
end
HI 15751
-1
end
HI 89111
-1
end
HI 46833
-1
end
HI 18054
-1
end
HI 40302
-1
end
HI 45655
-1
end
HI 12781
-1
end
HI 77625
-1
end
HI 94898
-1
end
HI 18150
-1
end
HI 80399
-1
end
HI 31392
-1
end
HI 68888
-1
end
HI 56261
-1
end
HI 9675
-1
end
HI 56618
-1
end
HI 77500
-1
end
HI 96032
-1
end
HI 33243
-1
end
HI 86265
-1
end
HI 20898
-1
end
HI 91031
-1
end
HI 33047
-1
end
HI 62822
-1
end
HI 95898
-1
end
HI 16501
-1
end
HI 91078
-1
end
HI 10541
-1
end
HI 74892
-1
end
HI 77704
-1
end
HI 88489
-1
end
HI 95104
-1
end
HI 25522
-1
end
HI 97433
-1
end
HI 36491
-1
end
HI 2684
-1
end
HI 88938
-1
end
HI 92503
-1
end
HI 53245
-1
end
HI 2776
-1
end
HI 35819
-1
end
HI 56077
-1
end
HI 92728
-1
end
HI 60427
-1
end
HI 54318
-1
end
HI 62251
-1
end
HI 83484
-1
end
HI 38915
-1
end
HI 33396
-1
end
HI 56702
-1
end
HI 78063
-1
end
HI 60313
-1
end
HI 63666
-1
end
HI 68831
-1
end
HI 51678
-1
end
HI 25008
-1
end
HI 91262
-1
end
HI 26223
-1
end
HI 39846
-1
end
HI 29380
-1
end
HI 84613
-1
end
HI 85980
-1
end
HI 79849
-1
end
HI 7551
-1
end
HI 9480
-1
end
HI 68257
-1
end
HI 82685
-1
end
HI 73403
-1
end
HI 62331
-1
end
HI 32233
-1
end
HI 97311
-1
end
HI 84498
-1
end
HI 97949
-1
end
HI 34
-1
end
HI 10776
-1
end
HI 41905
-1
end
HI 6960
-1
end
HI 7139
-1
end
HI 80146
-1
end
HI 18673
-1
end
HI 47915
-1
end
HI 96328
-1
end
HI 72825
-1
end
HI 92508
-1
end
HI 17593
-1
end
HI 657
-1
end
HI 17637
-1
end
HI 50357
-1
end
HI 39741
-1
end
HI 89860
-1
end
HI 45862
-1
end
HI 69422
-1
end
HI 44856
-1
end
HI 52559
-1
end
HI 18280
-1
end
HI 84966
-1
end
HI 59636
-1
end
HI 15404
-1
end
HI 35072
-1
end
HI 64577
-1
end
HI 62399
-1
end
HI 73697
-1
end
HI 7
-1
end
HI 52695
-1
end
HI 61189
-1
end
HI 90468
-1
end
HI 36539
-1
end
HI 6315
-1
end
HI 86636
-1
end
HI 93153
-1
end
HI 93952
-1
end
HI 52144
-1
end
HI 74821
-1
end
HI 10587
-1
end
HI 82728
-1
end
HI 15947
-1
end
HI 24084
-1
end
HI 87741
-1
end
HI 83841
-1
end
HI 6693
-1
end
HI 91051
-1
end
HI 3673
-1
end
HI 42915
-1
end
HI 69704
-1
end
HI 40826
-1
end
HI 45147
-1
end
HI 18863
-1
end
HI 21659
-1
end
HI 65033
-1
end
HI 65819
-1
end
HI 47040
-1
end
HI 42265
-1
end
HI 51370
-1
end
HI 40372
-1
end
HI 43404
-1
end
HI 21386
-1
end
HI 41993
-1
end
HI 58772
-1
end
HI 22003
-1
end
HI 89207
-1
end
HI 26267
-1
end
HI 41336
-1
end
HI 14984
-1
end
HI 78065
-1
end
HI 43475
-1
end
HI 42136
-1
end
HI 19337
-1
end
HI 87766
-1
end
HI 86483
-1
end
HI 39607
-1
end
HI 99428
-1
end
HI 24863
-1
end
HI 63184
-1
end
HI 76363
-1
end
HI 79253
-1
end
HI 45105
-1
end
HI 90045
-1
end
HI 64557
-1
end
HI 28506
-1
end
HI 61437
-1
end
HI 86633
-1
end
HI 68964
-1
end
HI 54578
-1
end
HI 34680
-1
end
HI 26712
-1
end
HI 9066
-1
end
HI 48089
-1
end
HI 39645
-1
end
HI 16183
-1
end
HI 43488
-1
end
HI 90825
-1
end
HI 6553
-1
end
HI 4026
-1
end
HI 86206
-1
end
HI 73454
-1
end
HI 34937
-1
end
HI 86708
-1
end
HI 74019
-1
end
HI 77239
-1
end
HI 96349
-1
end
HI 97563
-1
end
HI 82662
-1
end
HI 12559
-1
end
HI 20645
-1
end
HI 29178
-1
end
HI 46298
-1
end
HI 84144
-1
end
HI 45055
-1
end
HI 76024
-1
end
HI 95868
-1
end
HI 73975
-1
end
HI 33077
-1
end
HI 32316
-1
end
HI 96818
-1
end
HI 71394
-1
end
HI 68267
-1
end
HI 89996
-1
end
HI 29007
-1
end
HI 57992
-1
end
HI 6985
-1
end
HI 81518
-1
end
HI 36802
-1
end
HI 72328
-1
end
HI 32515
-1
end
HI 14721
-1
end
HI 77604
-1
end
HI 51130
-1
end
HI 50599
-1
end
HI 26745
-1
end
HI 29184
-1
end
HI 9598
-1
end
HI 94115
-1
end
HI 30041
-1
end
HI 10628
-1
end
HI 65183
-1
end
HI 65735
-1
end
HI 83468
-1
end
HI 29895
-1
end
HI 90012
-1
end
HI 7907
-1
end
HI 30625
-1
end
HI 11433
-1
end
HI 98911
-1
end
HI 38325
-1
end
HI 84449
-1
end
HI 63716
-1
end
HI 51574
-1
end
HI 94161
-1
end
HI 54083
-1
end
HI 44550
-1
end
HI 60121
-1
end
HI 619
-1
end
HI 19087
-1
end
HI 37511
-1
end
HI 64167
-1
end
HI 65492
-1
end
HI 7978
-1
end
HI 86936
-1
end
HI 684
-1
end
HI 13900
-1
end
HI 61273
-1
end
HI 62101
-1
end
HI 91907
-1
end
HI 27769
-1
end
HI 73021
-1
end
HI 73640
-1
end
HI 78718
-1
end
HI 79573
-1
end
HI 85648
-1
end
HI 31579
-1
end
HI 32744
-1
end
HI 76646
-1
end
HI 92196
-1
end
HI 38027
-1
end
HI 42870
-1
end
HI 85516
-1
end
HI 4230
-1
end
HI 65559
-1
end
HI 85405
-1
end
HI 10420
-1
end
HI 59497
-1
end
HI 79344
-1
end
HI 61624
-1
end
HI 43702
-1
end
HI 64380
-1
end
HI 21234
-1
end
HI 97576
-1
end
HI 34575
-1
end
HI 87754
-1
end
HI 30439
-1
end
HI 30520
-1
end
HI 36377
-1
end
HI 44106
-1
end
HI 58369
-1
end
HI 93670
-1
end
HI 78753
-1
end
HI 13669
-1
end
HI 18953
-1
end
HI 59580
-1
end
HI 96907
-1
end
HI 66828
-1
end
HI 87540
-1
end
HI 39826
-1
end
HI 83009
-1
end
HI 90082
-1
end
HI 13909
-1
end
HI 72842
-1
end
HI 17224
-1
end
HI 95219
-1
end
HI 18983
-1
end
HI 86946
-1
end
HI 89611
-1
end
HI 64515
-1
end
HI 99340
-1
end
HI 34281
-1
end
HI 38613
-1
end
HI 67996
-1
end
HI 18246
-1
end
HI 66624
-1
end
HI 8338
-1
end
HI 73876
-1
end
HI 41323
-1
end
HI 53998
-1
end
HI 73709
-1
end
HI 50811
-1
end
HI 13102
-1
end
HI 60701
-1
end
HI 27897
-1
end
HI 24826
-1
end
HI 40623
-1
end
HI 73355
-1
end
HI 33219
-1
end
HI 58928
-1
end
HI 79318
-1
end
HI 5603
-1
end
HI 94036
-1
end
HI 90838
-1
end
HI 57102
-1
end
HI 83068
-1
end
HI 5474
-1
end
HI 1320
-1
end
HI 74487
-1
end
HI 10211
-1
end
HI 9162
-1
end
HI 4434
-1
end
HI 75444
-1
end
HI 40753
-1
end
HI 30365
-1
end
HI 46295
-1
end
HI 87245
-1
end
HI 12386
-1
end
HI 70778
-1
end
HI 69451
-1
end
HI 97122
-1
end
HI 17806
-1
end
HI 19209
-1
end
HI 71081
-1
end
HI 1110
-1
end
HI 72429
-1
end
HI 76294
-1
end
HI 2131
-1
end
HI 71301
-1
end
HI 43958
-1
end
HI 61049
-1
end
HI 7891
-1
end
HI 27126
-1
end
HI 23011
-1
end
HI 4840
-1
end
HI 63228
-1
end
HI 29260
-1
end
HI 22857
-1
end
HI 94556
-1
end
HI 3276
-1
end
HI 62306
-1
end
HI 14972
-1
end
HI 32324
-1
end
HI 50093
-1
end
HI 47025
-1
end
HI 7651
-1
end
HI 93989
-1
end
HI 61849
-1
end
HI 62945
-1
end
HI 94383
-1
end
HI 33562
-1
end
HI 2570
-1
end
HI 40429
-1
end
HI 97586
-1
end
HI 88032
-1
end
HI 2875
-1
end
HI 69145
-1
end
HI 77088
-1
end
HI 80306
-1
end
HI 46163
-1
end
HI 17190
-1
end
HI 54559
-1
end
HI 61558
-1
end
HI 5056
-1
end
HI 45366
-1
end
HI 29074
-1
end
HI 41418
-1
end
HI 89747
-1
end
HI 49423
-1
end
HI 70385
-1
end
HI 84673
-1
end
HI 12823
-1
end
HI 242
-1
end
HI 33195
-1
end
HI 42205
-1
end
HI 39391
-1
end
HI 84019
-1
end
HI 38418
-1
end
HI 62791
-1
end
HI 43415
-1
end
HI 80774
-1
end
HI 77297
-1
end
HI 75075
-1
end
HI 84632
-1
end
HI 86909
-1
end
HI 76323
-1
end
HI 47372
-1
end
HI 87122
-1
end
HI 26879
-1
end
HI 62563
-1
end
HI 83177
-1
end
HI 48733
-1
end
HI 12345
-1
end
HI 63951
-1
end
HI 22510
-1
end
HI 79649
-1
end
HI 28965
-1
end
HI 47875
-1
end
HI 43346
-1
end
HI 48308
-1
end
HI 90526
-1
end
HI 58721
-1
end
HI 60455
-1
end
HI 9399
-1
end
HI 90564
-1
end
HI 94789
-1
end
HI 64347
-1
end
HI 37693
-1
end
HI 43773
-1
end
HI 50356
-1
end
HI 9023
-1
end
HI 93194
-1
end
HI 38122
-1
end
HI 2076
-1
end
HI 46560
-1
end
HI 34693
-1
end
HI 42512
-1
end
HI 69749
-1
end
HI 52068
-1
end
HI 71106
-1
end
HI 99243
-1
end
HI 29493
-1
end
HI 72470
-1
end
HI 71087
-1
end
HI 41936
-1
end
HI 57769
-1
end
HI 34260
-1
end
HI 78113
-1
end
HI 3394
-1
end
HI 45397
-1
end
HI 66141
-1
end
HI 15930
-1
end
HI 88864
-1
end
HI 37297
-1
end
HI 35722
-1
end
HI 40845
-1
end
HI 33030
-1
end
HI 15886
-1
end
HI 81230
-1
end
HI 43422
-1
end
HI 81831
-1
end
HI 28383
-1
end
HI 25333
-1
end
HI 78392
-1
end
HI 10565
-1
end
HI 8764
-1
end
HI 69050
-1
end
HI 52235
-1
end
HI 11016
-1
end
HI 77171
-1
end
HI 88109
-1
end
HI 66129
-1
end
HI 12788
-1
end
HI 80174
-1
end
HI 46334
-1
end
HI 1123
-1
end
HI 60450
-1
end
HI 69810
-1
end
HI 32217
-1
end
HI 7170
-1
end
HI 63832
-1
end
HI 32081
-1
end
HI 68698
-1
end
HI 44838
-1
end
HI 7364
-1
end
HI 47870
-1
end
HI 31908
-1
end
HI 55517
-1
end
HI 5986
-1
end
HI 22086
-1
end
HI 29719
-1
end
HI 21262
-1
end
HI 39222
-1
end
HI 61202
-1
end
HI 94812
-1
end
HI 268
-1
end
HI 60072
-1
end
HI 58766
-1
end
HI 97909
-1
end
HI 79926
-1
end
HI 37750
-1
end
HI 81176
-1
end
HI 96482
-1
end
HI 624
-1
end
HI 57825
-1
end
HI 28221
-1
end
HI 32254
-1
end
HI 51107
-1
end
HI 12187
-1
end
HI 54947
-1
end
HI 40992
-1
end
HI 49160
-1
end
HI 70441
-1
end
HI 41927
-1
end
HI 23603
-1
end
HI 34788
-1
end
HI 63384
-1
end
HI 29908
-1
end
HI 66326
-1
end
HI 53974
-1
end
HI 68078
-1
end
HI 4675
-1
end
HI 12518
-1
end
HI 68361
-1
end
HI 28423
-1
end
HI 23644
-1
end
HI 97858
-1
end
HI 53208
-1
end
HI 16186
-1
end
HI 54168
-1
end
HI 99204
-1
end
HI 86592
-1
end
HI 90721
-1
end
HI 81878
-1
end
HI 33468
-1
end
HI 42554
-1
end
HI 37505
-1
end
HI 32691
-1
end
HI 51206
-1
end
HI 21105
-1
end
HI 16838
-1
end
HI 42502
-1
end
HI 18940
-1
end
HI 923
-1
end
HI 42669
-1
end
HI 51924
-1
end
HI 36530
-1
end
HI 78981
-1
end
HI 24383
-1
end
HI 8363
-1
end
HI 45498
-1
end
HI 88537
-1
end
HI 68800
-1
end
HI 60906
-1
end
HI 71095
-1
end
HI 97031
-1
end
HI 41077
-1
end
HI 96088
-1
end
HI 23764
-1
end
HI 8682
-1
end
HI 70845
-1
end
HI 6329
-1
end
HI 39925
-1
end
HI 21834
-1
end
HI 15697
-1
end
HI 68278
-1
end
HI 62847
-1
end
HI 91993
-1
end
HI 67868
-1
end
HI 20562
-1
end
HI 59731
-1
end
HI 62325
-1
end
HI 4213
-1
end
HI 98044
-1
end
HI 42194
-1
end
HI 61562
-1
end
HI 92415
-1
end
HI 42426
-1
end
HI 54482
-1
end
HI 94050
-1
end
HI 95474
-1
end
HI 90515
-1
end
HI 80557
-1
end
HI 44496
-1
end
HI 63169
-1
end
HI 69104
-1
end
HI 96308
-1
end
HI 36051
-1
end
HI 33448
-1
end
HI 41030
-1
end
HI 98035
-1
end
HI 42437
-1
end
HI 9999
-1
end
HI 27991
-1
end
HI 55007
-1
end
HI 34357
-1
end
HI 91492
-1
end
HI 9432
-1
end
HI 96973
-1
end
HI 40780
-1
end
HI 92596
-1
end
HI 72909
-1
end
HI 48871
-1
end
HI 58794
-1
end
HI 30967
-1
end
HI 98459
-1
end
HI 8444
-1
end
HI 40555
-1
end
HI 75181
-1
end
HI 59818
-1
end
HI 79235
-1
end
HI 65790
-1
end
HI 49611
-1
end
HI 44067
-1
end
HI 4774
-1
end
HI 96537
-1
end
HI 43270
-1
end
HI 37880
-1
end
HI 33935
-1
end
HI 92686
-1
end
HI 42642
-1
end
HI 76016
-1
end
HI 31670
-1
end
HI 11143
-1
end
HI 77549
-1
end
HI 99044
-1
end
HI 72064
-1
end
HI 41867
-1
end
HI 68077
-1
end
HI 68182
-1
end
HI 7089
-1
end
HI 46110
-1
end
HI 75715
-1
end
HI 41890
-1
end
HI 25652
-1
end
HI 45442
-1
end
HI 54006
-1
end
HI 48023
-1
end
HI 24769
-1
end
HI 2713
-1
end
HI 24868
-1
end
HI 46536
-1
end
HI 9312
-1
end
HI 24474
-1
end
HI 81474
-1
end
HI 891
-1
end
HI 53958
-1
end
HI 57993
-1
end
HI 19576
-1
end
HI 77938
-1
end
HI 41260
-1
end
HI 9483
-1
end
HI 33206
-1
end
HI 67593
-1
end
HI 36476
-1
end
HI 43568
-1
end
HI 91717
-1
end
HI 79917
-1
end
HI 72766
-1
end
HI 3422
-1
end
HI 96380
-1
end
HI 3331
-1
end
HI 56660
-1
end
HI 51286
-1
end
HI 76522
-1
end
HI 5935
-1
end
HI 81069
-1
end
HI 13608
-1
end
HI 50740
-1
end
HI 77429
-1
end
HI 86359
-1
end
HI 27353
-1
end
HI 24690
-1
end
HI 3384
-1
end
HI 94319
-1
end
HI 30465
-1
end
HI 13662
-1
end
HI 38093
-1
end
HI 21099
-1
end
HI 88045
-1
end
HI 35413
-1
end
HI 79689
-1
end
HI 13416
-1
end
HI 83513
-1
end
HI 60932
-1
end
HI 42878
-1
end
HI 12272
-1
end
HI 92007
-1
end
HI 40046
-1
end
HI 29845
-1
end
HI 38681
-1
end
HI 50395
-1
end
HI 31775
-1
end
HI 79971
-1
end
HI 42243
-1
end
HI 56209
-1
end
HI 61945
-1
end
HI 79301
-1
end
HI 79046
-1
end
HI 86972
-1
end
HI 71080
-1
end
HI 69809
-1
end
HI 3888
-1
end
HI 25130
-1
end
HI 27596
-1
end
HI 67888
-1
end
HI 23389
-1
end
HI 86997
-1
end
HI 56963
-1
end
HI 61268
-1
end
HI 6950
-1
end
HI 9430
-1
end
HI 21735
-1
end
HI 35211
-1
end
HI 72356
-1
end
HI 75348
-1
end
HI 52374
-1
end
HI 2039
-1
end
HI 7034
-1
end
HI 26515
-1
end
HI 13814
-1
end
HI 15624
-1
end
HI 24631
-1
end
HI 60621
-1
end
HI 90236
-1
end
HI 21178
-1
end
HI 61436
-1
end
HI 48489
-1
end
HI 84538
-1
end
HI 44394
-1
end
HI 11346
-1
end
HI 17048
-1
end
HI 15468
-1
end
HI 92234
-1
end
HI 89239
-1
end
HI 40714
-1
end
HI 44267
-1
end
HI 79632
-1
end
HI 25078
-1
end
HI 3576
-1
end
HI 79450
-1
end
HI 91386
-1
end
HI 59439
-1
end
HI 33037
-1
end
HI 45338
-1
end
HI 58550
-1
end
HI 48051
-1
end
HI 50226
-1
end
HI 30306
-1
end
HI 17
-1
end
HI 79205
-1
end
HI 69103
-1
end
HI 89331
-1
end
HI 57550
-1
end
HI 52298
-1
end
HI 86342
-1
end
HI 71381
-1
end
HI 80761
-1
end
HI 71747
-1
end
HI 97992
-1
end
HI 89759
-1
end
HI 35605
-1
end
HI 25665
-1
end
HI 11741
-1
end
HI 54036
-1
end
HI 76278
-1
end
HI 24545
-1
end
HI 60775
-1
end
HI 54381
-1
end
HI 96776
-1
end
HI 55332
-1
end
HI 15223
-1
end
HI 8914
-1
end
HI 59024
-1
end
HI 70320
-1
end
HI 80718
-1
end
HI 83934
-1
end
HI 75221
-1
end
HI 50690
-1
end
HI 31566
-1
end
HI 65964
-1
end
HI 10498
-1
end
HI 2018
-1
end
HI 24148
-1
end
HI 41526
-1
end
HI 29016
-1
end
HI 30251
-1
end
HI 97453
-1
end
HI 95959
-1
end
HI 45159
-1
end
HI 75024
-1
end
HI 76280
-1
end
HI 18755
-1
end
HI 64350
-1
end
HI 96217
-1
end
HI 14142
-1
end
HI 18726
-1
end
HI 45111
-1
end
HI 58985
-1
end
HI 31731
-1
end
HI 10722
-1
end
HI 42386
-1
end
HI 44080
-1
end
HI 71359
-1
end
HI 34548
-1
end
HI 47605
-1
end
HI 65731
-1
end
HI 39184
-1
end
HI 94285
-1
end
HI 22232
-1
end
HI 91809
-1
end
HI 77623
-1
end
HI 40272
-1
end
HI 40488
-1
end
HI 79842
-1
end
HI 27922
-1
end
HI 86406
-1
end
HI 8937
-1
end
HI 98374
-1
end
HI 32923
-1
end
HI 88140
-1
end
HI 10961
-1
end
HI 86373
-1
end
HI 65978
-1
end
HI 79226
-1
end
HI 97979
-1
end
HI 6589
-1
end
HI 98041
-1
end
HI 98088
-1
end
HI 92315
-1
end
HI 59799
-1
end
HI 77542
-1
end
HI 76050
-1
end
HI 10179
-1
end
HI 18043
-1
end
HI 46632
-1
end
HI 87172
-1
end
HI 21982
-1
end
HI 22675
-1
end
HI 59275
-1
end
HI 15808
-1
end
HI 63422
-1
end
HI 30104
-1
end
HI 89458
-1
end
HI 18430
-1
end
HI 85117
-1
end
HI 18087
-1
end
HI 75506
-1
end
HI 77593
-1
end
HI 91457
-1
end
HI 79559
-1
end
HI 59854
-1
end
HI 67661
-1
end
HI 9184
-1
end
HI 33294
-1
end
HI 79747
-1
end
HI 31820
-1
end
HI 40446
-1
end
HI 13145
-1
end
HI 54800
-1
end
HI 83411
-1
end
HI 82328
-1
end
HI 51428
-1
end
HI 48819
-1
end
HI 17486
-1
end
HI 39145
-1
end
HI 11933
-1
end
HI 9081
-1
end
HI 50628
-1
end
HI 70491
-1
end
HI 14904
-1
end
HI 34556
-1
end
HI 30014
-1
end
HI 42791
-1
end
HI 45375
-1
end
HI 84215
-1
end
HI 80694
-1
end
HI 9437
-1
end
HI 9652
-1
end
HI 89792
-1
end
HI 23407
-1
end
HI 28199
-1
end
HI 42313
-1
end
HI 19836
-1
end
HI 44126
-1
end
HI 41091
-1
end
HI 33119
-1
end
HI 35710
-1
end
HI 10632
-1
end
HI 90782
-1
end
HI 2525
-1
end
HI 25363
-1
end
HI 48456
-1
end
HI 9543
-1
end
HI 9115
-1
end
HI 23965
-1
end
HI 97207
-1
end
HI 88389
-1
end
HI 42467
-1
end
HI 65042
-1
end
HI 420
-1
end
HI 75002
-1
end
HI 8205
-1
end
HI 78170
-1
end
HI 37520
-1
end
HI 93788
-1
end
HI 87614
-1
end
HI 8624
-1
end
HI 76831
-1
end
HI 91596
-1
end
HI 40377
-1
end
HI 29801
-1
end
HI 97237
-1
end
HI 29590
-1
end
HI 41170
-1
end
HI 71041
-1
end
HI 82389
-1
end
HI 95303
-1
end
HI 39093
-1
end
HI 16035
-1
end
HI 25269
-1
end
HI 22211
-1
end
HI 35345
-1
end
HI 41929
-1
end
HI 12954
-1
end
HI 76867
-1
end
HI 99021
-1
end
HI 6145
-1
end
HI 99309
-1
end
HI 67729
-1
end
HI 36779
-1
end
HI 95776
-1
end
HI 63555
-1
end
HI 34559
-1
end
HI 29524
-1
end
HI 87701
-1
end
HI 12736
-1
end
HI 10798
-1
end
HI 86303
-1
end
HI 28910
-1
end
HI 40539
-1
end
HI 89659
-1
end
HI 45787
-1
end
HI 39827
-1
end
HI 11805
-1
end
HI 11802
-1
end
HI 14223
-1
end
HI 33268
-1
end
HI 99159
-1
end
HI 86941
-1
end
HI 80806
-1
end
HI 94469
-1
end
HI 77452
-1
end
HI 55867
-1
end
HI 15007
-1
end
HI 18400
-1
end
HI 86435
-1
end
HI 44219
-1
end
HI 12858
-1
end
HI 8441
-1
end
HI 50401
-1
end
HI 15641
-1
end
HI 35359
-1
end
HI 9679
-1
end
HI 29527
-1
end
HI 5953
-1
end
HI 42773
-1
end
HI 75839
-1
end
HI 26909
-1
end
HI 66825
-1
end
HI 71042
-1
end
HI 85098
-1
end
HI 22540
-1
end
HI 59590
-1
end
HI 47630
-1
end
HI 13451
-1
end
HI 20863
-1
end
HI 51212
-1
end
HI 90923
-1
end
HI 83734
-1
end
HI 14580
-1
end
HI 43200
-1
end
HI 88057
-1
end
HI 50733
-1
end
HI 96115
-1
end
HI 4049
-1
end
HI 15532
-1
end
HI 90601
-1
end
HI 87946
-1
end
HI 19958
-1
end
HI 61289
-1
end
HI 49051
-1
end
HI 33888
-1
end
HI 45635
-1
end
HI 31738
-1
end
HI 66225
-1
end
HI 83517
-1
end
HI 95242
-1
end
HI 84246
-1
end
HI 24711
-1
end
HI 93877
-1
end
HI 87324
-1
end
HI 1905
-1
end
HI 55346
-1
end
HI 18350
-1
end
HI 91706
-1
end
HI 1029
-1
end
HI 33157
-1
end
HI 29930
-1
end
HI 7958
-1
end
HI 11759
-1
end
HI 15798
-1
end
HI 46272
-1
end
HI 4997
-1
end
HI 68360
-1
end
HI 57156
-1
end
HI 6364
-1
end
HI 40105
-1
end
HI 55435
-1
end
HI 8659
-1
end
HI 80068
-1
end
HI 92039
-1
end
HI 16649
-1
end
HI 37491
-1
end
HI 1168
-1
end
HI 39487
-1
end
HI 22436
-1
end
HI 33889
-1
end
HI 14958
-1
end
HI 79545
-1
end
HI 97510
-1
end
HI 67948
-1
end
HI 82339
-1
end
HI 37456
-1
end
HI 72272
-1
end
HI 53212
-1
end
HI 27285
-1
end
HI 61027
-1
end
HI 48499
-1
end
HI 99418
-1
end
HI 48187
-1
end
HI 32420
-1
end
HI 86051
-1
end
HI 93048
-1
end
HI 37895
-1
end
HI 32273
-1
end
HI 30949
-1
end
HI 38003
-1
end
HI 95562
-1
end
HI 69084
-1
end
HI 75191
-1
end
HI 11557
-1
end
HI 25637
-1
end
HI 93466
-1
end
HI 44985
-1
end
HI 12773
-1
end
HI 68134
-1
end
HI 6012
-1
end
HI 2960
-1
end
HI 17494
-1
end
HI 80320
-1
end
HI 42771
-1
end
HI 70549
-1
end
HI 58162
-1
end
HI 62012
-1
end
HI 55219
-1
end
HI 50163
-1
end
HI 7277
-1
end
HI 70476
-1
end
HI 84411
-1
end
HI 583
-1
end
HI 9858
-1
end
HI 52592
-1
end
HI 17192
-1
end
HI 16816
-1
end
HI 19013
-1
end
HI 6805
-1
end
HI 76036
-1
end
HI 2723
-1
end
HI 44697
-1
end
HI 91573
-1
end
HI 61242
-1
end
HI 94719
-1
end
HI 28311
-1
end
HI 39749
-1
end
HI 47720
-1
end
HI 41015
-1
end
HI 21363
-1
end
HI 51528
-1
end
HI 90518
-1
end
HI 22926
-1
end
HI 72900
-1
end
HI 70286
-1
end
HI 31474
-1
end
HI 97496
-1
end
HI 27692
-1
end
HI 27852
-1
end
HI 77051
-1
end
HI 29877
-1
end
HI 36523
-1
end
HI 6566
-1
end
HI 67752
-1
end
HI 77877
-1
end
HI 59791
-1
end
HI 25565
-1
end
HI 32793
-1
end
HI 48039
-1
end
HI 87979
-1
end
HI 24854
-1
end
HI 51152
-1
end
HI 82357
-1
end
HI 6149
-1
end
HI 14575
-1
end
HI 25871
-1
end
HI 25143
-1
end
HI 49856
-1
end
HI 2799
-1
end
HI 80844
-1
end
HI 39724
-1
end
HI 56486
-1
end
HI 80946
-1
end
HI 55750
-1
end
HI 57122
-1
end
HI 22579
-1
end
HI 60961
-1
end
HI 10077
-1
end
HI 98068
-1
end
HI 3878
-1
end
HI 3076
-1
end
HI 88819
-1
end
HI 98318
-1
end
HI 58988
-1
end
HI 87566
-1
end
HI 56836
-1
end
HI 47478
-1
end
HI 9377
-1
end
HI 93409
-1
end
HI 46553
-1
end
HI 20067
-1
end
HI 34673
-1
end
HI 73462
-1
end
HI 40928
-1
end
HI 10775
-1
end
HI 75067
-1
end
HI 88006
-1
end
HI 79641
-1
end
HI 73252
-1
end
HI 32225
-1
end
HI 13204
-1
end
HI 24534
-1
end
HI 50865
-1
end
HI 37113
-1
end
HI 5397
-1
end
HI 37569
-1
end
HI 76525
-1
end
HI 51151
-1
end
HI 67371
-1
end
HI 45986
-1
end
HI 78367
-1
end
HI 16326
-1
end
HI 74578
-1
end
HI 3555
-1
end
HI 7510
-1
end
HI 31727
-1
end
HI 95704
-1
end
HI 28976
-1
end
HI 96279
-1
end
HI 31266
-1
end
HI 66302
-1
end
HI 59935
-1
end
HI 93281
-1
end
HI 86893
-1
end
HI 62987
-1
end
HI 28069
-1
end
HI 57989
-1
end
HI 27586
-1
end
HI 54677
-1
end
HI 22493
-1
end
HI 88114
-1
end
HI 98197
-1
end
HI 32390
-1
end
HI 35507
-1
end
HI 55758
-1
end
HI 73206
-1
end
HI 39875
-1
end
HI 58634
-1
end
HI 96822
-1
end
HI 87539
-1
end
HI 91739
-1
end
HI 69869
-1
end
HI 24281
-1
end
HI 82557
-1
end
HI 45329
-1
end
HI 85206
-1
end
HI 34477
-1
end
HI 65232
-1
end
HI 86477
-1
end
HI 24541
-1
end
HI 46203
-1
end
HI 25016
-1
end
HI 39142
-1
end
HI 12866
-1
end
HI 31433
-1
end
HI 10248
-1
end
HI 23448
-1
end
HI 60651
-1
end
HI 90328
-1
end
HI 30941
-1
end
HI 55670
-1
end
HI 44446
-1
end
HI 4051
-1
end
HI 32362
-1
end
HI 359
-1
end
HI 23167
-1
end
HI 19023
-1
end
HI 59820
-1
end
HI 13391
-1
end
HI 85786
-1
end
HI 23733
-1
end
HI 34971
-1
end
HI 65683
-1
end
HI 81762
-1
end
HI 47651
-1
end
HI 52297
-1
end
HI 92729
-1
end
HI 8271
-1
end
HI 42051
-1
end
HI 6861
-1
end
HI 49272
-1
end
HI 82352
-1
end
HI 14049
-1
end
HI 11852
-1
end
HI 43458
-1
end
HI 15459
-1
end
HI 14553
-1
end
HI 1066
-1
end
HI 63609
-1
end
HI 33845
-1
end
HI 94833
-1
end
HI 4609
-1
end
HI 58505
-1
end
HI 55144
-1
end
HI 21032
-1
end
HI 96957
-1
end
HI 79249
-1
end
HI 20211
-1
end
HI 82361
-1
end
HI 2773
-1
end
HI 42070
-1
end
HI 65869
-1
end
HI 17464
-1
end
HI 26256
-1
end
HI 3081
-1
end
HI 76808
-1
end
HI 91785
-1
end
HI 37383
-1
end
HI 77000
-1
end
HI 18527
-1
end
HI 67198
-1
end
HI 45501
-1
end
HI 63227
-1
end
HI 56645
-1
end
HI 74580
-1
end
HI 3677
-1
end
HI 30889
-1
end
HI 93365
-1
end
HI 180
-1
end
HI 93116
-1
end
HI 42300
-1
end
HI 81167
-1
end
HI 98828
-1
end
HI 61396
-1
end
HI 16484
-1
end
HI 20929
-1
end
HI 11245
-1
end
HI 22145
-1
end
HI 68996
-1
end
HI 16945
-1
end
HI 37419
-1
end
HI 8278
-1
end
HI 61424
-1
end
HI 71951
-1
end
HI 64045
-1
end
HI 87217
-1
end
HI 69247
-1
end
HI 95133
-1
end
HI 37158
-1
end
HI 89319
-1
end
HI 64587
-1
end
HI 55502
-1
end
HI 6273
-1
end
HI 84017
-1
end
HI 80009
-1
end
HI 29297
-1
end
HI 32711
-1
end
HI 41725
-1
end
HI 26649
-1
end
HI 18020
-1
end
HI 14280
-1
end
HI 53315
-1
end
HI 78235
-1
end
HI 34381
-1
end
HI 24373
-1
end
HI 69687
-1
end
HI 56416
-1
end
HI 94205
-1
end
HI 15222
-1
end
HI 26855
-1
end
HI 52683
-1
end
HI 81965
-1
end
HI 28608
-1
end
HI 4022
-1
end
HI 32281
-1
end
HI 17860
-1
end
HI 4984
-1
end
HI 7693
-1
end
HI 80015
-1
end
HI 69016
-1
end
HI 68300
-1
end
HI 86354
-1
end
HI 76725
-1
end
HI 97193
-1
end
HI 48686
-1
end
HI 58124
-1
end
HI 32792
-1
end
HI 18398
-1
end
HI 61374
-1
end
HI 79185
-1
end
HI 18160
-1
end
HI 54
-1
end
HI 50764
-1
end
HI 29100
-1
end
HI 44782
-1
end
HI 25864
-1
end
HI 33147
-1
end
HI 51213
-1
end
HI 9211
-1
end
HI 84287
-1
end
HI 43303
-1
end
HI 13983
-1
end
HI 99735
-1
end
HI 15160
-1
end
HI 56225
-1
end
HI 89808
-1
end
HI 86413
-1
end
HI 38734
-1
end
HI 53509
-1
end
HI 54536
-1
end
HI 34227
-1
end
HI 84423
-1
end
HI 83518
-1
end
HI 9021
-1
end
HI 62442
-1
end
HI 49047
-1
end
HI 54560
-1
end
HI 39420
-1
end
HI 93825
-1
end
HI 1248
-1
end
HI 77423
-1
end
HI 99758
-1
end
HI 23349
-1
end
HI 41773
-1
end
HI 96251
-1
end
HI 14160
-1
end
HI 61232
-1
end
HI 40013
-1
end
HI 8757
-1
end
HI 24589
-1
end
HI 11842
-1
end
HI 96975
-1
end
HI 20148
-1
end
HI 78457
-1
end
HI 46693
-1
end
HI 40170
-1
end
HI 48256
-1
end
HI 24580
-1
end
HI 83371
-1
end
HI 87991
-1
end
HI 14727
-1
end
HI 52679
-1
end
HI 68223
-1
end
HI 98236
-1
end
HI 7555
-1
end
HI 88230
-1
end
HI 20602
-1
end
HI 78269
-1
end
HI 59925
-1
end
HI 70315
-1
end
HI 3266
-1
end
HI 47582
-1
end
HI 6259
-1
end
HI 39038
-1
end
HI 59927
-1
end
HI 44586
-1
end
HI 52340
-1
end
HI 70237
-1
end
HI 24309
-1
end
HI 5440
-1
end
HI 85379
-1
end
HI 62446
-1
end
HI 94434
-1
end
HI 89857
-1
end
HI 92742
-1
end
HI 7300
-1
end
HI 4727
-1
end
HI 54068
-1
end
HI 12720
-1
end
HI 28864
-1
end
HI 13156
-1
end
HI 92261
-1
end
HI 47516
-1
end
HI 58220
-1
end
HI 22445
-1
end
HI 51547
-1
end
HI 82377
-1
end
HI 76151
-1
end
HI 81711
-1
end
HI 72657
-1
end
HI 74878
-1
end
HI 46801
-1
end
HI 72373
-1
end
HI 37998
-1
end
HI 78961
-1
end
HI 11516
-1
end
HI 12162
-1
end
HI 15563
-1
end
HI 94416
-1
end
HI 6300
-1
end
HI 57826
-1
end
HI 23128
-1
end
HI 70597
-1
end
HI 99457
-1
end
HI 38712
-1
end
HI 25059
-1
end
HI 6839
-1
end
HI 19656
-1
end
HI 68216
-1
end
HI 46056
-1
end
HI 17024
-1
end
HI 79710
-1
end
HI 29277
-1
end
HI 24483
-1
end
HI 75461
-1
end
HI 90147
-1
end
HI 30888
-1
end
HI 36171
-1
end
HI 3873
-1
end
HI 71739
-1
end
HI 44979
-1
end
HI 88332
-1
end
HI 90925
-1
end
HI 98535
-1
end
HI 79373
-1
end
HI 77985
-1
end
HI 2286
-1
end
HI 97615
-1
end
HI 23381
-1
end
HI 98231
-1
end
HI 96475
-1
end
HI 2303
-1
end
HI 57283
-1
end
HI 25758
-1
end
HI 42074
-1
end
HI 19498
-1
end
HI 8439
-1
end
HI 70344
-1
end
HI 83683
-1
end
HI 72988
-1
end
HI 28400
-1
end
HI 53693
-1
end
HI 76102
-1
end
HI 5719
-1
end
HI 95081
-1
end
HI 71536
-1
end
HI 30385
-1
end
HI 92057
-1
end
HI 97941
-1
end
HI 95225
-1
end
HI 95953
-1
end
HI 83877
-1
end
HI 67873
-1
end
HI 66693
-1
end
HI 89589
-1
end
HI 42745
-1
end
HI 29670
-1
end
HI 62162
-1
end
HI 38481
-1
end
HI 73109
-1
end
HI 25013
-1
end
HI 35807
-1
end
HI 40737
-1
end
HI 43354
-1
end
HI 3141
-1
end
HI 11525
-1
end
HI 29514
-1
end
HI 71050
-1
end
HI 53493
-1
end
HI 39609
-1
end
HI 40526
-1
end
HI 79659
-1
end
HI 13507
-1
end
HI 71786
-1
end
HI 13557
-1
end
HI 72433
-1
end
HI 53626
-1
end
HI 24567
-1
end
HI 45321
-1
end
HI 64738
-1
end
HI 95213
-1
end
HI 65824
-1
end
HI 30749
-1
end
HI 1750
-1
end
HI 84815
-1
end
HI 83107
-1
end
HI 10269
-1
end
HI 33216
-1
end
HI 36796
-1
end
HI 7351
-1
end
HI 66867
-1
end
HI 86050
-1
end
HI 95215
-1
end
HI 38153
-1
end
HI 61205
-1
end
HI 43632
-1
end
HI 26076
-1
end
HI 79743
-1
end
HI 98333
-1
end
HI 12274
-1
end
HI 33982
-1
end
HI 27544
-1
end
HI 11435
-1
end
HI 58594
-1
end
HI 73474
-1
end
HI 60690
-1
end
HI 3521
-1
end
HI 21627
-1
end
HI 41984
-1
end
HI 63158
-1
end
HI 66712
-1
end
HI 57937
-1
end
HI 10157
-1
end
HI 69287
-1
end
HI 39502
-1
end
HI 25570
-1
end
HI 57801
-1
end
HI 15945
-1
end
HI 19220
-1
end
HI 21538
-1
end
HI 96112
-1
end
HI 53656
-1
end
HI 92268
-1
end
HI 89508
-1
end
HI 66152
-1
end
HI 49790
-1
end
HI 23154
-1
end
HI 67261
-1
end
HI 16725
-1
end
HI 4129
-1
end
HI 76724
-1
end
HI 40850
-1
end
HI 6635
-1
end
HI 88296
-1
end
HI 39185
-1
end
HI 28219
-1
end
HI 58442
-1
end
HI 33220
-1
end
HI 2922
-1
end
HI 80007
-1
end
HI 7293
-1
end
HI 35613
-1
end
HI 71631
-1
end
HI 96125
-1
end
HI 93842
-1
end
HI 93311
-1
end
HI 38771
-1
end
HI 67912
-1
end
HI 61791
-1
end
HI 43396
-1
end
HI 61571
-1
end
HI 22626
-1
end
HI 70495
-1
end
HI 36245
-1
end
HI 72967
-1
end
HI 24975
-1
end
HI 91357
-1
end
HI 17200
-1
end
HI 84320
-1
end
HI 61570
-1
end
HI 36973
-1
end
HI 64159
-1
end
HI 17760
-1
end
HI 11835
-1
end
HI 68936
-1
end
HI 30432
-1
end
HI 52064
-1
end
HI 20078
-1
end
HI 75958
-1
end
HI 30326
-1
end
HI 95713
-1
end
HI 70459
-1
end
HI 36105
-1
end
HI 97489
-1
end
HI 59187
-1
end
HI 4334
-1
end
HI 15185
-1
end
HI 80883
-1
end
HI 57375
-1
end
HI 52505
-1
end
HI 97229
-1
end
HI 90272
-1
end
HI 5144
-1
end
HI 94509
-1
end
HI 97426
-1
end
HI 30574
-1
end
HI 94859
-1
end
HI 52002
-1
end
HI 55021
-1
end
HI 53919
-1
end
HI 25288
-1
end
HI 90779
-1
end
HI 33934
-1
end
HI 52095
-1
end
HI 78426
-1
end
HI 40822
-1
end
HI 63243
-1
end
HI 3996
-1
end
HI 28373
-1
end
HI 83296
-1
end
HI 77791
-1
end
HI 17696
-1
end
HI 93703
-1
end
HI 12314
-1
end
HI 36701
-1
end
HI 87108
-1
end
HI 5483
-1
end
HI 98849
-1
end
HI 30542
-1
end
HI 73180
-1
end
HI 57256
-1
end
HI 85677
-1
end
HI 82723
-1
end
HI 27848
-1
end
HI 7887
-1
end
HI 86585
-1
end
HI 68093
-1
end
HI 86196
-1
end
HI 4094
-1
end
HI 97761
-1
end
HI 20200
-1
end
HI 71749
-1
end
HI 33019
-1
end
HI 73571
-1
end
HI 6897
-1
end
HI 12905
-1
end
HI 30304
-1
end
HI 74462
-1
end
HI 36604
-1
end
HI 94361
-1
end
HI 72040
-1
end
HI 75089
-1
end
HI 4177
-1
end
HI 74076
-1
end
HI 5833
-1
end
HI 41798
-1
end
HI 15096
-1
end
HI 82754
-1
end
HI 96872
-1
end
HI 96245
-1
end
HI 14435
-1
end
HI 12865
-1
end
HI 38017
-1
end
HI 28393
-1
end
HI 2649
-1
end
HI 22438
-1
end
HI 60383
-1
end
HI 84375
-1
end
HI 4653
-1
end
HI 75801
-1
end
HI 79323
-1
end
HI 73400
-1
end
HI 80336
-1
end
HI 83625
-1
end
HI 33846
-1
end
HI 31539
-1
end
HI 53859
-1
end
HI 26557
-1
end
HI 78336
-1
end
HI 8270
-1
end
HI 89601
-1
end
HI 23808
-1
end
HI 53385
-1
end
HI 62187
-1
end
HI 31870
-1
end
HI 67509
-1
end
HI 82543
-1
end
HI 90709
-1
end
HI 82431
-1
end
HI 19132
-1
end
HI 12030
-1
end
HI 60927
-1
end
HI 2199
-1
end
HI 97833
-1
end
HI 60613
-1
end
HI 19621
-1
end
HI 66872
-1
end
HI 95478
-1
end
HI 38283
-1
end
HI 41162
-1
end
HI 86796
-1
end
HI 69748
-1
end
HI 63380
-1
end
HI 17757
-1
end
HI 15730
-1
end
HI 24322
-1
end
HI 20344
-1
end
HI 51411
-1
end
HI 80041
-1
end
HI 98994
-1
end
HI 76540
-1
end
HI 22182
-1
end
HI 25458
-1
end
HI 76700
-1
end
HI 26597
-1
end
HI 92316
-1
end
HI 6527
-1
end
HI 159
-1
end
HI 94744
-1
end
HI 21369
-1
end
HI 14672
-1
end
HI 71555
-1
end
HI 62995
-1
end
HI 19947
-1
end
HI 27877
-1
end
HI 58178
-1
end
HI 46837
-1
end
HI 73142
-1
end
HI 28968
-1
end
HI 70163
-1
end
HI 23145
-1
end
HI 9900
-1
end
HI 60282
-1
end
HI 88735
-1
end
HI 64980
-1
end
HI 56233
-1
end
HI 30212
-1
end
HI 10815
-1
end
HI 44396
-1
end
HI 40696
-1
end
HI 12863
-1
end
HI 33696
-1
end
HI 7911
-1
end
HI 41145
-1
end
HI 31637
-1
end
HI 79617
-1
end
HI 91238
-1
end
HI 14393
-1
end
HI 50625
-1
end
HI 38757
-1
end
HI 24299
-1
end
HI 56040
-1
end
HI 99052
-1
end
HI 8912
-1
end
HI 37316
-1
end
HI 39267
-1
end
HI 61403
-1
end
HI 9628
-1
end
HI 92599
-1
end
HI 26374
-1
end
HI 85501
-1
end
HI 51010
-1
end
HI 20325
-1
end
HI 41299
-1
end
HI 21594
-1
end
HI 25479
-1
end
HI 33036
-1
end
HI 26943
-1
end
HI 71905
-1
end
HI 67649
-1
end
HI 4767
-1
end
HI 87043
-1
end
HI 85829
-1
end
HI 55821
-1
end
HI 74508
-1
end
HI 85802
-1
end
HI 15690
-1
end
HI 26900
-1
end
HI 70119
-1
end
HI 8452
-1
end
HI 88413
-1
end
HI 53045
-1
end
HI 97655
-1
end
HI 18905
-1
end
HI 39113
-1
end
HI 78611
-1
end
HI 20361
-1
end
HI 65569
-1
end
HI 78637
-1
end
HI 13578
-1
end
HI 49128
-1
end
HI 68522
-1
end
HI 20817
-1
end
HI 80275
-1
end
HI 22199
-1
end
HI 21143
-1
end
HI 57223
-1
end
HI 78115
-1
end
HI 5879
-1
end
HI 36062
-1
end
HI 14194
-1
end
HI 24929
-1
end
HI 25943
-1
end
HI 72150
-1
end
HI 81248
-1
end
HI 56722
-1
end
HI 95642
-1
end
HI 79023
-1
end
HI 37054
-1
end
HI 75811
-1
end
HI 56843
-1
end
HI 13255
-1
end
HI 67878
-1
end
HI 78554
-1
end
HI 42530
-1
end
HI 50556
-1
end
HI 42219
-1
end
HI 3
-1
end
HI 9416
-1
end
HI 88374
-1
end
HI 85869
-1
end
HI 21122
-1
end
HI 75226
-1
end
HI 44087
-1
end
HI 14908
-1
end
HI 17132
-1
end
HI 65375
-1
end
HI 45550
-1
end
HI 38812
-1
end
HI 44899
-1
end
HI 44948
-1
end
HI 12860
-1
end
HI 40793
-1
end
HI 73950
-1
end
HI 1881
-1
end
HI 813
-1
end
HI 52543
-1
end
HI 1335
-1
end
HI 30153
-1
end
HI 92115
-1
end
HI 76311
-1
end
HI 62511
-1
end
HI 186
-1
end
HI 6594
-1
end
HI 62327
-1
end
HI 90667
-1
end
HI 99959
-1
end
HI 45966
-1
end
HI 89595
-1
end
HI 78863
-1
end
HI 42054
-1
end
HI 78548
-1
end
HI 61304
-1
end
HI 53624
-1
end
HI 19460
-1
end
HI 15297
-1
end
HI 38382
-1
end
HI 12106
-1
end
HI 10134
-1
end
HI 90537
-1
end
HI 91462
-1
end
HI 55624
-1
end
HI 87900
-1
end
HI 17314
-1
end
HI 25688
-1
end
HI 38193
-1
end
HI 39496
-1
end
HI 30140
-1
end
HI 70916
-1
end
HI 92872
-1
end
HI 65491
-1
end
HI 55084
-1
end
HI 49339
-1
end
HI 50707
-1
end
HI 66681
-1
end
HI 7822
-1
end
HI 39236
-1
end
HI 39371
-1
end
HI 1773
-1
end
HI 6526
-1
end
HI 28773
-1
end
HI 82737
-1
end
HI 91922
-1
end
HI 33242
-1
end
HI 91607
-1
end
HI 36243
-1
end
HI 32630
-1
end
HI 28629
-1
end
HI 11504
-1
end
HI 10968
-1
end
HI 10387
-1
end
HI 35712
-1
end
HI 66671
-1
end
HI 7987
-1
end
HI 19950
-1
end
HI 91038
-1
end
HI 30965
-1
end
HI 15282
-1
end
HI 46244
-1
end
HI 95052
-1
end
HI 2670
-1
end
HI 1928
-1
end
HI 14300
-1
end
HI 69026
-1
end
HI 85617
-1
end
HI 90981
-1
end
HI 24238
-1
end
HI 25530
-1
end
HI 37676
-1
end
HI 13790
-1
end
HI 10609
-1
end
HI 29090
-1
end
HI 56451
-1
end
HI 91276
-1
end
HI 62968
-1
end
HI 21331
-1
end
HI 72230
-1
end
HI 22636
-1
end
HI 43131
-1
end
HI 36067
-1
end
HI 941
-1
end
HI 72307
-1
end
HI 76786
-1
end
HI 78412
-1
end
HI 31721
-1
end
HI 41258
-1
end
HI 96755
-1
end
HI 80567
-1
end
HI 90130
-1
end
HI 59788
-1
end
HI 21718
-1
end
HI 85981
-1
end
HI 82769
-1
end
HI 59703
-1
end
HI 25527
-1
end
HI 7254
-1
end
HI 86671
-1
end
HI 76599
-1
end
HI 63530
-1
end
HI 94436
-1
end
HI 80877
-1
end
HI 5396
-1
end
HI 18329
-1
end
HI 32946
-1
end
HI 15601
-1
end
HI 3993
-1
end
HI 10585
-1
end
HI 3775
-1
end
HI 1946
-1
end
HI 89400
-1
end
HI 84542
-1
end
HI 41119
-1
end
HI 55721
-1
end
HI 13972
-1
end
HI 2725
-1
end
HI 9655
-1
end
HI 28237
-1
end
HI 76485
-1
end
HI 57623
-1
end
HI 11771
-1
end
HI 47555
-1
end
HI 5545
-1
end
HI 30321
-1
end
HI 10455
-1
end
HI 45914
-1
end
HI 22403
-1
end
HI 73507
-1
end
HI 18375
-1
end
HI 51942
-1
end
HI 27184
-1
end
HI 5044
-1
end
HI 61195
-1
end
HI 57125
-1
end
HI 4131
-1
end
HI 93478
-1
end
HI 90688
-1
end
HI 14217
-1
end
HI 16507
-1
end
HI 38359
-1
end
HI 85115
-1
end
HI 5601
-1
end
HI 45885
-1
end
HI 75324
-1
end
HI 11446
-1
end
HI 74791
-1
end
HI 17541
-1
end
HI 30296
-1
end
HI 48311
-1
end
HI 6009
-1
end
HI 82671
-1
end
HI 22547
-1
end
HI 30598
-1
end
HI 64055
-1
end
HI 93181
-1
end
HI 95597
-1
end
HI 58520
-1
end
HI 51027
-1
end
HI 29998
-1
end
HI 73077
-1
end
HI 41991
-1
end
HI 11432
-1
end
HI 4331
-1
end
HI 23565
-1
end
HI 57771
-1
end
HI 5123
-1
end
HI 42765
-1
end
HI 9819
-1
end
HI 92341
-1
end
HI 65864
-1
end
HI 7705
-1
end
HI 38811
-1
end
HI 33567
-1
end
HI 4696
-1
end
HI 44284
-1
end
HI 897
-1
end
HI 42100
-1
end
HI 43135
-1
end
HI 76428
-1
end
HI 19682
-1
end
HI 64973
-1
end
HI 22561
-1
end
HI 24852
-1
end
HI 56573
-1
end
HI 83045
-1
end
HI 63292
-1
end
HI 95463
-1
end
HI 11622
-1
end
HI 49483
-1
end
HI 70353
-1
end
HI 57333
-1
end
HI 12848
-1
end
HI 57575
-1
end
HI 22085
-1
end
HI 43894
-1
end
HI 16593
-1
end
HI 74189
-1
end
HI 6735
-1
end
HI 86176
-1
end
HI 95189
-1
end
HI 33408
-1
end
HI 7151
-1
end
HI 88783
-1
end
HI 75304
-1
end
HI 58692
-1
end
HI 87363
-1
end
HI 72744
-1
end
HI 87251
-1
end
HI 96781
-1
end
HI 2694
-1
end
HI 77843
-1
end
HI 34524
-1
end
HI 40035
-1
end
HI 22116
-1
end
HI 5286
-1
end
HI 39637
-1
end
HI 62126
-1
end
HI 28194
-1
end
HI 95414
-1
end
HI 80118
-1
end
HI 9609
-1
end
HI 96599
-1
end
HI 53061
-1
end
HI 67827
-1
end
HI 49134
-1
end
HI 85313
-1
end
HI 88093
-1
end
HI 53772
-1
end
HI 16761
-1
end
HI 325
-1
end
HI 56546
-1
end
HI 88806
-1
end
HI 38784
-1
end
HI 65863
-1
end
HI 50814
-1
end
HI 64202
-1
end
HI 95926
-1
end
HI 80625
-1
end
HI 87866
-1
end
HI 23383
-1
end
HI 93027
-1
end
HI 4909
-1
end
HI 13661
-1
end
HI 7232
-1
end
HI 99195
-1
end
HI 13068
-1
end
HI 73556
-1
end
HI 34919
-1
end
HI 90500
-1
end
HI 98253
-1
end
HI 5107
-1
end
HI 52129
-1
end
HI 43397
-1
end
HI 61860
-1
end
HI 2846
-1
end
HI 98025
-1
end
HI 55054
-1
end
HI 89787
-1
end
HI 59071
-1
end
HI 25711
-1
end
HI 10027
-1
end
HI 14625
-1
end
HI 7773
-1
end
HI 11019
-1
end
HI 63017
-1
end
HI 96033
-1
end
HI 13870
-1
end
HI 15884
-1
end
HI 94129
-1
end
HI 57140
-1
end
HI 24056
-1
end
HI 71580
-1
end
HI 28027
-1
end
HI 36004
-1
end
HI 96772
-1
end
HI 21482
-1
end
HI 77694
-1
end
HI 23313
-1
end
HI 49371
-1
end
HI 40813
-1
end
HI 11893
-1
end
HI 10053
-1
end
HI 63057
-1
end
HI 9896
-1
end
HI 61359
-1
end
HI 14755
-1
end
HI 52251
-1
end
HI 66673
-1
end
HI 62690
-1
end
HI 26880
-1
end
HI 70645
-1
end
HI 17962
-1
end
HI 17446
-1
end
HI 58565
-1
end
HI 50071
-1
end
HI 48159
-1
end
HI 7588
-1
end
HI 57631
-1
end
HI 21558
-1
end
HI 54387
-1
end
HI 34299
-1
end
HI 3407
-1
end
HI 64428
-1
end
HI 50867
-1
end
HI 66630
-1
end
HI 11448
-1
end
HI 50509
-1
end
HI 32577
-1
end
HI 14396
-1
end
HI 83405
-1
end
HI 64682
-1
end
HI 38243
-1
end
HI 48908
-1
end
HI 69789
-1
end
HI 64419
-1
end
HI 44194
-1
end
HI 73822
-1
end
HI 6510
-1
end
HI 84639
-1
end
HI 76150
-1
end
HI 40293
-1
end
HI 12702
-1
end
HI 36693
-1
end
HI 48966
-1
end
HI 61082
-1
end
HI 47551
-1
end
HI 36239
-1
end
HI 59828
-1
end
HI 35102
-1
end
HI 54937
-1
end
HI 83115
-1
end
HI 32969
-1
end
HI 90599
-1
end
HI 12292
-1
end
HI 96378
-1
end
HI 67077
-1
end
HI 34108
-1
end
HI 33688
-1
end
HI 24319
-1
end
HI 16766
-1
end
HI 61346
-1
end
HI 87372
-1
end
HI 34401
-1
end
HI 47424
-1
end
HI 16433
-1
end
HI 1331
-1
end
HI 13800
-1
end
HI 1178
-1
end
HI 52604
-1
end
HI 20903
-1
end
HI 97537
-1
end
HI 84229
-1
end
HI 81090
-1
end
HI 11109
-1
end
HI 85412
-1
end
HI 4203
-1
end
HI 50451
-1
end
HI 35198
-1
end
HI 47988
-1
end
HI 57446
-1
end
HI 29878
-1
end
HI 79705
-1
end
HI 47836
-1
end
HI 46380
-1
end
HI 49070
-1
end
HI 39340
-1
end
HI 26022
-1
end
HI 8362
-1
end
HI 84180
-1
end
HI 36166
-1
end
HI 92943
-1
end
HI 79608
-1
end
HI 6462
-1
end
HI 18143
-1
end
HI 36384
-1
end
HI 68723
-1
end
HI 23740
-1
end
HI 4234
-1
end
HI 65417
-1
end
HI 63532
-1
end
HI 63349
-1
end
HI 67311
-1
end
HI 63561
-1
end
HI 25933
-1
end
HI 23607
-1
end
HI 16991
-1
end
HI 67463
-1
end
HI 16580
-1
end
HI 33328
-1
end
HI 15271
-1
end
HI 37892
-1
end
HI 14912
-1
end
HI 11027
-1
end
HI 1438
-1
end
HI 6978
-1
end
HI 46384
-1
end
HI 60007
-1
end
HI 51863
-1
end
HI 49144
-1
end
HI 71210
-1
end
HI 27545
-1
end
HI 73060
-1
end
HI 43323
-1
end
HI 26157
-1
end
HI 66771
-1
end
HI 60335
-1
end
HI 51955
-1
end
HI 6657
-1
end
HI 34686
-1
end
HI 3039
-1
end
HI 83017
-1
end
HI 67105
-1
end
HI 56090
-1
end
HI 50948
-1
end
HI 69541
-1
end
HI 60206
-1
end
HI 19410
-1
end
HI 54050
-1
end
HI 35612
-1
end
HI 78969
-1
end
HI 60280
-1
end
HI 98655
-1
end
HI 63557
-1
end
HI 9155
-1
end
HI 77030
-1
end
HI 93666
-1
end
HI 48246
-1
end
HI 62608
-1
end
HI 7876
-1
end
HI 30011
-1
end
HI 92519
-1
end
HI 6721
-1
end
HI 91499
-1
end
HI 42794
-1
end
HI 26673
-1
end
HI 71131
-1
end
HI 54777
-1
end
HI 26610
-1
end
HI 92389
-1
end
HI 33285
-1
end
HI 62329
-1
end
HI 20668
-1
end
HI 8923
-1
end
HI 12614
-1
end
HI 74480
-1
end
HI 10183
-1
end
HI 24076
-1
end
HI 16646
-1
end
HI 98248
-1
end
HI 91969
-1
end
HI 29553
-1
end
HI 99500
-1
end
HI 82527
-1
end
HI 39056
-1
end
HI 72762
-1
end
HI 75867
-1
end
HI 67310
-1
end
HI 38641
-1
end
HI 51466
-1
end
HI 50463
-1
end
HI 95737
-1
end
HI 68487
-1
end
HI 40394
-1
end
HI 13260
-1
end
HI 13976
-1
end
HI 61842
-1
end
HI 86609
-1
end
HI 47010
-1
end
HI 10631
-1
end
HI 24808
-1
end
HI 42252
-1
end
HI 78744
-1
end
HI 80683
-1
end
HI 25180
-1
end
HI 60560
-1
end
HI 91131
-1
end
HI 91641
-1
end
HI 19801
-1
end
HI 61740
-1
end
HI 58547
-1
end
HI 38638
-1
end
HI 69241
-1
end
HI 51972
-1
end
HI 84157
-1
end
HI 56773
-1
end
HI 27063
-1
end
HI 10275
-1
end
HI 65103
-1
end
HI 50627
-1
end
HI 15237
-1
end
HI 76832
-1
end
HI 22237
-1
end
HI 65329
-1
end
HI 35634
-1
end
HI 55108
-1
end
HI 65536
-1
end
HI 87553
-1
end
HI 71141
-1
end
HI 79539
-1
end
HI 90423
-1
end
HI 68843
-1
end
HI 68812
-1
end
HI 84891
-1
end
HI 97800
-1
end
HI 89945
-1
end
HI 26346
-1
end
HI 15396
-1
end
HI 76586
-1
end
HI 22531
-1
end
HI 85094
-1
end
HI 19888
-1
end
HI 14744
-1
end
HI 94321
-1
end
HI 89919
-1
end
HI 50328
-1
end
HI 142
-1
end
HI 81863
-1
end
HI 9240
-1
end
HI 25707
-1
end
HI 99793
-1
end
HI 7047
-1
end
HI 34325
-1
end
HI 28812
-1
end
HI 94232
-1
end
HI 27580
-1
end
HI 34578
-1
end
HI 82398
-1
end
HI 15162
-1
end
HI 33704
-1
end
HI 74398
-1
end
HI 46577
-1
end
HI 41495
-1
end
HI 33165
-1
end
HI 80245
-1
end
HI 47475
-1
end
HI 90502
-1
end
HI 45746
-1
end
HI 2741
-1
end
HI 68766
-1
end
HI 31046
-1
end
HI 56089
-1
end
HI 37968
-1
end
HI 91156
-1
end
HI 51070
-1
end
HI 77956
-1
end
HI 62150
-1
end
HI 69383
-1
end
HI 18167
-1
end
HI 17117
-1
end
HI 76387
-1
end
HI 43691
-1
end
HI 44561
-1
end
HI 43876
-1
end
HI 50832
-1
end
HI 81730
-1
end
HI 24527
-1
end
HI 65293
-1
end
HI 6582
-1
end
HI 5349
-1
end
HI 96269
-1
end
HI 97190
-1
end
HI 4162
-1
end
HI 713
-1
end
HI 63850
-1
end
HI 87859
-1
end
HI 96998
-1
end
HI 34008
-1
end
HI 6878
-1
end
HI 16913
-1
end
HI 13560
-1
end
HI 82577
-1
end
HI 67269
-1
end
HI 47934
-1
end
HI 58913
-1
end
HI 48563
-1
end
HI 76907
-1
end
HI 2210
-1
end
HI 50074
-1
end
HI 54128
-1
end
HI 47167
-1
end
HI 71701
-1
end
HI 58735
-1
end
HI 6005
-1
end
HI 2926
-1
end
HI 82506
-1
end
HI 91830
-1
end
HI 45754
-1
end
HI 27566
-1
end
HI 12329
-1
end
HI 36186
-1
end
HI 92292
-1
end
HI 5239
-1
end
HI 51087
-1
end
HI 40999
-1
end
HI 58299
-1
end
HI 55372
-1
end
HI 34034
-1
end
HI 37591
-1
end
HI 10385
-1
end
HI 97234
-1
end
HI 71719
-1
end
HI 58273
-1
end
HI 2702
-1
end
HI 19842
-1
end
HI 13495
-1
end
HI 6918
-1
end
HI 17745
-1
end
HI 90124
-1
end
HI 46066
-1
end
HI 42237
-1
end
HI 98194
-1
end
HI 96182
-1
end
HI 40642
-1
end
HI 2007
-1
end
HI 58380
-1
end
HI 18374
-1
end
HI 6196
-1
end
HI 22297
-1
end
HI 57387
-1
end
HI 99538
-1
end
HI 44984
-1
end
HI 4414
-1
end
HI 73461
-1
end
HI 83183
-1
end
HI 16184
-1
end
HI 49244
-1
end
HI 96522
-1
end
HI 43810
-1
end
HI 41276
-1
end
HI 4743
-1
end
HI 93351
-1
end
HI 46041
-1
end
HI 24623
-1
end
HI 96726
-1
end
HI 57899
-1
end
HI 76155
-1
end
HI 28081
-1
end
HI 34421
-1
end
HI 64844
-1
end
HI 96490
-1
end
HI 96936
-1
end
HI 45718
-1
end
HI 75196
-1
end
HI 18416
-1
end
HI 2045
-1
end
HI 88142
-1
end
HI 76361
-1
end
HI 36641
-1
end
HI 90610
-1
end
HI 4487
-1
end
HI 64900
-1
end
HI 36968
-1
end
HI 13891
-1
end
HI 37736
-1
end
HI 66780
-1
end
HI 45797
-1
end
HI 18490
-1
end
HI 14074
-1
end
HI 31564
-1
end
HI 70989
-1
end
HI 53587
-1
end
HI 33963
-1
end
HI 67200
-1
end
HI 6536
-1
end
HI 72238
-1
end
HI 83373
-1
end
HI 59346
-1
end
HI 98421
-1
end
HI 81583
-1
end
HI 49843
-1
end
HI 62753
-1
end
HI 64447
-1
end
HI 22143
-1
end
HI 68670
-1
end
HI 62005
-1
end
HI 40679
-1
end
HI 78499
-1
end
HI 75734
-1
end
HI 96148
-1
end
HI 78752
-1
end
HI 12397
-1
end
HI 86279
-1
end
HI 12122
-1
end
HI 57627
-1
end
HI 58604
-1
end
HI 25335
-1
end
HI 11606
-1
end
HI 82367
-1
end
HI 88894
-1
end
HI 32026
-1
end
HI 17993
-1
end
HI 28577
-1
end
HI 59288
-1
end
HI 15301
-1
end
HI 21830
-1
end
HI 90637
-1
end
HI 1101
-1
end
HI 94054
-1
end
HI 4759
-1
end
HI 60706
-1
end
HI 21135
-1
end
HI 62479
-1
end
HI 33308
-1
end
HI 73798
-1
end
HI 59494
-1
end
HI 21296
-1
end
HI 15325
-1
end
HI 38547
-1
end
HI 78592
-1
end
HI 72333
-1
end
HI 74537
-1
end
HI 25266
-1
end
HI 63096
-1
end
HI 67162
-1
end
HI 36083
-1
end
HI 52355
-1
end
HI 54864
-1
end
HI 38114
-1
end
HI 49958
-1
end
HI 14865
-1
end
HI 25727
-1
end
HI 39441
-1
end
HI 67701
-1
end
HI 75270
-1
end
HI 12714
-1
end
HI 22065
-1
end
HI 10373
-1
end
HI 4860
-1
end
HI 17183
-1
end
HI 52609
-1
end
HI 97997
-1
end
HI 9111
-1
end
HI 59151
-1
end
HI 14741
-1
end
HI 63406
-1
end
HI 94333
-1
end
HI 24790
-1
end
HI 17791
-1
end
HI 60059
-1
end
HI 89115
-1
end
HI 23379
-1
end
HI 26227
-1
end
HI 73699
-1
end
HI 44659
-1
end
HI 99166
-1
end
HI 67932
-1
end
HI 2488
-1
end
HI 34523
-1
end
HI 57855
-1
end
HI 58977
-1
end
HI 1807
-1
end
HI 26447
-1
end
HI 98105
-1
end
HI 25615
-1
end
HI 8280
-1
end
HI 61066
-1
end
HI 97598
-1
end
HI 86108
-1
end
HI 31654
-1
end
HI 23499
-1
end
HI 93124
-1
end
HI 38602
-1
end
HI 53870
-1
end
HI 67601
-1
end
HI 7535
-1
end
HI 6350
-1
end
HI 47921
-1
end
HI 28794
-1
end
HI 59578
-1
end
HI 80305
-1
end
HI 35139
-1
end
HI 31770
-1
end
HI 58320
-1
end
HI 25318
-1
end
HI 81995
-1
end
HI 44564
-1
end
HI 36471
-1
end
HI 3099
-1
end
HI 66089
-1
end
HI 9131
-1
end
HI 39903
-1
end
HI 18409
-1
end
HI 59523
-1
end
HI 9611
-1
end
HI 39135
-1
end
HI 43602
-1
end
HI 25673
-1
end
HI 99531
-1
end
HI 9744
-1
end
HI 93457
-1
end
HI 35486
-1
end
HI 27117
-1
end
HI 80851
-1
end
HI 49644
-1
end
HI 52466
-1
end
HI 15577
-1
end
HI 10720
-1
end
HI 13770
-1
end
HI 19487
-1
end
HI 14358
-1
end
HI 58605
-1
end
HI 87429
-1
end
HI 81569
-1
end
HI 66822
-1
end
HI 68576
-1
end
HI 60787
-1
end
HI 50211
-1
end
HI 57733
-1
end
HI 28091
-1
end
HI 71689
-1
end
HI 39510
-1
end
HI 57183
-1
end
HI 71895
-1
end
HI 5203
-1
end
HI 1770
-1
end
HI 55597
-1
end
HI 59787
-1
end
HI 42043
-1
end
HI 53601
-1
end
HI 39027
-1
end
HI 92092
-1
end
HI 91433
-1
end
HI 46797
-1
end
HI 48583
-1
end
HI 32798
-1
end
HI 70913
-1
end
HI 64939
-1
end
HI 45270
-1
end
HI 28942
-1
end
HI 97168
-1
end
HI 48506
-1
end
HI 10563
-1
end
HI 77226
-1
end
HI 26444
-1
end
HI 64601
-1
end
HI 83747
-1
end
HI 87581
-1
end
HI 24268
-1
end
HI 24636
-1
end
HI 25977
-1
end
HI 42278
-1
end
HI 98070
-1
end
HI 41779
-1
end
HI 10318
-1
end
HI 90247
-1
end
HI 43067
-1
end
HI 16885
-1
end
HI 82591
-1
end
HI 4880
-1
end
HI 82387
-1
end
HI 6010
-1
end
HI 48494
-1
end
HI 73838
-1
end
HI 79281
-1
end
HI 31563
-1
end
HI 47158
-1
end
HI 44917
-1
end
HI 19808
-1
end
HI 8633
-1
end
HI 37280
-1
end
HI 33074
-1
end
HI 34095
-1
end
HI 68090
-1
end
HI 55383
-1
end
HI 54760
-1
end
HI 36012
-1
end
HI 4506
-1
end
HI 76035
-1
end
HI 57314
-1
end
HI 55808
-1
end
HI 3096
-1
end
HI 59538
-1
end
HI 40537
-1
end
HI 60707
-1
end
HI 98155
-1
end
HI 57515
-1
end
HI 63
-1
end
HI 62336
-1
end
HI 44125
-1
end
HI 6041
-1
end
HI 12853
-1
end
HI 37241
-1
end
HI 43697
-1
end
HI 31486
-1
end
HI 43974
-1
end
HI 89170
-1
end
HI 79110
-1
end
HI 55971
-1
end
HI 82271
-1
end
HI 83076
-1
end
HI 78107
-1
end
HI 22836
-1
end
HI 24692
-1
end
HI 59504
-1
end
HI 65796
-1
end
HI 59390
-1
end
HI 36698
-1
end
HI 47937
-1
end
HI 97312
-1
end
HI 62767
-1
end
HI 24431
-1
end
HI 95893
-1
end
HI 7661
-1
end
HI 96884
-1
end
HI 40998
-1
end
HI 73154
-1
end
HI 29146
-1
end
HI 17451
-1
end
HI 3927
-1
end
HI 448
-1
end
HI 79505
-1
end
HI 1555
-1
end
HI 27441
-1
end
HI 89090
-1
end
HI 38009
-1
end
HI 96072
-1
end
HI 28829
-1
end
HI 81724
-1
end
HI 58340
-1
end
HI 40980
-1
end
HI 90916
-1
end
HI 70815
-1
end
HI 12310
-1
end
HI 19305
-1
end
HI 11042
-1
end
HI 81081
-1
end
HI 28762
-1
end
HI 15067
-1
end
HI 30008
-1
end
HI 91931
-1
end
HI 80466
-1
end
HI 64595
-1
end
HI 46980
-1
end
HI 48363
-1
end
HI 18532
-1
end
HI 18057
-1
end
HI 43617
-1
end
HI 63526
-1
end
HI 41290
-1
end
HI 52549
-1
end
HI 83136
-1
end
HI 36085
-1
end
HI 29458
-1
end
HI 75844
-1
end
HI 33731
-1
end
HI 46196
-1
end
HI 71323
-1
end
HI 77826
-1
end
HI 61476
-1
end
HI 96123
-1
end
HI 1009
-1
end
HI 44920
-1
end
HI 8308
-1
end
HI 44299
-1
end
HI 57504
-1
end
HI 63329
-1
end
HI 92912
-1
end
HI 12573
-1
end
HI 31452
-1
end
HI 12563
-1
end
HI 62270
-1
end
HI 12835
-1
end
HI 95390
-1
end
HI 32812
-1
end
HI 3776
-1
end
HI 47628
-1
end
HI 68664
-1
end
HI 11045
-1
end
HI 44166
-1
end
HI 75815
-1
end
HI 80981
-1
end
HI 86926
-1
end
HI 80811
-1
end
HI 51063
-1
end
HI 30056
-1
end
HI 24126
-1
end
HI 51073
-1
end
HI 71544
-1
end
HI 41460
-1
end
HI 91909
-1
end
HI 18788
-1
end
HI 46792
-1
end
HI 9768
-1
end
HI 84224
-1
end
HI 78621
-1
end
HI 75637
-1
end
HI 84759
-1
end
HI 73999
-1
end
HI 67518
-1
end
HI 60130
-1
end
HI 91101
-1
end
HI 31937
-1
end
HI 75450
-1
end
HI 97330
-1
end
HI 54548
-1
end
HI 74534
-1
end
HI 28820
-1
end
HI 73247
-1
end
HI 62797
-1
end
HI 61797
-1
end
HI 6431
-1
end
HI 66431
-1
end
HI 29522
-1
end
HI 6257
-1
end
HI 33151
-1
end
HI 52081
-1
end
HI 66298
-1
end
HI 27923
-1
end
HI 77598
-1
end
HI 211
-1
end
HI 14678
-1
end
HI 52977
-1
end
HI 1027
-1
end
HI 77351
-1
end
HI 39481
-1
end
HI 30201
-1
end
HI 2261
-1
end
HI 85464
-1
end
HI 247
-1
end
HI 36113
-1
end
HI 65592
-1
end
HI 54301
-1
end
HI 21301
-1
end
HI 9813
-1
end
HI 35339
-1
end
HI 49062
-1
end
HI 4387
-1
end
HI 78620
-1
end
HI 13316
-1
end
HI 47759
-1
end
HI 90882
-1
end
HI 96788
-1
end
HI 12410
-1
end
HI 87131
-1
end
HI 91121
-1
end
HI 91681
-1
end
HI 78818
-1
end
HI 99250
-1
end
HI 43868
-1
end
HI 26891
-1
end
HI 26823
-1
end
HI 72249
-1
end
HI 52391
-1
end
HI 94952
-1
end
HI 59592
-1
end
HI 2804
-1
end
HI 67063
-1
end
HI 57414
-1
end
HI 1689
-1
end
HI 7683
-1
end
HI 22848
-1
end
HI 85536
-1
end
HI 88084
-1
end
HI 46327
-1
end
HI 60696
-1
end
HI 64221
-1
end
HI 51135
-1
end
HI 73729
-1
end
HI 49646
-1
end
HI 68157
-1
end
HI 81520
-1
end
HI 63652
-1
end
HI 70527
-1
end
HI 68856
-1
end
HI 54133
-1
end
HI 34168
-1
end
HI 23767
-1
end
HI 85697
-1
end
HI 31186
-1
end
HI 91718
-1
end
HI 75225
-1
end
HI 42611
-1
end
HI 76696
-1
end
HI 65043
-1
end
HI 12231
-1
end
HI 79156
-1
end
HI 72864
-1
end
HI 24956
-1
end
HI 8455
-1
end
HI 21601
-1
end
HI 10304
-1
end
HI 19396
-1
end
HI 72980
-1
end
HI 6320
-1
end
HI 30151
-1
end
HI 71432
-1
end
HI 49153
-1
end
HI 54502
-1
end
HI 17346
-1
end
HI 70781
-1
end
HI 65110
-1
end
HI 56705
-1
end
HI 27026
-1
end
HI 10536
-1
end
HI 4901
-1
end
HI 37757
-1
end
HI 73360
-1
end
HI 6711
-1
end
HI 59318
-1
end
HI 20225
-1
end
HI 71850
-1
end
HI 37007
-1
end
HI 66307
-1
end
HI 17063
-1
end
HI 12373
-1
end
HI 8770
-1
end
HI 41002
-1
end
HI 28986
-1
end
HI 36321
-1
end
HI 46126
-1
end
HI 18074
-1
end
HI 54338
-1
end
HI 73529
-1
end
HI 40063
-1
end
HI 84800
-1
end
HI 92228
-1
end
HI 79807
-1
end
HI 13846
-1
end
HI 37940
-1
end
HI 20053
-1
end
HI 21216
-1
end
HI 24150
-1
end
HI 10085
-1
end
HI 21519
-1
end
HI 97748
-1
end
HI 78036
-1
end
HI 45369
-1
end
HI 53877
-1
end
HI 24235
-1
end
HI 32540
-1
end
HI 87337
-1
end
HI 47383
-1
end
HI 93240
-1
end
HI 84846
-1
end
HI 52827
-1
end
HI 14890
-1
end
HI 92826
-1
end
HI 16654
-1
end
HI 39133
-1
end
HI 95711
-1
end
HI 90892
-1
end
HI 7627
-1
end
HI 40009
-1
end
HI 18059
-1
end
HI 13783
-1
end
HI 63528
-1
end
HI 96294
-1
end
HI 46518
-1
end
HI 55185
-1
end
HI 84334
-1
end
HI 32579
-1
end
HI 98045
-1
end
HI 43243
-1
end
HI 44526
-1
end
HI 48468
-1
end
HI 51353
-1
end
HI 24368
-1
end
HI 63245
-1
end
HI 91849
-1
end
HI 99784
-1
end
HI 77466
-1
end
HI 49200
-1
end
HI 82199
-1
end
HI 73370
-1
end
HI 98977
-1
end
HI 40962
-1
end
HI 50025
-1
end
HI 94824
-1
end
HI 43047
-1
end
HI 9743
-1
end
HI 6759
-1
end
HI 12078
-1
end
HI 64305
-1
end
HI 83715
-1
end
HI 88661
-1
end
HI 63656
-1
end
HI 58961
-1
end
HI 27675
-1
end
HI 36931
-1
end
HI 24087
-1
end
HI 31977
-1
end
HI 13262
-1
end
HI 22723
-1
end
HI 98226
-1
end
HI 25051
-1
end
HI 40051
-1
end
HI 8829
-1
end
HI 10105
-1
end
HI 23924
-1
end
HI 60058
-1
end
HI 35207
-1
end
HI 86693
-1
end
HI 92801
-1
end
HI 42519
-1
end
HI 58398
-1
end
HI 62832
-1
end
HI 54173
-1
end
HI 56240
-1
end
HI 82067
-1
end
HI 11991
-1
end
HI 38468
-1
end
HI 35737
-1
end
HI 91126
-1
end
HI 46885
-1
end
HI 235
-1
end
HI 56379
-1
end
HI 57764
-1
end
HI 5837
-1
end
HI 20217
-1
end
HI 29530
-1
end
HI 41519
-1
end
HI 42236
-1
end
HI 71996
-1
end
HI 1757
-1
end
HI 50659
-1
end
HI 87178
-1
end
HI 86142
-1
end
HI 39595
-1
end
HI 76888
-1
end
HI 22091
-1
end
HI 74665
-1
end
HI 46568
-1
end
HI 59463
-1
end
HI 21911
-1
end
HI 76378
-1
end
HI 10200
-1
end
HI 13400
-1
end
HI 21842
-1
end
HI 53878
-1
end
HI 74000
-1
end
HI 8817
-1
end
HI 37143
-1
end
HI 10601
-1
end
HI 55344
-1
end
HI 81410
-1
end
HI 45023
-1
end
HI 54922
-1
end
HI 54789
-1
end
HI 63388
-1
end
HI 25183
-1
end
HI 68776
-1
end
HI 23919
-1
end
HI 83617
-1
end
HI 60368
-1
end
HI 70631
-1
end
HI 40505
-1
end
HI 50096
-1
end
HI 69879
-1
end
HI 3238
-1
end
HI 65957
-1
end
HI 75334
-1
end
HI 26969
-1
end
HI 40511
-1
end
HI 32885
-1
end
HI 9256
-1
end
HI 5496
-1
end
HI 58548
-1
end
HI 38079
-1
end
HI 14255
-1
end
HI 46000
-1
end
HI 71667
-1
end
HI 82819
-1
end
HI 6650
-1
end
HI 79336
-1
end
HI 47093
-1
end
HI 67086
-1
end
HI 48890
-1
end
HI 89516
-1
end
HI 81950
-1
end
HI 54462
-1
end
HI 99487
-1
end
HI 30594
-1
end
HI 20028
-1
end
HI 38846
-1
end
HI 86327
-1
end
HI 72640
-1
end
HI 97740
-1
end
HI 42119
-1
end
HI 62063
-1
end
HI 33850
-1
end
HI 78723
-1
end
HI 56598
-1
end
HI 45593
-1
end
HI 10779
-1
end
HI 78709
-1
end
HI 76194
-1
end
HI 71063
-1
end
HI 17770
-1
end
HI 68062
-1
end
HI 36106
-1
end
HI 93378
-1
end
HI 9456
-1
end
HI 2058
-1
end
HI 14278
-1
end
HI 99942
-1
end
HI 39704
-1
end
HI 1795
-1
end
HI 79170
-1
end
HI 28979
-1
end
HI 50250
-1
end
HI 41413
-1
end
HI 90922
-1
end
HI 69328
-1
end
HI 14157
-1
end
HI 56564
-1
end
HI 6713
-1
end
HI 86366
-1
end
HI 36304
-1
end
HI 69173
-1
end
HI 492
-1
end
HI 69405
-1
end
HI 60267
-1
end
HI 67042
-1
end
HI 19112
-1
end
HI 78390
-1
end
HI 49850
-1
end
HI 26004
-1
end
HI 10187
-1
end
HI 27161
-1
end
HI 49836
-1
end
HI 47964
-1
end
HI 99095
-1
end
HI 24984
-1
end
HI 20234
-1
end
HI 75866
-1
end
HI 52867
-1
end
HI 54370
-1
end
HI 84029
-1
end
HI 62016
-1
end
HI 5454
-1
end
HI 1761
-1
end
HI 69527
-1
end
HI 90036
-1
end
HI 44226
-1
end
HI 38497
-1
end
HI 7738
-1
end
HI 9009
-1
end
HI 12457
-1
end
HI 7663
-1
end
HI 52383
-1
end
HI 36331
-1
end
HI 48244
-1
end
HI 19264
-1
end
HI 19473
-1
end
HI 52321
-1
end
HI 70852
-1
end
HI 22048
-1
end
HI 98677
-1
end
HI 16365
-1
end
HI 29321
-1
end
HI 5613
-1
end
HI 68120
-1
end
HI 46841
-1
end
HI 67801
-1
end
HI 20000
-1
end
HI 60820
-1
end
HI 11180
-1
end
HI 13916
-1
end
HI 7864
-1
end
HI 15453
-1
end
HI 9541
-1
end
HI 21051
-1
end
HI 34781
-1
end
HI 73367
-1
end
HI 20692
-1
end
HI 45965
-1
end
HI 29209
-1
end
HI 23200
-1
end
HI 29234
-1
end
HI 28589
-1
end
HI 19980
-1
end
HI 78289
-1
end
HI 13168
-1
end
HI 24068
-1
end
HI 95818
-1
end
HI 23691
-1
end
HI 87249
-1
end
HI 90143
-1
end
HI 3127
-1
end
HI 13558
-1
end
HI 65786
-1
end
HI 4218
-1
end
HI 20743
-1
end
HI 23790
-1
end
HI 28051
-1
end
HI 86647
-1
end
HI 79511
-1
end
HI 7640
-1
end
HI 1683
-1
end
HI 62207
-1
end
HI 50006
-1
end
HI 1256
-1
end
HI 29488
-1
end
HI 99310
-1
end
HI 87407
-1
end
HI 43718
-1
end
HI 27590
-1
end
HI 89338
-1
end
HI 34445
-1
end
HI 4121
-1
end
HI 39405
-1
end
HI 6051
-1
end
HI 67444
-1
end
HI 4345
-1
end
HI 11457
-1
end
HI 86429
-1
end
HI 73112
-1
end
HI 38268
-1
end
HI 80791
-1
end
HI 81461
-1
end
HI 90966
-1
end
HI 57781
-1
end
HI 29259
-1
end
HI 82089
-1
end
HI 14932
-1
end
HI 5732
-1
end
HI 99615
-1
end
HI 11323
-1
end
HI 56100
-1
end
HI 95715
-1
end
HI 66311
-1
end
HI 70687
-1
end
HI 75598
-1
end
HI 68066
-1
end
HI 28903
-1
end
HI 66001
-1
end
HI 43806
-1
end
HI 31041
-1
end
HI 47944
-1
end
HI 15390
-1
end
HI 23479
-1
end
HI 72918
-1
end
HI 31614
-1
end
HI 92267
-1
end
HI 63964
-1
end
HI 58812
-1
end
HI 46092
-1
end
HI 29597
-1
end
HI 83412
-1
end
HI 919
-1
end
HI 24375
-1
end
HI 51113
-1
end
HI 6896
-1
end
HI 40318
-1
end
HI 11663
-1
end
HI 38515
-1
end
HI 76969
-1
end
HI 38495
-1
end
HI 13004
-1
end
HI 93962
-1
end
HI 74136
-1
end
HI 26026
-1
end
HI 10991
-1
end
HI 80355
-1
end
HI 47831
-1
end
HI 7686
-1
end
HI 17108
-1
end
HI 1828
-1
end
HI 64215
-1
end
HI 15621
-1
end
HI 94731
-1
end
HI 91199
-1
end
HI 25911
-1
end
HI 39162
-1
end
HI 58814
-1
end
HI 82567
-1
end
HI 81908
-1
end
HI 38876
-1
end
HI 83228
-1
end
HI 19797
-1
end
HI 15485
-1
end
HI 76144
-1
end
HI 79513
-1
end
HI 88844
-1
end
HI 41050
-1
end
HI 45895
-1
end
HI 50166
-1
end
HI 36732
-1
end
HI 37778
-1
end
HI 2607
-1
end
HI 22399
-1
end
HI 69862
-1
end
HI 8133
-1
end
HI 20191
-1
end
HI 59600
-1
end
HI 29239
-1
end
HI 48843
-1
end
HI 18756
-1
end
HI 27751
-1
end
HI 37916
-1
end
HI 23101
-1
end
HI 90949
-1
end
HI 64597
-1
end
HI 98462
-1
end
HI 89610
-1
end
HI 70749
-1
end
HI 20247
-1
end
HI 19334
-1
end
HI 65986
-1
end
HI 76022
-1
end
HI 11392
-1
end
HI 58745
-1
end
HI 77569
-1
end
HI 91860
-1
end
HI 67992
-1
end
HI 42021
-1
end
HI 30758
-1
end
HI 50501
-1
end
HI 50417
-1
end
HI 77585
-1
end
HI 44700
-1
end
HI 40534
-1
end
HI 35963
-1
end
HI 73723
-1
end
HI 80641
-1
end
HI 58625
-1
end
HI 29363
-1
end
HI 1433
-1
end
HI 86374
-1
end
HI 84644
-1
end
HI 88539
-1
end
HI 70191
-1
end
HI 69181
-1
end
HI 54554
-1
end
HI 4809
-1
end
HI 79865
-1
end
HI 51622
-1
end
HI 62265
-1
end
HI 83186
-1
end
HI 25915
-1
end
HI 49142
-1
end
HI 35774
-1
end
HI 18801
-1
end
HI 73700
-1
end
HI 73786
-1
end
HI 36717
-1
end
HI 74270
-1
end
HI 88018
-1
end
HI 28790
-1
end
HI 35951
-1
end
HI 27562
-1
end
HI 60519
-1
end
HI 21994
-1
end
HI 77451
-1
end
HI 85910
-1
end
HI 63361
-1
end
HI 45742
-1
end
HI 4384
-1
end
HI 82876
-1
end
HI 36208
-1
end
HI 23923
-1
end
HI 45140
-1
end
HI 16014
-1
end
HI 84953
-1
end
HI 42932
-1
end
HI 11225
-1
end
HI 91063
-1
end
HI 40218
-1
end
HI 31296
-1
end
HI 40481
-1
end
HI 25551
-1
end
HI 10606
-1
end
HI 73818
-1
end
HI 93051
-1
end
HI 7355
-1
end
HI 20196
-1
end
HI 97323
-1
end
HI 55220
-1
end
HI 14505
-1
end
HI 39230
-1
end
HI 30852
-1
end
HI 69566
-1
end
HI 50718
-1
end
HI 97832
-1
end
HI 41604
-1
end
HI 14483
-1
end
HI 65709
-1
end
HI 44685
-1
end
HI 93380
-1
end
HI 74167
-1
end
HI 20939
-1
end
HI 72619
-1
end
HI 39738
-1
end
HI 47086
-1
end
HI 38790
-1
end
HI 72723
-1
end
HI 58826
-1
end
HI 36733
-1
end
HI 36149
-1
end
HI 63121
-1
end
HI 78079
-1
end
HI 55069
-1
end
HI 20375
-1
end
HI 6602
-1
end
HI 64498
-1
end
HI 29857
-1
end
HI 18366
-1
end
HI 43261
-1
end
HI 27830
-1
end
HI 22732
-1
end
HI 93725
-1
end
HI 26093
-1
end
HI 42062
-1
end
HI 76123
-1
end
HI 92989
-1
end
HI 78441
-1
end
HI 27114
-1
end
HI 55749
-1
end
HI 46165
-1
end
HI 83043
-1
end
HI 31077
-1
end
HI 39010
-1
end
HI 85590
-1
end
HI 89738
-1
end
HI 59936
-1
end
HI 55984
-1
end
HI 81208
-1
end
HI 63364
-1
end
HI 63990
-1
end
HI 25560
-1
end
HI 9372
-1
end
HI 79863
-1
end
HI 11552
-1
end
HI 63767
-1
end
HI 94674
-1
end
HI 71575
-1
end
HI 63753
-1
end
HI 16896
-1
end
HI 97849
-1
end
HI 56783
-1
end
HI 29001
-1
end
HI 37784
-1
end
HI 63418
-1
end
HI 61540
-1
end
HI 17281
-1
end
HI 26737
-1
end
HI 8044
-1
end
HI 6470
-1
end
HI 89761
-1
end
HI 28170
-1
end
HI 18521
-1
end
HI 50019
-1
end
HI 96874
-1
end
HI 37385
-1
end
HI 85756
-1
end
HI 60297
-1
end
HI 91696
-1
end
HI 89644
-1
end
HI 73475
-1
end
HI 45893
-1
end
HI 7022
-1
end
HI 76168
-1
end
HI 37225
-1
end
HI 59685
-1
end
HI 2292
-1
end
HI 72892
-1
end
HI 89846
-1
end
HI 85189
-1
end
HI 18780
-1
end
HI 68566
-1
end
HI 39463
-1
end
HI 41762
-1
end
HI 99683
-1
end
HI 15321
-1
end
HI 9845
-1
end
HI 35541
-1
end
HI 80989
-1
end
HI 86660
-1
end
HI 72281
-1
end
HI 26609
-1
end
HI 78185
-1
end
HI 52393
-1
end
HI 71073
-1
end
HI 67881
-1
end
HI 55969
-1
end
HI 81193
-1
end
HI 13614
-1
end
HI 56755
-1
end
HI 28668
-1
end
HI 78048
-1
end
HI 20068
-1
end
HI 44574
-1
end
HI 26304
-1
end
HI 50450
-1
end
HI 64892
-1
end
HI 19848
-1
end
HI 98143
-1
end
HI 8069
-1
end
HI 79878
-1
end
HI 39194
-1
end
HI 13836
-1
end
HI 5161
-1
end
HI 85283
-1
end
HI 31139
-1
end
HI 79570
-1
end
HI 86858
-1
end
HI 63264
-1
end
HI 29225
-1
end
HI 46498
-1
end
HI 98869
-1
end
HI 10035
-1
end
HI 98706
-1
end
HI 93916
-1
end
HI 62898
-1
end
HI 91345
-1
end
HI 69093
-1
end
HI 36416
-1
end
HI 39238
-1
end
HI 85135
-1
end
HI 79122
-1
end
HI 81805
-1
end
HI 47073
-1
end
HI 96929
-1
end
HI 65310
-1
end
HI 18170
-1
end
HI 42168
-1
end
HI 41421
-1
end
HI 44617
-1
end
HI 84438
-1
end
HI 84978
-1
end
HI 77951
-1
end
HI 93876
-1
end
HI 21937
-1
end
HI 4842
-1
end
HI 35539
-1
end
HI 30634
-1
end
HI 23100
-1
end
HI 80123
-1
end
HI 85712
-1
end
HI 24052
-1
end
HI 423
-1
end
HI 24457
-1
end
HI 1212
-1
end
HI 43542
-1
end
HI 59893
-1
end
HI 99561
-1
end
HI 22688
-1
end
HI 39231
-1
end
HI 22449
-1
end
HI 82002
-1
end
HI 82334
-1
end
HI 47906
-1
end
HI 95337
-1
end
HI 20158
-1
end
HI 12625
-1
end
HI 91701
-1
end
HI 92195
-1
end
HI 2747
-1
end
HI 86134
-1
end
HI 95780
-1
end
HI 42801
-1
end
HI 12287
-1
end
HI 45611
-1
end
HI 4078
-1
end
HI 49848
-1
end
HI 85367
-1
end
HI 88486
-1
end
HI 50742
-1
end
HI 21381
-1
end
HI 24814
-1
end
HI 28248
-1
end
HI 67333
-1
end
HI 87734
-1
end
HI 63362
-1
end
HI 60524
-1
end
HI 7231
-1
end
HI 43693
-1
end
HI 83521
-1
end
HI 57480
-1
end
HI 76017
-1
end
HI 61701
-1
end
HI 34351
-1
end
HI 21109
-1
end
HI 33578
-1
end
HI 42475
-1
end
HI 73330
-1
end
HI 80540
-1
end
HI 57044
-1
end
HI 55157
-1
end
HI 43968
-1
end
HI 9405
-1
end
HI 87327
-1
end
HI 35862
-1
end
HI 13222
-1
end
HI 93929
-1
end
HI 90457
-1
end
HI 53319
-1
end
HI 79236
-1
end
HI 7797
-1
end
HI 34369
-1
end
HI 28566
-1
end
HI 23205
-1
end
HI 21097
-1
end
HI 30729
-1
end
HI 6185
-1
end
HI 99318
-1
end
HI 59386
-1
end
HI 7086
-1
end
HI 39714
-1
end
HI 83052
-1
end
HI 98538
-1
end
HI 40162
-1
end
HI 23996
-1
end
HI 72341
-1
end
HI 78378
-1
end
HI 51587
-1
end
HI 79869
-1
end
HI 86200
-1
end
HI 87099
-1
end
HI 44895
-1
end
HI 63876
-1
end
HI 55817
-1
end
HI 35633
-1
end
HI 26836
-1
end
HI 38826
-1
end
HI 41426
-1
end
HI 36508
-1
end
HI 5062
-1
end
HI 72352
-1
end
HI 68489
-1
end
HI 19433
-1
end
HI 83546
-1
end
HI 49403
-1
end
HI 44404
-1
end
HI 10790
-1
end
HI 76263
-1
end
HI 92157
-1
end
HI 29884
-1
end
HI 52492
-1
end
HI 50587
-1
end
HI 81224
-1
end
HI 72364
-1
end
HI 4055
-1
end
HI 8887
-1
end
HI 86324
-1
end
HI 70232
-1
end
HI 35526
-1
end
HI 15291
-1
end
HI 21755
-1
end
HI 16947
-1
end
HI 53720
-1
end
HI 89247
-1
end
HI 54911
-1
end
HI 63940
-1
end
HI 55906
-1
end
HI 33183
-1
end
HI 19552
-1
end
HI 68156
-1
end
HI 34290
-1
end
HI 15739
-1
end
HI 56579
-1
end
HI 10510
-1
end
HI 69309
-1
end
HI 8607
-1
end
HI 40981
-1
end
HI 4040
-1
end
HI 99168
-1
end
HI 44956
-1
end
HI 28899
-1
end
HI 38922
-1
end
HI 18330
-1
end
HI 81227
-1
end
HI 34562
-1
end
HI 39767
-1
end
HI 53081
-1
end
HI 11719
-1
end
HI 2497
-1
end
HI 32567
-1
end
HI 63289
-1
end
HI 9099
-1
end
HI 85556
-1
end
HI 31952
-1
end
HI 26678
-1
end
HI 59995
-1
end
HI 57980
-1
end
HI 51007
-1
end
HI 9956
-1
end
HI 14777
-1
end
HI 71549
-1
end
HI 12098
-1
end
HI 46030
-1
end
HI 79250
-1
end
HI 5620
-1
end
HI 4457
-1
end
HI 15320
-1
end
HI 44336
-1
end
HI 67102
-1
end
HI 28963
-1
end
HI 4636
-1
end
HI 84191
-1
end
HI 26719
-1
end
HI 64274
-1
end
HI 64099
-1
end
HI 23774
-1
end
HI 67635
-1
end
HI 58693
-1
end
HI 36795
-1
end
HI 46403
-1
end
HI 76788
-1
end
HI 90108
-1
end
HI 82156
-1
end
HI 98306
-1
end
HI 77986
-1
end
HI 90774
-1
end
HI 36816
-1
end
HI 29233
-1
end
HI 4116
-1
end
HI 41081
-1
end
HI 95950
-1
end
HI 37531
-1
end
HI 35401
-1
end
HI 96972
-1
end
HI 39213
-1
end
HI 14441
-1
end
HI 67517
-1
end
HI 87364
-1
end
HI 46739
-1
end
HI 52676
-1
end
HI 71089
-1
end
HI 34732
-1
end
HI 7615
-1
end
HI 66096
-1
end
HI 7112
-1
end
HI 55792
-1
end
HI 80241
-1
end
HI 92905
-1
end
HI 59283
-1
end
HI 99754
-1
end
HI 32497
-1
end
HI 56170
-1
end
HI 36976
-1
end
HI 78601
-1
end
HI 2151
-1
end
HI 63790
-1
end
HI 27259
-1
end
HI 63101
-1
end
HI 42891
-1
end
HI 98181
-1
end
HI 48045
-1
end
HI 5352
-1
end
HI 75428
-1
end
HI 77369
-1
end
HI 71312
-1
end
HI 17698
-1
end
HI 84936
-1
end
HI 29442
-1
end
HI 67461
-1
end
HI 5005
-1
end
HI 65810
-1
end
HI 59996
-1
end
HI 52789
-1
end
HI 31732
-1
end
HI 31879
-1
end
HI 17128
-1
end
HI 94748
-1
end
HI 56335
-1
end
HI 83282
-1
end
HI 26547
-1
end
HI 18959
-1
end
HI 63491
-1
end
HI 97491
-1
end
HI 82474
-1
end
HI 47746
-1
end
HI 72479
-1
end
HI 89330
-1
end
HI 71478
-1
end
HI 92395
-1
end
HI 76752
-1
end
HI 66274
-1
end
HI 72016
-1
end
HI 1031
-1
end
HI 64408
-1
end
HI 48167
-1
end
HI 34407
-1
end
HI 79426
-1
end
HI 20980
-1
end
HI 52478
-1
end
HI 16804
-1
end
HI 48478
-1
end
HI 67515
-1
end
HI 73534
-1
end
HI 30331
-1
end
HI 37022
-1
end
HI 99789
-1
end
HI 2889
-1
end
HI 76465
-1
end
HI 93113
-1
end
HI 9901
-1
end
HI 49323
-1
end
HI 65528
-1
end
HI 1887
-1
end
HI 29047
-1
end
HI 60929
-1
end
HI 20612
-1
end
HI 60647
-1
end
HI 54905
-1
end
HI 18186
-1
end
HI 7107
-1
end
HI 91872
-1
end
HI 62443
-1
end
HI 58595
-1
end
HI 60624
-1
end
HI 35593
-1
end
HI 70688
-1
end
HI 2230
-1
end
HI 39346
-1
end
HI 80897
-1
end
HI 71906
-1
end
HI 7717
-1
end
HI 43920
-1
end
HI 125
-1
end
HI 34770
-1
end
HI 49568
-1
end
HI 58576
-1
end
HI 5324
-1
end
HI 86081
-1
end
HI 71032
-1
end
HI 10113
-1
end
HI 38016
-1
end
HI 78578
-1
end
HI 68630
-1
end
HI 93161
-1
end
HI 27214
-1
end
HI 36899
-1
end
HI 18560
-1
end
HI 23536
-1
end
HI 25177
-1
end
HI 86056
-1
end
HI 88066
-1
end
HI 31886
-1
end
HI 19292
-1
end
HI 25935
-1
end
HI 29563
-1
end
HI 57585
-1
end
HI 40856
-1
end
HI 48381
-1
end
HI 26659
-1
end
HI 3006
-1
end
HI 97500
-1
end
HI 7236
-1
end
HI 13371
-1
end
HI 41707
-1
end
HI 89300
-1
end
HI 14177
-1
end
HI 50076
-1
end
HI 83319
-1
end
HI 25876
-1
end
HI 7938
-1
end
HI 45234
-1
end
HI 61746
-1
end
HI 76880
-1
end
HI 68262
-1
end
HI 60247
-1
end
HI 53215
-1
end
HI 49605
-1
end
HI 49840
-1
end
HI 15770
-1
end
HI 21624
-1
end
HI 99873
-1
end
HI 96252
-1
end
HI 79449
-1
end
HI 52425
-1
end
HI 11603
-1
end
HI 90701
-1
end
HI 54880
-1
end
HI 67981
-1
end
HI 24086
-1
end
HI 16468
-1
end
HI 77958
-1
end
HI 11573
-1
end
HI 86502
-1
end
HI 58390
-1
end
HI 93994
-1
end
HI 77939
-1
end
HI 97722
-1
end
HI 61171
-1
end
HI 43755
-1
end
HI 75416
-1
end
HI 71468
-1
end
HI 75608
-1
end
HI 99515
-1
end
HI 35705
-1
end
HI 73978
-1
end
HI 48855
-1
end
HI 63969
-1
end
HI 75370
-1
end
HI 59209
-1
end
HI 54104
-1
end
HI 2697
-1
end
HI 89246
-1
end
HI 53891
-1
end
HI 66419
-1
end
HI 71487
-1
end
HI 15533
-1
end
HI 33843
-1
end
HI 80122
-1
end
HI 65171
-1
end
HI 52413
-1
end
HI 34100
-1
end
HI 32127
-1
end
HI 94038
-1
end
HI 80885
-1
end
HI 39376
-1
end
HI 503
-1
end
HI 70168
-1
end
HI 89284
-1
end
HI 4128
-1
end
HI 87543
-1
end
HI 19772
-1
end
HI 96758
-1
end
HI 30495
-1
end
HI 38251
-1
end
HI 53567
-1
end
HI 68666
-1
end
HI 9967
-1
end
HI 59594
-1
end
HI 16074
-1
end
HI 49813
-1
end
HI 29995
-1
end
HI 78290
-1
end
HI 78291
-1
end
HI 28258
-1
end
HI 19080
-1
end
HI 82789
-1
end
HI 61198
-1
end
HI 69681
-1
end
HI 28932
-1
end
HI 58877
-1
end
HI 96311
-1
end
HI 42699
-1
end
HI 81305
-1
end
HI 96935
-1
end
HI 7554
-1
end
HI 1772
-1
end
HI 36911
-1
end
HI 21395
-1
end
HI 52735
-1
end
HI 162
-1
end
HI 52083
-1
end
HI 30449
-1
end
HI 90223
-1
end
HI 78376
-1
end
HI 49758
-1
end
HI 3332
-1
end
HI 856
-1
end
HI 3209
-1
end
HI 55186
-1
end
HI 10670
-1
end
HI 55281
-1
end
HI 62128
-1
end
HI 74255
-1
end
HI 59382
-1
end
HI 18311
-1
end
HI 85426
-1
end
HI 5218
-1
end
HI 25370
-1
end
HI 63926
-1
end
HI 62654
-1
end
HI 87621
-1
end
HI 14309
-1
end
HI 43224
-1
end
HI 72011
-1
end
HI 29094
-1
end
HI 51609
-1
end
HI 64283
-1
end
HI 3801
-1
end
HI 81415
-1
end
HI 86895
-1
end
HI 48318
-1
end
HI 19742
-1
end
HI 73111
-1
end
HI 9917
-1
end
HI 22284
-1
end
HI 2140
-1
end
HI 57088
-1
end
HI 94286
-1
end
HI 60439
-1
end
HI 63646
-1
end
HI 59190
-1
end
HI 5716
-1
end
HI 76333
-1
end
HI 48348
-1
end
HI 63650
-1
end
HI 5529
-1
end
HI 11871
-1
end
HI 78293
-1
end
HI 44188
-1
end
HI 49359
-1
end
HI 80506
-1
end
HI 25133
-1
end
HI 36398
-1
end
HI 29734
-1
end
HI 4354
-1
end
HI 60619
-1
end
HI 25221
-1
end
HI 49414
-1
end
HI 47614
-1
end
HI 71775
-1
end
HI 55812
-1
end
HI 54639
-1
end
HI 89020
-1
end
HI 81019
-1
end
HI 95072
-1
end
HI 60291
-1
end
HI 33284
-1
end
HI 26003
-1
end
HI 9176
-1
end
HI 97416
-1
end
HI 95732
-1
end
HI 6224
-1
end
HI 30081
-1
end
HI 6422
-1
end
HI 81637
-1
end
HI 48788
-1
end
HI 4263
-1
end
HI 62939
-1
end
HI 55152
-1
end
HI 22511
-1
end
HI 10637
-1
end
HI 65997
-1
end
HI 88716
-1
end
HI 98654
-1
end
HI 85031
-1
end
HI 13008
-1
end
HI 78023
-1
end
HI 36294
-1
end
HI 48587
-1
end
HI 27551
-1
end
HI 98058
-1
end
HI 58189
-1
end
HI 66689
-1
end
HI 91876
-1
end
HI 69927
-1
end
HI 62747
-1
end
HI 56717
-1
end
HI 91534
-1
end
HI 78874
-1
end
HI 18180
-1
end
HI 28540
-1
end
HI 21266
-1
end
HI 26293
-1
end
HI 68397
-1
end
HI 63320
-1
end
HI 95558
-1
end
HI 59491
-1
end
HI 73028
-1
end
HI 69913
-1
end
HI 89567
-1
end
HI 73614
-1
end
HI 417
-1
end
HI 4344
-1
end
HI 75374
-1
end
HI 43520
-1
end
HI 49435
-1
end
HI 51179
-1
end
HI 31495
-1
end
HI 75631
-1
end
HI 63085
-1
end
HI 60679
-1
end
HI 55256
-1
end
HI 71233
-1
end
HI 39770
-1
end
HI 43765
-1
end
HI 96106
-1
end
HI 5214
-1
end
HI 92421
-1
end
HI 59019
-1
end
HI 63146
-1
end
HI 50989
-1
end
HI 53252
-1
end
HI 46786
-1
end
HI 94572
-1
end
HI 36241
-1
end
HI 96515
-1
end
HI 22859
-1
end
HI 97611
-1
end
HI 68136
-1
end
HI 25343
-1
end
HI 98007
-1
end
HI 45831
-1
end
HI 78217
-1
end
HI 71290
-1
end
HI 71470
-1
end
HI 53886
-1
end
HI 68573
-1
end
HI 89032
-1
end
HI 86867
-1
end
HI 18779
-1
end
HI 32380
-1
end
HI 29000
-1
end
HI 99121
-1
end
HI 7504
-1
end
HI 13977
-1
end
HI 98274
-1
end
HI 99491
-1
end
HI 79050
-1
end
HI 16936
-1
end
HI 75617
-1
end
HI 70867
-1
end
HI 31981
-1
end
HI 40417
-1
end
HI 54043
-1
end
HI 38181
-1
end
HI 45586
-1
end
HI 27466
-1
end
HI 35921
-1
end
HI 93293
-1
end
HI 939
-1
end
HI 15943
-1
end
HI 68937
-1
end
HI 52943
-1
end
HI 89251
-1
end
HI 41281
-1
end
HI 87351
-1
end
HI 67676
-1
end
HI 84
-1
end
HI 616
-1
end
HI 44023
-1
end
HI 39046
-1
end
HI 59754
-1
end
HI 16582
-1
end
HI 88439
-1
end
HI 20998
-1
end
HI 42190
-1
end
HI 28827
-1
end
HI 29584
-1
end
HI 49950
-1
end
HI 15840
-1
end
HI 89757
-1
end
HI 12588
-1
end
HI 8162
-1
end
HI 51645
-1
end
HI 1704
-1
end
HI 25379
-1
end
HI 11896
-1
end
HI 959
-1
end
HI 17949
-1
end
HI 8049
-1
end
HI 50513
-1
end
HI 52039
-1
end
HI 73967
-1
end
HI 41838
-1
end
HI 27233
-1
end
HI 42565
-1
end
HI 84200
-1
end
HI 34873
-1
end
HI 97657
-1
end
HI 95071
-1
end
HI 2514
-1
end
HI 63641
-1
end
HI 43242
-1
end
HI 98286
-1
end
HI 44975
-1
end
HI 58242
-1
end
HI 83748
-1
end
HI 49939
-1
end
HI 13778
-1
end
HI 77972
-1
end
HI 17035
-1
end
HI 68575
-1
end
HI 59631
-1
end
HI 84370
-1
end
HI 40073
-1
end
HI 34603
-1
end
HI 34710
-1
end
HI 19501
-1
end
HI 39175
-1
end
HI 92980
-1
end
HI 43787
-1
end
HI 23887
-1
end
HI 55970
-1
end
HI 29435
-1
end
HI 77948
-1
end
HI 56528
-1
end
HI 46554
-1
end
HI 36100
-1
end
HI 40629
-1
end
HI 72985
-1
end
HI 18871
-1
end
HI 1615
-1
end
HI 23539
-1
end
HI 65239
-1
end
HI 41029
-1
end
HI 33947
-1
end
HI 46985
-1
end
HI 99906
-1
end
HI 31454
-1
end
HI 83050
-1
end
HI 66296
-1
end
HI 26485
-1
end
HI 50015
-1
end
HI 82570
-1
end
HI 61596
-1
end
HI 56235
-1
end
HI 55272
-1
end
HI 69488
-1
end
HI 34169
-1
end
HI 33765
-1
end
HI 62775
-1
end
HI 81368
-1
end
HI 86230
-1
end
HI 40465
-1
end
HI 83850
-1
end
HI 78292
-1
end
HI 1918
-1
end
HI 29612
-1
end
HI 50596
-1
end
HI 79620
-1
end
HI 52253
-1
end
HI 79597
-1
end
HI 79936
-1
end
HI 71207
-1
end
HI 53068
-1
end
HI 44520
-1
end
HI 32177
-1
end
HI 99865
-1
end
HI 94306
-1
end
HI 97293
-1
end
HI 19386
-1
end
HI 41718
-1
end
HI 67633
-1
end
HI 44661
-1
end
HI 81028
-1
end
HI 92846
-1
end
HI 68854
-1
end
HI 12136
-1
end
HI 89597
-1
end
HI 39795
-1
end
HI 95588
-1
end
HI 88433
-1
end
HI 2961
-1
end
HI 4317
-1
end
HI 8596
-1
end
HI 38968
-1
end
HI 79976
-1
end
HI 75570
-1
end
HI 63593
-1
end
HI 82818
-1
end
HI 33809
-1
end
HI 84603
-1
end
HI 46250
-1
end
HI 9785
-1
end
HI 31638
-1
end
HI 77708
-1
end
HI 75145
-1
end
HI 71061
-1
end
HI 21764
-1
end
HI 55647
-1
end
HI 86883
-1
end
HI 91203
-1
end
HI 93165
-1
end
HI 57218
-1
end
HI 86797
-1
end
HI 21034
-1
end
HI 48498
-1
end
HI 75446
-1
end
HI 61317
-1
end
HI 84487
-1
end
HI 93846
-1
end
HI 46161
-1
end
HI 55869
-1
end
HI 17463
-1
end
HI 2410
-1
end
HI 68389
-1
end
HI 68652
-1
end
HI 52568
-1
end
HI 75606
-1
end
HI 73560
-1
end
HI 77856
-1
end
HI 76120
-1
end
HI 12004
-1
end
HI 40878
-1
end
HI 28154
-1
end
HI 25091
-1
end
HI 49096
-1
end
HI 31874
-1
end
HI 2546
-1
end
HI 92012
-1
end
HI 37252
-1
end
HI 24949
-1
end
HI 68782
-1
end
HI 92861
-1
end
HI 71635
-1
end
HI 3437
-1
end
HI 29086
-1
end
HI 75651
-1
end
HI 36989
-1
end
HI 23862
-1
end
HI 29451
-1
end
HI 61402
-1
end
HI 56898
-1
end
HI 46281
-1
end
HI 90127
-1
end
HI 10117
-1
end
HI 34849
-1
end
HI 61391
-1
end
HI 63967
-1
end
HI 19769
-1
end
HI 21111
-1
end
HI 21252
-1
end
HI 62157
-1
end
HI 21890
-1
end
HI 48267
-1
end
HI 30373
-1
end
HI 42169
-1
end
HI 74883
-1
end
HI 78512
-1
end
HI 33918
-1
end
HI 35741
-1
end
HI 77061
-1
end
HI 34302
-1
end
HI 75695
-1
end
HI 93490
-1
end
HI 90366
-1
end
HI 88231
-1
end
HI 11339
-1
end
HI 35448
-1
end
HI 55394
-1
end
HI 49321
-1
end
HI 69577
-1
end
HI 9602
-1
end
HI 75979
-1
end
HI 74194
-1
end
HI 56804
-1
end
HI 36628
-1
end
HI 81839
-1
end
HI 96341
-1
end
HI 80090
-1
end
HI 44662
-1
end
HI 1953
-1
end
HI 19653
-1
end
HI 47429
-1
end
HI 29196
-1
end
HI 51857
-1
end
HI 25540
-1
end
HI 52995
-1
end
HI 62539
-1
end
HI 35405
-1
end
HI 49193
-1
end
HI 53833
-1
end
HI 51462
-1
end
HI 238
-1
end
HI 95176
-1
end
HI 64466
-1
end
HI 77208
-1
end
HI 8886
-1
end
HI 98927
-1
end
HI 73846
-1
end
HI 52498
-1
end
HI 31802
-1
end
HI 91394
-1
end
HI 1200
-1
end
HI 29423
-1
end
HI 94790
-1
end
HI 22114
-1
end
HI 81270
-1
end
HI 46265
-1
end
HI 87996
-1
end
HI 39737
-1
end
HI 30271
-1
end
HI 6692
-1
end
HI 60924
-1
end
HI 2023
-1
end
HI 2338
-1
end
HI 80339
-1
end
HI 94518
-1
end
HI 38802
-1
end
HI 43013
-1
end
HI 38616
-1
end
HI 46202
-1
end
HI 27903
-1
end
HI 95135
-1
end
HI 82000
-1
end
HI 46895
-1
end
HI 47750
-1
end
HI 99751
-1
end
HI 73582
-1
end
HI 20642
-1
end
HI 77863
-1
end
HI 38561
-1
end
HI 19244
-1
end
HI 43378
-1
end
HI 23241
-1
end
HI 6089
-1
end
HI 81525
-1
end
HI 66555
-1
end
HI 75481
-1
end
HI 58658
-1
end
HI 60220
-1
end
HI 79756
-1
end
HI 67007
-1
end
HI 73630
-1
end
HI 30250
-1
end
HI 84794
-1
end
HI 28796
-1
end
HI 9554
-1
end
HI 66358
-1
end
HI 45527
-1
end
HI 48262
-1
end
HI 1966
-1
end
HI 52527
-1
end
HI 38002
-1
end
HI 55854
-1
end
HI 26866
-1
end
HI 20472
-1
end
HI 60740
-1
end
HI 12176
-1
end
HI 25214
-1
end
HI 67487
-1
end
HI 9496
-1
end
HI 35666
-1
end
HI 77768
-1
end
HI 87799
-1
end
HI 13691
-1
end
HI 28537
-1
end
HI 82356
-1
end
HI 34399
-1
end
HI 13762
-1
end
HI 31242
-1
end
HI 47265
-1
end
HI 77291
-1
end
HI 12237
-1
end
HI 32385
-1
end
HI 2327
-1
end
HI 34657
-1
end
HI 15076
-1
end
HI 79032
-1
end
HI 28500
-1
end
HI 81683
-1
end
HI 7991
-1
end
HI 94948
-1
end
HI 99263
-1
end
HI 24800
-1
end
HI 66119
-1
end
HI 16248
-1
end
HI 75926
-1
end
HI 97945
-1
end
HI 68542
-1
end
HI 71156
-1
end
HI 78848
-1
end
HI 80050
-1
end
HI 30130
-1
end
HI 5811
-1
end
HI 89973
-1
end
HI 20062
-1
end
HI 8425
-1
end
HI 61133
-1
end
HI 99722
-1
end
HI 60337
-1
end
HI 83537
-1
end
HI 37874
-1
end
HI 36933
-1
end
HI 85535
-1
end
HI 6980
-1
end
HI 96373
-1
end
HI 86555
-1
end
HI 20463
-1
end
HI 3865
-1
end
HI 38209
-1
end
HI 53279
-1
end
HI 28374
-1
end
HI 77248
-1
end
HI 80968
-1
end
HI 62604
-1
end
HI 42662
-1
end
HI 82895
-1
end
HI 66791
-1
end
HI 17031
-1
end
HI 47486
-1
end
HI 68163
-1
end
HI 36489
-1
end
HI 29528
-1
end
HI 15266
-1
end
HI 95024
-1
end
HI 7349
-1
end
HI 66748
-1
end
HI 26952
-1
end
HI 12929
-1
end
HI 38624
-1
end
HI 1024
-1
end
HI 91306
-1
end
HI 67453
-1
end
HI 63916
-1
end
HI 94815
-1
end
HI 57072
-1
end
HI 56744
-1
end
HI 5926
-1
end
HI 86531
-1
end
HI 91825
-1
end
HI 52278
-1
end
HI 7629
-1
end
HI 67112
-1
end
HI 62346
-1
end
HI 24496
-1
end
HI 38829
-1
end
HI 99367
-1
end
HI 57714
-1
end
HI 62750
-1
end
HI 97854
-1
end
HI 16632
-1
end
HI 2977
-1
end
HI 88286
-1
end
HI 32815
-1
end
HI 13929
-1
end
HI 56160
-1
end
HI 92763
-1
end
HI 23228
-1
end
HI 15103
-1
end
HI 70971
-1
end
HI 18267
-1
end
HI 18444
-1
end
HI 18389
-1
end
HI 41557
-1
end
HI 76912
-1
end
HI 25352
-1
end
HI 49385
-1
end
HI 99133
-1
end
HI 99684
-1
end
HI 41741
-1
end
HI 18936
-1
end
HI 91853
-1
end
HI 16536
-1
end
HI 74527
-1
end
HI 24202
-1
end
HI 94809
-1
end
HI 48128
-1
end
HI 35846
-1
end
HI 79536
-1
end
HI 37567
-1
end
HI 89351
-1
end
HI 24063
-1
end
HI 75279
-1
end
HI 73340
-1
end
HI 51005
-1
end
HI 31565
-1
end
HI 87965
-1
end
HI 109
-1
end
HI 71314
-1
end
HI 30437
-1
end
HI 75921
-1
end
HI 82885
-1
end
HI 59467
-1
end
HI 93841
-1
end
HI 88747
-1
end
HI 81138
-1
end
HI 94598
-1
end
HI 68292
-1
end
HI 91377
-1
end
HI 65510
-1
end
HI 6318
-1
end
HI 82652
-1
end
HI 16372
-1
end
HI 56832
-1
end
HI 92112
-1
end
HI 1952
-1
end
HI 7094
-1
end
HI 65514
-1
end
HI 15504
-1
end
HI 8134
-1
end
HI 15444
-1
end
HI 42960
-1
end
HI 99223
-1
end
HI 20605
-1
end
HI 89193
-1
end
HI 7787
-1
end
HI 43231
-1
end
HI 7805
-1
end
HI 95563
-1
end
HI 24452
-1
end
HI 42192
-1
end
HI 48930
-1
end
HI 47051
-1
end
HI 64607
-1
end
HI 65156
-1
end
HI 81497
-1
end
HI 98780
-1
end
HI 90373
-1
end
HI 78859
-1
end
HI 9509
-1
end
HI 7800
-1
end
HI 31415
-1
end
HI 44045
-1
end
HI 8078
-1
end
HI 46706
-1
end
HI 27223
-1
end
HI 94179
-1
end
HI 65542
-1
end
HI 29059
-1
end
HI 72749
-1
end
HI 69399
-1
end
HI 71785
-1
end
HI 34791
-1
end
HI 58434
-1
end
HI 85946
-1
end
HI 55456
-1
end
HI 43865
-1
end
HI 4248
-1
end
HI 82739
-1
end
HI 11040
-1
end
HI 29270
-1
end
HI 88503
-1
end
HI 2963
-1
end
HI 21953
-1
end
HI 74777
-1
end
HI 27052
-1
end
HI 91088
-1
end
HI 56428
-1
end
HI 71183
-1
end
HI 14047
-1
end
HI 90202
-1
end
HI 44852
-1
end
HI 12419
-1
end
HI 74281
-1
end
HI 45671
-1
end
HI 51299
-1
end
HI 77730
-1
end
HI 66495
-1
end
HI 75083
-1
end
HI 89668
-1
end
HI 20814
-1
end
HI 1287
-1
end
HI 27741
-1
end
HI 29981
-1
end
HI 52303
-1
end
HI 64657
-1
end
HI 20033
-1
end
HI 75788
-1
end
HI 6830
-1
end
HI 84455
-1
end
HI 40440
-1
end
HI 59979
-1
end
HI 12150
-1
end
HI 78353
-1
end
HI 74583
-1
end
HI 98131
-1
end
HI 14072
-1
end
HI 11242
-1
end
HI 2143
-1
end
HI 48781
-1
end
HI 53895
-1
end
HI 41772
-1
end
HI 96325
-1
end
HI 26689
-1
end
HI 83684
-1
end
HI 62570
-1
end
HI 39915
-1
end
HI 24205
-1
end
HI 9418
-1
end
HI 10803
-1
end
HI 96918
-1
end
HI 49886
-1
end
HI 41125
-1
end
HI 36786
-1
end
HI 93983
-1
end
HI 50254
-1
end
HI 15306
-1
end
HI 92934
-1
end
HI 41793
-1
end
HI 51756
-1
end
HI 97165
-1
end
HI 62952
-1
end
HI 89626
-1
end
HI 52581
-1
end
HI 70684
-1
end
HI 48248
-1
end
HI 27616
-1
end
HI 57560
-1
end
HI 89779
-1
end
HI 82590
-1
end
HI 24662
-1
end
HI 86526
-1
end
HI 18548
-1
end
HI 88772
-1
end
HI 52094
-1
end
HI 77550
-1
end
HI 63012
-1
end
HI 12817
-1
end
HI 43840
-1
end
HI 75065
-1
end
HI 37830
-1
end
HI 88533
-1
end
HI 46782
-1
end
HI 17875
-1
end
HI 33213
-1
end
HI 77334
-1
end
HI 88719
-1
end
HI 51755
-1
end
HI 33988
-1
end
HI 25110
-1
end
HI 15152
-1
end
HI 74789
-1
end
HI 11507
-1
end
HI 72861
-1
end
HI 37901
-1
end
HI 28686
-1
end
HI 71561
-1
end
HI 50784
-1
end
HI 12815
-1
end
HI 52932
-1
end
HI 26559
-1
end
HI 39490
-1
end
HI 29958
-1
end
HI 42892
-1
end
HI 21935
-1
end
HI 6428
-1
end
HI 43051
-1
end
HI 82810
-1
end
HI 82725
-1
end
HI 60086
-1
end
HI 40264
-1
end
HI 23852
-1
end
HI 7377
-1
end
HI 18904
-1
end
HI 91851
-1
end
HI 61772
-1
end
HI 33123
-1
end
HI 80033
-1
end
HI 3697
-1
end
HI 20902
-1
end
HI 84021
-1
end
HI 70200
-1
end
HI 34343
-1
end
HI 12843
-1
end
HI 69384
-1
end
HI 63174
-1
end
HI 14633
-1
end
HI 6998
-1
end
HI 88939
-1
end
HI 20871
-1
end
HI 64452
-1
end
HI 87992
-1
end
HI 10514
-1
end
HI 84679
-1
end
HI 51651
-1
end
HI 20133
-1
end
HI 36425
-1
end
HI 3293
-1
end
HI 17186
-1
end
HI 50543
-1
end
HI 8074
-1
end
HI 80678
-1
end
HI 69930
-1
end
HI 47528
-1
end
HI 17485
-1
end
HI 5098
-1
end
HI 94238
-1
end
HI 38223
-1
end
HI 81946
-1
end
HI 271
-1
end
HI 68184
-1
end
HI 1645
-1
end
HI 79069
-1
end
HI 45210
-1
end
HI 58358
-1
end
HI 52450
-1
end
HI 81757
-1
end
HI 89534
-1
end
HI 13680
-1
end
HI 15228
-1
end
HI 16439
-1
end
HI 84252
-1
end
HI 52761
-1
end
HI 90596
-1
end
HI 36547
-1
end
HI 14373
-1
end
HI 54968
-1
end
HI 81647
-1
end
HI 35192
-1
end
HI 19214
-1
end
HI 4291
-1
end
HI 76070
-1
end
HI 19419
-1
end
HI 80702
-1
end
HI 328
-1
end
HI 89049
-1
end
HI 41871
-1
end
HI 88940
-1
end
HI 4559
-1
end
HI 10604
-1
end
HI 24168
-1
end
HI 84241
-1
end
HI 69682
-1
end
HI 63115
-1
end
HI 36736
-1
end
HI 63473
-1
end
HI 11733
-1
end
HI 5379
-1
end
HI 26554
-1
end
HI 27557
-1
end
HI 40484
-1
end
HI 41555
-1
end
HI 28136
-1
end
HI 22571
-1
end
HI 6567
-1
end
HI 71910
-1
end
HI 32153
-1
end
HI 6607
-1
end
HI 21651
-1
end
HI 85057
-1
end
HI 83270
-1
end
HI 37314
-1
end
HI 20064
-1
end
HI 68643
-1
end
HI 35856
-1
end
HI 9998
-1
end
HI 28805
-1
end
HI 28213
-1
end
HI 48138
-1
end
HI 96023
-1
end
HI 60328
-1
end
HI 90607
-1
end
HI 95434
-1
end
HI 58638
-1
end
HI 10773
-1
end
HI 20070
-1
end
HI 3795
-1
end
HI 9310
-1
end
HI 26566
-1
end
HI 44759
-1
end
HI 93262
-1
end
HI 89472
-1
end
HI 60695
-1
end
HI 26343
-1
end
HI 31081
-1
end
HI 74347
-1
end
HI 83439
-1
end
HI 70132
-1
end
HI 66523
-1
end
HI 94932
-1
end
HI 75462
-1
end
HI 9847
-1
end
HI 38182
-1
end
HI 85699
-1
end
HI 13947
-1
end
HI 8331
-1
end
HI 70656
-1
end
HI 99464
-1
end
HI 23297
-1
end
HI 71269
-1
end
HI 10519
-1
end
HI 93664
-1
end
HI 172
-1
end
HI 52367
-1
end
HI 67494
-1
end
HI 17259
-1
end
HI 47672
-1
end
HI 82592
-1
end
HI 5118
-1
end
HI 45325
-1
end
HI 30932
-1
end
HI 6812
-1
end
HI 10735
-1
end
HI 528
-1
end
HI 69640
-1
end
HI 8394
-1
end
HI 24101
-1
end
HI 33818
-1
end
HI 90694
-1
end
HI 40896
-1
end
HI 78000
-1
end
HI 38808
-1
end
HI 48338
-1
end
HI 57517
-1
end
HI 97847
-1
end
HI 37160
-1
end
HI 92658
-1
end
HI 53868
-1
end
HI 85700
-1
end
HI 20560
-1
end
HI 84465
-1
end
HI 54158
-1
end
HI 4775
-1
end
HI 90116
-1
end
HI 8393
-1
end
HI 40384
-1
end
HI 82721
-1
end
HI 33832
-1
end
HI 40411
-1
end
HI 68331
-1
end
HI 75878
-1
end
HI 24243
-1
end
HI 60715
-1
end
HI 6617
-1
end
HI 99965
-1
end
HI 9067
-1
end
HI 98163
-1
end
HI 25230
-1
end
HI 14674
-1
end
HI 94194
-1
end
HI 30804
-1
end
HI 7792
-1
end
HI 37731
-1
end
HI 596
-1
end
HI 69686
-1
end
HI 77114
-1
end
HI 93863
-1
end
HI 4604
-1
end
HI 25150
-1
end
HI 49498
-1
end
HI 44120
-1
end
HI 75454
-1
end
HI 3429
-1
end
HI 68386
-1
end
HI 25870
-1
end
HI 92360
-1
end
HI 74403
-1
end
HI 69616
-1
end
HI 58004
-1
end
HI 2091
-1
end
HI 66221
-1
end
HI 30783
-1
end
HI 25153
-1
end
HI 39393
-1
end
HI 67400
-1
end
HI 83218
-1
end
HI 99297
-1
end
HI 38833
-1
end
HI 64101
-1
end
HI 72713
-1
end
HI 2030
-1
end
HI 14766
-1
end
HI 68183
-1
end
HI 81716
-1
end
HI 59674
-1
end
HI 32322
-1
end
HI 26942
-1
end
HI 82123
-1
end
HI 27119
-1
end
HI 36925
-1
end
HI 65315
-1
end
HI 82256
-1
end
HI 57644
-1
end
HI 20908
-1
end
HI 93559
-1
end
HI 43512
-1
end
HI 30413
-1
end
HI 15389
-1
end
HI 17039
-1
end
HI 79903
-1
end
HI 50675
-1
end
HI 82946
-1
end
HI 57386
-1
end
HI 37836
-1
end
HI 71012
-1
end
HI 66992
-1
end
HI 78510
-1
end
HI 21780
-1
end
HI 91806
-1
end
HI 42804
-1
end
HI 52570
-1
end
HI 77263
-1
end
HI 51923
-1
end
HI 31259
-1
end
HI 24365
-1
end
HI 66080
-1
end
HI 79516
-1
end
HI 11408
-1
end
HI 91685
-1
end
HI 62184
-1
end
HI 10493
-1
end
HI 68823
-1
end
HI 47851
-1
end
HI 18457
-1
end
HI 13104
-1
end
HI 85236
-1
end
HI 16253
-1
end
HI 89249
-1
end
HI 93658
-1
end
HI 70230
-1
end
HI 93066
-1
end
HI 78280
-1
end
HI 24806
-1
end
HI 78256
-1
end
HI 93215
-1
end
HI 80740
-1
end
HI 75126
-1
end
HI 81181
-1
end
HI 94114
-1
end
HI 84927
-1
end
HI 46512
-1
end
HI 49248
-1
end
HI 71398
-1
end
HI 73759
-1
end
HI 51256
-1
end
HI 14886
-1
end
HI 37930
-1
end
HI 40728
-1
end
HI 21892
-1
end
HI 98979
-1
end
HI 61935
-1
end
HI 4293
-1
end
HI 47238
-1
end
HI 63813
-1
end
HI 44181
-1
end
HI 47100
-1
end
HI 93649
-1
end
HI 63673
-1
end
HI 60420
-1
end
HI 37835
-1
end
HI 67580
-1
end
HI 39018
-1
end
HI 20150
-1
end
HI 91079
-1
end
HI 22244
-1
end
HI 44121
-1
end
HI 90383
-1
end
HI 32662
-1
end
HI 1869
-1
end
HI 93244
-1
end
HI 73694
-1
end
HI 33566
-1
end
HI 6833
-1
end
HI 4464
-1
end
HI 79321
-1
end
HI 52434
-1
end
HI 20990
-1
end
HI 90511
-1
end
HI 72223
-1
end
HI 42231
-1
end
HI 65852
-1
end
HI 46532
-1
end
HI 81892
-1
end
HI 49156
-1
end
HI 51196
-1
end
HI 49691
-1
end
HI 8676
-1
end
HI 5669
-1
end
HI 99770
-1
end
HI 65793
-1
end
HI 95301
-1
end
HI 10647
-1
end
HI 69876
-1
end
HI 12894
-1
end
HI 17845
-1
end
HI 38803
-1
end
HI 84620
-1
end
HI 50266
-1
end
HI 86812
-1
end
HI 8470
-1
end
HI 19372
-1
end
HI 45884
-1
end
HI 17076
-1
end
HI 15881
-1
end
HI 21721
-1
end
HI 673
-1
end
HI 96624
-1
end
HI 49591
-1
end
HI 36856
-1
end
HI 15413
-1
end
HI 53823
-1
end
HI 90348
-1
end
HI 28700
-1
end
HI 36206
-1
end
HI 75021
-1
end
HI 31834
-1
end
HI 33350
-1
end
HI 88233
-1
end
HI 25356
-1
end
HI 72704
-1
end
HI 59783
-1
end
HI 65443
-1
end
HI 34547
-1
end
HI 79006
-1
end
HI 48951
-1
end
HI 9474
-1
end
HI 62279
-1
end
HI 9949
-1
end
HI 14856
-1
end
HI 75641
-1
end
HI 63104
-1
end
HI 68192
-1
end
HI 98448
-1
end
HI 64025
-1
end
HI 54517
-1
end
HI 929
-1
end
HI 50873
-1
end
HI 78329
-1
end
HI 26359
-1
end
HI 89755
-1
end
HI 49830
-1
end
HI 82612
-1
end
HI 13989
-1
end
HI 25937
-1
end
HI 34734
-1
end
HI 68533
-1
end
HI 24530
-1
end
HI 97760
-1
end
HI 50514
-1
end
HI 43548
-1
end
HI 12862
-1
end
HI 55495
-1
end
HI 87155
-1
end
HI 67505
-1
end
HI 57487
-1
end
HI 67016
-1
end
HI 93930
-1
end
HI 8375
-1
end
HI 35740
-1
end
HI 58832
-1
end
HI 97956
-1
end
HI 33924
-1
end
HI 3330
-1
end
HI 7157
-1
end
HI 35119
-1
end
HI 18538
-1
end
HI 29210
-1
end
HI 24525
-1
end
HI 50573
-1
end
HI 91002
-1
end
HI 83212
-1
end
HI 17310
-1
end
HI 64526
-1
end
HI 80951
-1
end
HI 99063
-1
end
HI 75718
-1
end
HI 3355
-1
end
HI 7626
-1
end
HI 22659
-1
end
HI 4574
-1
end
HI 60542
-1
end
HI 52240
-1
end
HI 45898
-1
end
HI 43750
-1
end
HI 42280
-1
end
HI 14621
-1
end
HI 2381
-1
end
HI 98875
-1
end
HI 20016
-1
end
HI 54222
-1
end
HI 94172
-1
end
HI 93318
-1
end
HI 81317
-1
end
HI 57298
-1
end
HI 49826
-1
end
HI 4110
-1
end
HI 28376
-1
end
HI 35506
-1
end
HI 41618
-1
end
HI 99422
-1
end
HI 30788
-1
end
HI 20847
-1
end
HI 16571
-1
end
HI 2621
-1
end
HI 90186
-1
end
HI 71287
-1
end
HI 67468
-1
end
HI 83236
-1
end
HI 74649
-1
end
HI 86976
-1
end
HI 95004
-1
end
HI 59455
-1
end
HI 84296
-1
end
HI 76255
-1
end
HI 1022
-1
end
HI 3249
-1
end
HI 74895
-1
end
HI 88936
-1
end
HI 2547
-1
end
HI 41215
-1
end
HI 35808
-1
end
HI 43845
-1
end
HI 78648
-1
end
HI 62631
-1
end
HI 75117
-1
end
HI 83093
-1
end
HI 94819
-1
end
HI 75898
-1
end
HI 73256
-1
end
HI 77010
-1
end
HI 86830
-1
end
HI 79732
-1
end
HI 98234
-1
end
HI 85480
-1
end
HI 83651
-1
end
HI 93292
-1
end
HI 82852
-1
end
HI 44592
-1
end
HI 46516
-1
end
HI 71221
-1
end
HI 64641
-1
end
HI 82611
-1
end
HI 53909
-1
end
HI 33189
-1
end
HI 102
-1
end
HI 52384
-1
end
HI 73549
-1
end
HI 45695
-1
end
HI 83164
-1
end
HI 91950
-1
end
HI 15748
-1
end
HI 49031
-1
end
HI 3042
-1
end
HI 53703
-1
end
HI 4834
-1
end
HI 94146
-1
end
HI 48044
-1
end
HI 93258
-1
end
HI 25668
-1
end
HI 94041
-1
end
HI 28881
-1
end
HI 44675
-1
end
HI 711
-1
end
HI 97287
-1
end
HI 81403
-1
end
HI 2899
-1
end
HI 89297
-1
end
HI 56659
-1
end
HI 60359
-1
end
HI 90498
-1
end
HI 47840
-1
end
HI 627
-1
end
HI 55403
-1
end
HI 82501
-1
end
HI 85487
-1
end
HI 11387
-1
end
HI 36811
-1
end
HI 44311
-1
end
HI 69941
-1
end
HI 90567
-1
end
HI 65820
-1
end
HI 83752
-1
end
HI 84715
-1
end
HI 91099
-1
end
HI 86052
-1
end
HI 4920
-1
end
HI 63461
-1
end
HI 88456
-1
end
HI 82322
-1
end
HI 6628
-1
end
HI 18411
-1
end
HI 80292
-1
end
HI 56772
-1
end
HI 10754
-1
end
HI 58674
-1
end
HI 74332
-1
end
HI 58160
-1
end
HI 73887
-1
end
HI 86782
-1
end
HI 34079
-1
end
HI 9716
-1
end
HI 38367
-1
end
HI 6884
-1
end
HI 17621
-1
end
HI 41086
-1
end
HI 24832
-1
end
HI 30867
-1
end
HI 39548
-1
end
HI 141
-1
end
HI 79147
-1
end
HI 9313
-1
end
HI 46440
-1
end
HI 3754
-1
end
HI 94103
-1
end
HI 55818
-1
end
HI 37206
-1
end
HI 9152
-1
end
HI 56234
-1
end
HI 64358
-1
end
HI 92800
-1
end
HI 94234
-1
end
HI 46136
-1
end
HI 14185
-1
end
HI 80670
-1
end
HI 46209
-1
end
HI 23868
-1
end
HI 92578
-1
end
HI 81494
-1
end
HI 19259
-1
end
HI 20449
-1
end
HI 98534
-1
end
HI 32264
-1
end
HI 22799
-1
end
HI 61015
-1
end
HI 67301
-1
end
HI 82762
-1
end
HI 59744
-1
end
HI 78687
-1
end
HI 25486
-1
end
HI 75343
-1
end
HI 29186
-1
end
HI 13276
-1
end
HI 31385
-1
end
HI 3892
-1
end
HI 9830
-1
end
HI 64760
-1
end
HI 15022
-1
end
HI 30577
-1
end
HI 47812
-1
end
HI 80082
-1
end
HI 64298
-1
end
HI 4214
-1
end
HI 14801
-1
end
HI 15976
-1
end
HI 19592
-1
end
HI 82445
-1
end
HI 68973
-1
end
HI 67988
-1
end
HI 14153
-1
end
HI 9710
-1
end
HI 67127
-1
end
HI 194
-1
end
HI 40174
-1
end
HI 48708
-1
end
HI 91073
-1
end
HI 31932
-1
end
HI 21022
-1
end
HI 51334
-1
end
HI 85963
-1
end
HI 22690
-1
end
HI 82525
-1
end
HI 53264
-1
end
HI 23189
-1
end
HI 84043
-1
end
HI 41149
-1
end
HI 31961
-1
end
HI 22226
-1
end
HI 78602
-1
end
HI 20010
-1
end
HI 49593
-1
end
HI 31014
-1
end
HI 28785
-1
end
HI 90604
-1
end
HI 74378
-1
end
HI 44516
-1
end
HI 63287
-1
end
HI 52957
-1
end
HI 3778
-1
end
HI 31218
-1
end
HI 11955
-1
end
HI 52134
-1
end
HI 2148
-1
end
HI 83487
-1
end
HI 79855
-1
end
HI 62990
-1
end
HI 9326
-1
end
HI 15011
-1
end
HI 17590
-1
end
HI 70542
-1
end
HI 39792
-1
end
HI 34279
-1
end
HI 64133
-1
end
HI 26416
-1
end
HI 31439
-1
end
HI 69057
-1
end
HI 3273
-1
end
HI 78153
-1
end
HI 10161
-1
end
HI 62624
-1
end
HI 75095
-1
end
HI 97181
-1
end
HI 87185
-1
end
HI 96826
-1
end
HI 444
-1
end
HI 86523
-1
end
HI 78679
-1
end
HI 72305
-1
end
HI 74045
-1
end
HI 40195
-1
end
HI 68050
-1
end
HI 61538
-1
end
HI 10202
-1
end
HI 18834
-1
end
HI 36844
-1
end
HI 87157
-1
end
HI 62603
-1
end
HI 75213
-1
end
HI 574
-1
end
HI 26073
-1
end
HI 56796
-1
end
HI 15492
-1
end
HI 5739
-1
end
HI 54956
-1
end
HI 29226
-1
end
HI 20493
-1
end
HI 17925
-1
end
HI 64292
-1
end
HI 92524
-1
end
HI 2161
-1
end
HI 660
-1
end
HI 55759
-1
end
HI 20665
-1
end
HI 14291
-1
end
HI 21468
-1
end
HI 69116
-1
end
HI 50987
-1
end
HI 14492
-1
end
HI 32209
-1
end
HI 23632
-1
end
HI 64715
-1
end
HI 74779
-1
end
HI 59602
-1
end
HI 13220
-1
end
HI 87583
-1
end
HI 16864
-1
end
HI 67466
-1
end
HI 85422
-1
end
HI 53776
-1
end
HI 13667
-1
end
HI 72736
-1
end
HI 86259
-1
end
HI 89925
-1
end
HI 79134
-1
end
HI 83605
-1
end
HI 65020
-1
end
HI 2685
-1
end
HI 46318
-1
end
HI 42322
-1
end
HI 65923
-1
end
HI 6999
-1
end
HI 84057
-1
end
HI 6026
-1
end
HI 83343
-1
end
HI 99829
-1
end
HI 30754
-1
end
HI 38258
-1
end
HI 16062
-1
end
HI 40057
-1
end
HI 49174
-1
end
HI 70224
-1
end
HI 6560
-1
end
HI 310
-1
end
HI 83653
-1
end
HI 3885
-1
end
HI 93064
-1
end
HI 62398
-1
end
HI 65613
-1
end
HI 48566
-1
end
HI 7471
-1
end
HI 73518
-1
end
HI 95269
-1
end
HI 50688
-1
end
HI 77634
-1
end
HI 20690
-1
end
HI 47527
-1
end
HI 95408
-1
end
HI 42558
-1
end
HI 2113
-1
end
HI 60137
-1
end
HI 48297
-1
end
HI 15628
-1
end
HI 70532
-1
end
HI 5777
-1
end
HI 44238
-1
end
HI 98518
-1
end
HI 85797
-1
end
HI 46453
-1
end
HI 43088
-1
end
HI 10429
-1
end
HI 7729
-1
end
HI 4532
-1
end
HI 26234
-1
end
HI 85308
-1
end
HI 5549
-1
end
HI 52515
-1
end
HI 55603
-1
end
HI 23158
-1
end
HI 6912
-1
end
HI 37630
-1
end
HI 95389
-1
end
HI 27450
-1
end
HI 22300
-1
end
HI 76935
-1
end
HI 90033
-1
end
HI 41024
-1
end
HI 95164
-1
end
HI 93786
-1
end
HI 86722
-1
end
HI 76726
-1
end
HI 60599
-1
end
HI 45396
-1
end
HI 78992
-1
end
HI 32559
-1
end
HI 99707
-1
end
HI 25811
-1
end
HI 15176
-1
end
HI 7137
-1
end
HI 70692
-1
end
HI 62737
-1
end
HI 56603
-1
end
HI 16797
-1
end
HI 65419
-1
end
HI 1648
-1
end
HI 91431
-1
end
HI 281
-1
end
HI 78015
-1
end
HI 76721
-1
end
HI 4624
-1
end
HI 97353
-1
end
HI 97244
-1
end
HI 84892
-1
end
HI 6414
-1
end
HI 78470
-1
end
HI 74673
-1
end
HI 11943
-1
end
HI 36919
-1
end
HI 65008
-1
end
HI 34075
-1
end
HI 40671
-1
end
HI 8760
-1
end
HI 21645
-1
end
HI 36822
-1
end
HI 44909
-1
end
HI 97560
-1
end
HI 87336
-1
end
HI 72882
-1
end
HI 34954
-1
end
HI 29433
-1
end
HI 28516
-1
end
HI 88603
-1
end
HI 52829
-1
end
HI 18294
-1
end
HI 56511
-1
end
HI 65403
-1
end
HI 96005
-1
end
HI 15821
-1
end
HI 89285
-1
end
HI 17566
-1
end
HI 3027
-1
end
HI 35383
-1
end
HI 61992
-1
end
HI 32783
-1
end
HI 53325
-1
end
HI 20859
-1
end
HI 41705
-1
end
HI 55741
-1
end
HI 930
-1
end
HI 56981
-1
end
HI 17923
-1
end
HI 26200
-1
end
HI 41366
-1
end
HI 82369
-1
end
HI 7179
-1
end
HI 36266
-1
end
HI 73554
-1
end
HI 84293
-1
end
HI 33557
-1
end
HI 81620
-1
end
HI 6514
-1
end
HI 88466
-1
end
HI 93502
-1
end
HI 208
-1
end
HI 86422
-1
end
HI 62890
-1
end
HI 77773
-1
end
HI 56782
-1
end
HI 46346
-1
end
HI 23714
-1
end
HI 40996
-1
end
HI 58848
-1
end
HI 75189
-1
end
HI 60295
-1
end
HI 61567
-1
end
HI 54888
-1
end
HI 65283
-1
end
HI 83893
-1
end
HI 54406
-1
end
HI 61201
-1
end
HI 7009
-1
end
HI 28719
-1
end
HI 613
-1
end
HI 73292
-1
end
HI 91746
-1
end
HI 75193
-1
end
HI 26570
-1
end
HI 52836
-1
end
HI 31725
-1
end
HI 55563
-1
end
HI 30498
-1
end
HI 79384
-1
end
HI 24675
-1
end
HI 53757
-1
end
HI 77762
-1
end
HI 99988
-1
end
HI 23834
-1
end
HI 51412
-1
end
HI 68371
-1
end
HI 59240
-1
end
HI 51554
-1
end
HI 92373
-1
end
HI 12708
-1
end
HI 68778
-1
end
HI 73098
-1
end
HI 81267
-1
end
HI 61293
-1
end
HI 73276
-1
end
HI 58376
-1
end
HI 90713
-1
end
HI 26344
-1
end
HI 98225
-1
end
HI 64310
-1
end
HI 94275
-1
end
HI 18249
-1
end
HI 24825
-1
end
HI 42182
-1
end
HI 30218
-1
end
HI 74241
-1
end
HI 70368
-1
end
HI 42272
-1
end
HI 49078
-1
end
HI 99332
-1
end
HI 5382
-1
end
HI 66862
-1
end
HI 85249
-1
end
HI 4193
-1
end
HI 16092
-1
end
HI 6920
-1
end
HI 99405
-1
end
HI 50960
-1
end
HI 16661
-1
end
HI 59005
-1
end
HI 27864
-1
end
HI 39323
-1
end
HI 42216
-1
end
HI 48652
-1
end
HI 45430
-1
end
HI 30481
-1
end
HI 39006
-1
end
HI 82696
-1
end
HI 67316
-1
end
HI 90251
-1
end
HI 16082
-1
end
HI 45438
-1
end
HI 68304
-1
end
HI 17562
-1
end
HI 8411
-1
end
HI 51586
-1
end
HI 40559
-1
end
HI 55921
-1
end
HI 63274
-1
end
HI 81753
-1
end
HI 83855
-1
end
HI 88922
-1
end
HI 17826
-1
end
HI 87534
-1
end
HI 71321
-1
end
HI 30419
-1
end
HI 89307
-1
end
HI 84279
-1
end
HI 10254
-1
end
HI 226
-1
end
HI 49873
-1
end
HI 34564
-1
end
HI 76680
-1
end
HI 58431
-1
end
HI 4638
-1
end
HI 47860
-1
end
HI 74886
-1
end
HI 23484
-1
end
HI 43888
-1
end
HI 43796
-1
end
HI 97324
-1
end
HI 87335
-1
end
HI 70428
-1
end
HI 19597
-1
end
HI 282
-1
end
HI 43207
-1
end
HI 77738
-1
end
HI 90467
-1
end
HI 94354
-1
end
HI 64949
-1
end
HI 51423
-1
end
HI 55245
-1
end
HI 76200
-1
end
HI 64301
-1
end
HI 34543
-1
end
HI 37854
-1
end
HI 85714
-1
end
HI 60091
-1
end
HI 15261
-1
end
HI 62697
-1
end
HI 36168
-1
end
HI 98095
-1
end
HI 4666
-1
end
HI 40004
-1
end
HI 45991
-1
end
HI 72318
-1
end
HI 8618
-1
end
HI 92104
-1
end
HI 72930
-1
end
HI 41249
-1
end
HI 35628
-1
end
HI 88135
-1
end
HI 80028
-1
end
HI 21116
-1
end
HI 60596
-1
end
HI 92511
-1
end
HI 79913
-1
end
HI 27189
-1
end
HI 60340
-1
end
HI 67456
-1
end
HI 59769
-1
end
HI 42764
-1
end
HI 28972
-1
end
HI 1765
-1
end
HI 91943
-1
end
HI 12892
-1
end
HI 17831
-1
end
HI 19566
-1
end
HI 75719
-1
end
HI 50407
-1
end
HI 12603
-1
end
HI 9972
-1
end
HI 99222
-1
end
HI 45356
-1
end
HI 27136
-1
end
HI 75204
-1
end
HI 10205
-1
end
HI 87967
-1
end
HI 68692
-1
end
HI 93247
-1
end
HI 25721
-1
end
HI 19705
-1
end
HI 66026
-1
end
HI 53115
-1
end
HI 80894
-1
end
HI 10410
-1
end
HI 27909
-1
end
HI 29387
-1
end
HI 62021
-1
end
HI 49340
-1
end
HI 86330
-1
end
HI 39181
-1
end
HI 19612
-1
end
HI 94611
-1
end
HI 66235
-1
end
HI 36807
-1
end
HI 49224
-1
end
HI 63817
-1
end
HI 41017
-1
end
HI 10777
-1
end
HI 76568
-1
end
HI 3323
-1
end
HI 12949
-1
end
HI 39470
-1
end
HI 68934
-1
end
HI 28764
-1
end
HI 29275
-1
end
HI 62239
-1
end
HI 64223
-1
end
HI 73510
-1
end
HI 68836
-1
end
HI 1050
-1
end
HI 9928
-1
end
HI 7750
-1
end
HI 48719
-1
end
HI 9891
-1
end
HI 66387
-1
end
HI 86113
-1
end
HI 90634
-1
end
HI 20950
-1
end
HI 4937
-1
end
HI 43766
-1
end
HI 70526
-1
end
HI 67534
-1
end
HI 78444
-1
end
HI 3245
-1
end
HI 96361
-1
end
HI 36035
-1
end
HI 24763
-1
end
HI 17741
-1
end
HI 52165
-1
end
HI 38801
-1
end
HI 33995
-1
end
HI 89308
-1
end
HI 40625
-1
end
HI 87191
-1
end
HI 25839
-1
end
HI 47479
-1
end
HI 97055
-1
end
HI 52793
-1
end
HI 79446
-1
end
HI 94692
-1
end
HI 91072
-1
end
HI 47807
-1
end
HI 55008
-1
end
HI 32605
-1
end
HI 94462
-1
end
HI 66984
-1
end
HI 52167
-1
end
HI 19900
-1
end
HI 46213
-1
end
HI 38447
-1
end
HI 11359
-1
end
HI 95847
-1
end
HI 50283
-1
end
HI 69078
-1
end
HI 70736
-1
end
HI 50204
-1
end
HI 38995
-1
end
HI 84071
-1
end
HI 64951
-1
end
HI 79172
-1
end
HI 66016
-1
end
HI 81426
-1
end
HI 83291
-1
end
HI 89346
-1
end
HI 25744
-1
end
HI 5417
-1
end
HI 95582
-1
end
HI 93680
-1
end
HI 22427
-1
end
HI 83919
-1
end
HI 16983
-1
end
HI 56390
-1
end
HI 81673
-1
end
HI 78778
-1
end
HI 19245
-1
end
HI 87227
-1
end
HI 2194
-1
end
HI 1712
-1
end
HI 1544
-1
end
HI 60990
-1
end
HI 83129
-1
end
HI 57211
-1
end
HI 51573
-1
end
HI 12804
-1
end
HI 85525
-1
end
HI 67559
-1
end
HI 60396
-1
end
HI 14450
-1
end
HI 70737
-1
end
HI 74954
-1
end
HI 84102
-1
end
HI 28641
-1
end
HI 44344
-1
end
HI 71022
-1
end
HI 55675
-1
end
HI 67732
-1
end
HI 10343
-1
end
HI 40666
-1
end
HI 2915
-1
end
HI 73380
-1
end
HI 5516
-1
end
HI 87378
-1
end
HI 58096
-1
end
HI 97559
-1
end
HI 64883
-1
end
HI 71387
-1
end
HI 87626
-1
end
HI 93419
-1
end
HI 64929
-1
end
HI 73187
-1
end
HI 80794
-1
end
HI 35174
-1
end
HI 94410
-1
end
HI 15737
-1
end
HI 67940
-1
end
HI 884
-1
end
HI 71545
-1
end
HI 61329
-1
end
HI 54147
-1
end
HI 91402
-1
end
HI 58424
-1
end
HI 87993
-1
end
HI 54248
-1
end
HI 17752
-1
end
HI 68998
-1
end
HI 71752
-1
end
HI 1573
-1
end
HI 24598
-1
end
HI 30817
-1
end
HI 70742
-1
end
HI 2936
-1
end
HI 88492
-1
end
HI 95185
-1
end
HI 64444
-1
end
HI 58986
-1
end
HI 95549
-1
end
HI 60052
-1
end
HI 69655
-1
end
HI 71173
-1
end
HI 42733
-1
end
HI 64372
-1
end
HI 78732
-1
end
HI 11076
-1
end
HI 27961
-1
end
HI 38582
-1
end
HI 16063
-1
end
HI 48382
-1
end
HI 42176
-1
end
HI 12838
-1
end
HI 78942
-1
end
HI 18825
-1
end
HI 45596
-1
end
HI 52992
-1
end
HI 51043
-1
end
HI 22318
-1
end
HI 87619
-1
end
HI 8796
-1
end
HI 32970
-1
end
HI 85270
-1
end
HI 67254
-1
end
HI 97052
-1
end
HI 92135
-1
end
HI 40667
-1
end
HI 32256
-1
end
HI 21228
-1
end
HI 67926
-1
end
HI 97138
-1
end
HI 23143
-1
end
HI 78059
-1
end
HI 75224
-1
end
HI 84069
-1
end
HI 6494
-1
end
HI 75296
-1
end
HI 706
-1
end
HI 75206
-1
end
HI 27149
-1
end
HI 40749
-1
end
HI 5356
-1
end
HI 49947
-1
end
HI 28498
-1
end
HI 1517
-1
end
HI 9866
-1
end
HI 42230
-1
end
HI 31001
-1
end
HI 91477
-1
end
HI 37825
-1
end
HI 84041
-1
end
HI 57577
-1
end
HI 82101
-1
end
HI 5758
-1
end
HI 27592
-1
end
HI 20182
-1
end
HI 59780
-1
end
HI 79677
-1
end
HI 94136
-1
end
HI 30903
-1
end
HI 17688
-1
end
HI 90103
-1
end
HI 51958
-1
end
HI 91651
-1
end
HI 96832
-1
end
HI 64375
-1
end
HI 77144
-1
end
HI 58081
-1
end
HI 66154
-1
end
HI 46167
-1
end
HI 62966
-1
end
HI 44528
-1
end
HI 33155
-1
end
HI 19560
-1
end
HI 62430
-1
end
HI 31252
-1
end
HI 21861
-1
end
HI 38903
-1
end
HI 78581
-1
end
HI 89030
-1
end
HI 99432
-1
end
HI 37114
-1
end
HI 39324
-1
end
HI 36322
-1
end
HI 71768
-1
end
HI 13590
-1
end
HI 46294
-1
end
HI 25657
-1
end
HI 36778
-1
end
HI 49074
-1
end
HI 90313
-1
end
HI 14252
-1
end
HI 69806
-1
end
HI 97409
-1
end
HI 52553
-1
end
HI 38475
-1
end
HI 50613
-1
end
HI 95471
-1
end
HI 47810
-1
end
HI 11597
-1
end
HI 79470
-1
end
HI 61738
-1
end
HI 86706
-1
end
HI 37092
-1
end
HI 20945
-1
end
HI 59576
-1
end
HI 39300
-1
end
HI 95150
-1
end
HI 48179
-1
end
HI 65271
-1
end
HI 49331
-1
end
HI 95836
-1
end
HI 84298
-1
end
HI 5406
-1
end
HI 36949
-1
end
HI 61773
-1
end
HI 23323
-1
end
HI 54335
-1
end
HI 32345
-1
end
HI 86774
-1
end
HI 83363
-1
end
HI 66949
-1
end
HI 35497
-1
end
HI 61621
-1
end
HI 4567
-1
end
HI 1132
-1
end
HI 1336
-1
end
HI 55305
-1
end
HI 50857
-1
end
HI 63405
-1
end
HI 37596
-1
end
HI 11695
-1
end
HI 1436
-1
end
HI 96466
-1
end
HI 6170
-1
end
HI 6407
-1
end
HI 5486
-1
end
HI 62195
-1
end
HI 66882
-1
end
HI 77829
-1
end
HI 7374
-1
end
HI 32267
-1
end
HI 89670
-1
end
HI 57326
-1
end
HI 76819
-1
end
HI 32642
-1
end
HI 86728
-1
end
HI 62754
-1
end
HI 12760
-1
end
HI 45685
-1
end
HI 26748
-1
end
HI 63982
-1
end
HI 90271
-1
end
HI 47179
-1
end
HI 64516
-1
end
HI 16612
-1
end
HI 4669
-1
end
HI 65581
-1
end
HI 39987
-1
end
HI 1912
-1
end
HI 12336
-1
end
HI 48042
-1
end
HI 4068
-1
end
HI 80936
-1
end
HI 80787
-1
end
HI 83511
-1
end
HI 67504
-1
end
HI 37692
-1
end
HI 6681
-1
end
HI 52357
-1
end
HI 68256
-1
end
HI 1321
-1
end
HI 10289
-1
end
HI 80551
-1
end
HI 44801
-1
end
HI 70872
-1
end
HI 45503
-1
end
HI 33255
-1
end
HI 40929
-1
end
HI 53197
-1
end
HI 65529
-1
end
HI 51215
-1
end
HI 36747
-1
end
HI 8730
-1
end
HI 84722
-1
end
HI 59448
-1
end
HI 77462
-1
end
HI 79149
-1
end
HI 42186
-1
end
HI 46555
-1
end
HI 99162
-1
end
HI 37814
-1
end
HI 99847
-1
end
HI 26231
-1
end
HI 58111
-1
end
HI 52197
-1
end
HI 46661
-1
end
HI 48551
-1
end
HI 72269
-1
end
HI 78223
-1
end
HI 32138
-1
end
HI 99320
-1
end
HI 15202
-1
end
HI 6387
-1
end
HI 48207
-1
end
HI 57458
-1
end
HI 46034
-1
end
HI 78541
-1
end
HI 71247
-1
end
HI 3150
-1
end
HI 46572
-1
end
HI 33977
-1
end
HI 19493
-1
end
HI 47189
-1
end
HI 47057
-1
end
HI 52130
-1
end
HI 53645
-1
end
HI 33416
-1
end
HI 44786
-1
end
HI 52775
-1
end
HI 29294
-1
end
HI 45300
-1
end
HI 97719
-1
end
HI 95454
-1
end
HI 10494
-1
end
HI 46254
-1
end
HI 77859
-1
end
HI 82586
-1
end
HI 22759
-1
end
HI 25670
-1
end
HI 26919
-1
end
HI 91698
-1
end
HI 84400
-1
end
HI 20961
-1
end
HI 6520
-1
end
HI 98514
-1
end
HI 19095
-1
end
HI 83458
-1
end
HI 37615
-1
end
HI 91061
-1
end
HI 46628
-1
end
HI 89006
-1
end
HI 58530
-1
end
HI 89875
-1
end
HI 46005
-1
end
HI 7168
-1
end
HI 20315
-1
end
HI 50086
-1
end
HI 81364
-1
end
HI 33315
-1
end
HI 5684
-1
end
HI 41540
-1
end
HI 79466
-1
end
HI 88310
-1
end
HI 53387
-1
end
HI 25976
-1
end
HI 88507
-1
end
HI 38740
-1
end
HI 19383
-1
end
HI 17555
-1
end
HI 54474
-1
end
HI 15567
-1
end
HI 41719
-1
end
HI 63740
-1
end
HI 69707
-1
end
HI 56947
-1
end
HI 3022
-1
end
HI 4523
-1
end
HI 54509
-1
end
HI 85407
-1
end
HI 83269
-1
end
HI 52949
-1
end
HI 23666
-1
end
HI 66893
-1
end
HI 52342
-1
end
HI 94298
-1
end
HI 33351
-1
end
HI 79950
-1
end
HI 44704
-1
end
HI 33602
-1
end
HI 51343
-1
end
HI 13621
-1
end
HI 95613
-1
end
HI 97749
-1
end
HI 57995
-1
end
HI 71252
-1
end
HI 52879
-1
end
HI 99138
-1
end
HI 84450
-1
end
HI 23125
-1
end
HI 22267
-1
end
HI 58212
-1
end
HI 92485
-1
end
HI 27546
-1
end
HI 61914
-1
end
HI 98074
-1
end
HI 57018
-1
end
HI 81377
-1
end
HI 64370
-1
end
HI 71515
-1
end
HI 66531
-1
end
HI 81729
-1
end
HI 22465
-1
end
HI 97357
-1
end
HI 53271
-1
end
HI 28293
-1
end
HI 45133
-1
end
HI 86408
-1
end
HI 99577
-1
end
HI 83181
-1
end
HI 45355
-1
end
HI 76629
-1
end
HI 88359
-1
end
HI 92588
-1
end
HI 77867
-1
end
HI 48425
-1
end
HI 3586
-1
end
HI 9770
-1
end
HI 1848
-1
end
HI 10328
-1
end
HI 9584
-1
end
HI 74190
-1
end
HI 6882
-1
end
HI 4149
-1
end
HI 96637
-1
end
HI 17973
-1
end
HI 58336
-1
end
HI 80940
-1
end
HI 81555
-1
end
HI 77679
-1
end
HI 26761
-1
end
HI 11204
-1
end
HI 98890
-1
end
HI 55904
-1
end
HI 77412
-1
end
HI 97289
-1
end
HI 99245
-1
end
HI 48852
-1
end
HI 6706
-1
end
HI 90622
-1
end
HI 83246
-1
end
HI 38417
-1
end
HI 45510
-1
end
HI 58953
-1
end
HI 7304
-1
end
HI 95833
-1
end
HI 67431
-1
end
HI 28418
-1
end
HI 88040
-1
end
HI 32430
-1
end
HI 5462
-1
end
HI 34201
-1
end
HI 57368
-1
end
HI 15460
-1
end
HI 17526
-1
end
HI 59338
-1
end
HI 72557
-1
end
HI 54647
-1
end
HI 67711
-1
end
HI 95630
-1
end
HI 61787
-1
end
HI 50236
-1
end
HI 90458
-1
end
HI 35033
-1
end
HI 88588
-1
end
HI 23621
-1
end
HI 58122
-1
end
HI 35954
-1
end
HI 42357
-1
end
HI 42458
-1
end
HI 7818
-1
end
HI 91245
-1
end
HI 97103
-1
end
HI 98069
-1
end
HI 63130
-1
end
HI 66982
-1
end
HI 2794
-1
end
HI 67986
-1
end
HI 59966
-1
end
HI 18899
-1
end
HI 33534
-1
end
HI 17977
-1
end
HI 68850
-1
end
HI 45450
-1
end
HI 18515
-1
end
HI 57587
-1
end
HI 86945
-1
end
HI 56055
-1
end
HI 43601
-1
end
HI 85349
-1
end
HI 28230
-1
end
HI 28280
-1
end
HI 88876
-1
end
HI 86375
-1
end
HI 29326
-1
end
HI 18022
-1
end
HI 59969
-1
end
HI 74763
-1
end
HI 22563
-1
end
HI 21845
-1
end
HI 76972
-1
end
HI 76503
-1
end
HI 89442
-1
end
HI 42103
-1
end
HI 5827
-1
end
HI 51132
-1
end
HI 4641
-1
end
HI 23399
-1
end
HI 52794
-1
end
HI 92561
-1
end
HI 80590
-1
end
HI 24561
-1
end
HI 26681
-1
end
HI 52070
-1
end
HI 25322
-1
end
HI 76232
-1
end
HI 68700
-1
end
HI 42388
-1
end
HI 91136
-1
end
HI 65880
-1
end
HI 81669
-1
end
HI 14211
-1
end
HI 651
-1
end
HI 68515
-1
end
HI 77404
-1
end
HI 85064
-1
end
HI 75179
-1
end
HI 10531
-1
end
HI 9445
-1
end
HI 28619
-1
end
HI 27307
-1
end
HI 32291
-1
end
HI 75560
-1
end
HI 21822
-1
end
HI 85134
-1
end
HI 14486
-1
end
HI 5000
-1
end
HI 43724
-1
end
HI 65635
-1
end
HI 72572
-1
end
HI 83281
-1
end
HI 24302
-1
end
HI 17570
-1
end
HI 34356
-1
end
HI 37715
-1
end
HI 92116
-1
end
HI 26758
-1
end
HI 40522
-1
end
HI 30899
-1
end
HI 8305
-1
end
HI 33490
-1
end
HI 90015
-1
end
HI 54073
-1
end
HI 34324
-1
end
HI 43357
-1
end
HI 35670
-1
end
HI 15087
-1
end
HI 70171
-1
end
HI 44591
-1
end
HI 51683
-1
end
HI 21808
-1
end
HI 70803
-1
end
HI 21184
-1
end
HI 54289
-1
end
HI 38474
-1
end
HI 11623
-1
end
HI 14767
-1
end
HI 41240
-1
end
HI 28082
-1
end
HI 98650
-1
end
HI 89398
-1
end
HI 22278
-1
end
HI 14409
-1
end
HI 52069
-1
end
HI 38234
-1
end
HI 45451
-1
end
HI 14947
-1
end
HI 51333
-1
end
HI 11469
-1
end
HI 59031
-1
end
HI 84588
-1
end
HI 47421
-1
end
HI 61280
-1
end
HI 67405
-1
end
HI 45902
-1
end
HI 9566
-1
end
HI 90794
-1
end
HI 31464
-1
end
HI 77427
-1
end
HI 13544
-1
end
HI 12747
-1
end
HI 49558
-1
end
HI 10045
-1
end
HI 92005
-1
end
HI 19295
-1
end
HI 64340
-1
end
HI 2842
-1
end
HI 21427
-1
end
HI 86574
-1
end
HI 46940
-1
end
HI 10471
-1
end
HI 73484
-1
end
HI 59876
-1
end
HI 46464
-1
end
HI 27767
-1
end
HI 87475
-1
end
HI 8610
-1
end
HI 69115
-1
end
HI 86665
-1
end
HI 83883
-1
end
HI 76136
-1
end
HI 5409
-1
end
HI 63437
-1
end
HI 64777
-1
end
HI 68315
-1
end
HI 7172
-1
end
HI 69843
-1
end
HI 76524
-1
end
HI 35719
-1
end
HI 86877
-1
end
HI 43343
-1
end
HI 4981
-1
end
HI 43896
-1
end
HI 11360
-1
end
HI 1476
-1
end
HI 59299
-1
end
HI 96450
-1
end
HI 64748
-1
end
HI 80089
-1
end
HI 84167
-1
end
HI 18132
-1
end
HI 4364
-1
end
HI 19924
-1
end
HI 6946
-1
end
HI 87470
-1
end
HI 70241
-1
end
HI 56643
-1
end
HI 94897
-1
end
HI 67798
-1
end
HI 95017
-1
end
HI 35937
-1
end
HI 77182
-1
end
HI 3382
-1
end
HI 15197
-1
end
HI 95309
-1
end
HI 77324
-1
end
HI 34072
-1
end
HI 83630
-1
end
HI 63214
-1
end
HI 1986
-1
end
HI 50242
-1
end
HI 61150
-1
end
HI 17425
-1
end
HI 49368
-1
end
HI 58476
-1
end
HI 43210
-1
end
HI 49255
-1
end
HI 35642
-1
end
HI 10664
-1
end
HI 34376
-1
end
HI 88404
-1
end
HI 68941
-1
end
HI 87830
-1
end
HI 38206
-1
end
HI 24432
-1
end
HI 17828
-1
end
HI 36964
-1
end
HI 76351
-1
end
HI 15780
-1
end
HI 71979
-1
end
HI 2489
-1
end
HI 57465
-1
end
HI 71358
-1
end
HI 35600
-1
end
HI 34566
-1
end
HI 75806
-1
end
HI 99384
-1
end
HI 43162
-1
end
HI 38078
-1
end
HI 81441
-1
end
HI 37809
-1
end
HI 25223
-1
end
HI 69372
-1
end
HI 83756
-1
end
HI 86765
-1
end
HI 76490
-1
end
HI 54460
-1
end
HI 96405
-1
end
HI 49261
-1
end
HI 38779
-1
end
HI 53872
-1
end
HI 71513
-1
end
HI 67866
-1
end
HI 67976
-1
end
HI 65055
-1
end
HI 43206
-1
end
HI 13797
-1
end
HI 19646
-1
end
HI 93781
-1
end
HI 51374
-1
end
HI 5966
-1
end
HI 89377
-1
end
HI 64462
-1
end
HI 4742
-1
end
HI 11350
-1
end
HI 31517
-1
end
HI 49945
-1
end
HI 7095
-1
end
HI 7542
-1
end
HI 30388
-1
end
HI 22320
-1
end
HI 33314
-1
end
HI 91098
-1
end
HI 35942
-1
end
HI 85563
-1
end
HI 80698
-1
end
HI 21110
-1
end
HI 97224
-1
end
HI 31931
-1
end
HI 45435
-1
end
HI 48784
-1
end
HI 18062
-1
end
HI 67401
-1
end
HI 67564
-1
end
HI 5035
-1
end
HI 71489
-1
end
HI 22724
-1
end
HI 54812
-1
end
HI 73807
-1
end
HI 9366
-1
end
HI 96140
-1
end
HI 19048
-1
end
HI 82691
-1
end
HI 18885
-1
end
HI 22369
-1
end
HI 26080
-1
end
HI 9976
-1
end
HI 92528
-1
end
HI 44006
-1
end
HI 5119
-1
end
HI 43572
-1
end
HI 81822
-1
end
HI 50402
-1
end
HI 68359
-1
end
HI 32068
-1
end
HI 79914
-1
end
HI 38034
-1
end
HI 36653
-1
end
HI 57027
-1
end
HI 69179
-1
end
HI 73860
-1
end
HI 37522
-1
end
HI 93020
-1
end
HI 38702
-1
end
HI 54351
-1
end
HI 96348
-1
end
HI 31201
-1
end
HI 20105
-1
end
HI 8851
-1
end
HI 57885
-1
end
HI 64432
-1
end
HI 72653
-1
end
HI 60975
-1
end
HI 55233
-1
end
HI 73615
-1
end
HI 67237
-1
end
HI 68490
-1
end
HI 87175
-1
end
HI 3627
-1
end
HI 38830
-1
end
HI 90050
-1
end
HI 75405
-1
end
HI 45758
-1
end
HI 67528
-1
end
HI 49868
-1
end
HI 95162
-1
end
HI 42290
-1
end
HI 53670
-1
end
HI 16440
-1
end
HI 68790
-1
end
HI 65475
-1
end
HI 43804
-1
end
HI 83766
-1
end
HI 93312
-1
end
HI 71331
-1
end
HI 42721
-1
end
HI 71190
-1
end
HI 1107
-1
end
HI 6251
-1
end
HI 54461
-1
end
HI 61629
-1
end
HI 47918
-1
end
HI 94082
-1
end
HI 33365
-1
end
HI 27100
-1
end
HI 55678
-1
end
HI 46526
-1
end
HI 75696
-1
end
HI 2768
-1
end
HI 35674
-1
end
HI 57950
-1
end
HI 95426
-1
end
HI 24385
-1
end
HI 46534
-1
end
HI 15050
-1
end
HI 23715
-1
end
HI 62689
-1
end
HI 38315
-1
end
HI 38655
-1
end
HI 20713
-1
end
HI 21514
-1
end
HI 46477
-1
end
HI 45287
-1
end
HI 11845
-1
end
HI 36614
-1
end
HI 89075
-1
end
HI 1172
-1
end
HI 10749
-1
end
HI 96209
-1
end
HI 42779
-1
end
HI 47014
-1
end
HI 81145
-1
end
HI 38975
-1
end
HI 58462
-1
end
HI 27181
-1
end
HI 74079
-1
end
HI 82767
-1
end
HI 30870
-1
end
HI 40936
-1
end
HI 86028
-1
end
HI 74868
-1
end
HI 67883
-1
end
HI 64633
-1
end
HI 14041
-1
end
HI 43430
-1
end
HI 46647
-1
end
HI 3920
-1
end
HI 53177
-1
end
HI 92279
-1
end
HI 91881
-1
end
HI 78941
-1
end
HI 16435
-1
end
HI 24065
-1
end
HI 27175
-1
end
HI 10530
-1
end
HI 28144
-1
end
HI 57669
-1
end
HI 78030
-1
end
HI 99444
-1
end
HI 25283
-1
end
HI 60731
-1
end
HI 96443
-1
end
HI 72423
-1
end
HI 49011
-1
end
HI 99285
-1
end
HI 31859
-1
end
HI 15010
-1
end
HI 21148
-1
end
HI 17403
-1
end
HI 20582
-1
end
HI 51277
-1
end
HI 27177
-1
end
HI 40935
-1
end
HI 5090
-1
end
HI 67164
-1
end
HI 87882
-1
end
HI 42712
-1
end
HI 77795
-1
end
HI 72860
-1
end
HI 75741
-1
end
HI 93602
-1
end
HI 41241
-1
end
HI 1019
-1
end
HI 39014
-1
end
HI 91848
-1
end
HI 14225
-1
end
HI 28895
-1
end
HI 29130
-1
end
HI 92715
-1
end
HI 74638
-1
end
HI 21107
-1
end
HI 85682
-1
end
HI 97569
-1
end
HI 48899
-1
end
HI 31144
-1
end
HI 44576
-1
end
HI 64575
-1
end
HI 19871
-1
end
HI 87680
-1
end
HI 89469
-1
end
HI 44460
-1
end
HI 1339
-1
end
HI 41188
-1
end
HI 27504
-1
end
HI 30103
-1
end
HI 94671
-1
end
HI 94125
-1
end
HI 63198
-1
end
HI 11093
-1
end
HI 50577
-1
end
HI 82292
-1
end
HI 77892
-1
end
HI 4216
-1
end
HI 96659
-1
end
HI 78364
-1
end
HI 10944
-1
end
HI 22529
-1
end
HI 74501
-1
end
HI 74289
-1
end
HI 84627
-1
end
HI 91530
-1
end
HI 33082
-1
end
HI 34820
-1
end
HI 49922
-1
end
HI 97836
-1
end
HI 1889
-1
end
HI 72145
-1
end
HI 76606
-1
end
HI 48642
-1
end
HI 69875
-1
end
HI 24200
-1
end
HI 4027
-1
end
HI 13227
-1
end
HI 74745
-1
end
HI 99296
-1
end
HI 62236
-1
end
HI 65580
-1
end
HI 71096
-1
end
HI 53347
-1
end
HI 10568
-1
end
HI 58776
-1
end
HI 69773
-1
end
HI 43326
-1
end
HI 78542
-1
end
HI 20657
-1
end
HI 67724
-1
end
HI 22413
-1
end
HI 83005
-1
end
HI 87440
-1
end
HI 48976
-1
end
HI 89441
-1
end
HI 22582
-1
end
HI 96577
-1
end
HI 85870
-1
end
HI 11354
-1
end
HI 86024
-1
end
HI 98367
-1
end
HI 87338
-1
end
HI 11973
-1
end
HI 23447
-1
end
HI 88460
-1
end
HI 53531
-1
end
HI 11288
-1
end
HI 63468
-1
end
HI 57508
-1
end
HI 67527
-1
end
HI 27805
-1
end
HI 16228
-1
end
HI 51861
-1
end
HI 781
-1
end
HI 98595
-1
end
HI 17254
-1
end
HI 27556
-1
end
HI 53663
-1
end
HI 69924
-1
end
HI 39830
-1
end
HI 76848
-1
end
HI 69991
-1
end
HI 35000
-1
end
HI 72254
-1
end
HI 25891
-1
end
HI 9010
-1
end
HI 76370
-1
end
HI 51968
-1
end
HI 72430
-1
end
HI 99610
-1
end
HI 63353
-1
end
HI 28186
-1
end
HI 44626
-1
end
HI 95180
-1
end
HI 83782
-1
end
HI 93839
-1
end
HI 41666
-1
end
HI 63454
-1
end
HI 25723
-1
end
HI 60537
-1
end
HI 65456
-1
end
HI 25024
-1
end
HI 43338
-1
end
HI 56361
-1
end
HI 64735
-1
end
HI 36254
-1
end
HI 40044
-1
end
HI 47369
-1
end
HI 80434
-1
end
HI 35804
-1
end
HI 85751
-1
end
HI 32743
-1
end
HI 69987
-1
end
HI 12510
-1
end
HI 15439
-1
end
HI 35887
-1
end
HI 69724
-1
end
HI 31012
-1
end
HI 38473
-1
end
HI 32401
-1
end
HI 54491
-1
end
HI 12515
-1
end
HI 43751
-1
end
HI 86632
-1
end
HI 24810
-1
end
HI 9855
-1
end
HI 23892
-1
end
HI 69936
-1
end
HI 84643
-1
end
HI 24495
-1
end
HI 50124
-1
end
HI 33886
-1
end
HI 84315
-1
end
HI 63256
-1
end
HI 26175
-1
end
HI 47350
-1
end
HI 12811
-1
end
HI 97967
-1
end
HI 91996
-1
end
HI 48069
-1
end
HI 34704
-1
end
HI 16738
-1
end
HI 60754
-1
end
HI 42561
-1
end
HI 15570
-1
end
HI 30592
-1
end
HI 96334
-1
end
HI 60986
-1
end
HI 85665
-1
end
HI 29982
-1
end
HI 97614
-1
end
HI 16915
-1
end
HI 94197
-1
end
HI 90548
-1
end
HI 4143
-1
end
HI 64805
-1
end
HI 14848
-1
end
HI 39205
-1
end
HI 30315
-1
end
HI 56505
-1
end
HI 34522
-1
end
HI 88324
-1
end
HI 98242
-1
end
HI 58680
-1
end
HI 25893
-1
end
HI 48001
-1
end
HI 19830
-1
end
HI 24203
-1
end
HI 10357
-1
end
HI 55076
-1
end
HI 80962
-1
end
HI 38145
-1
end
HI 79631
-1
end
HI 55102
-1
end
HI 63689
-1
end
HI 22728
-1
end
HI 22412
-1
end
HI 54758
-1
end
HI 69664
-1
end
HI 52699
-1
end
HI 30009
-1
end
HI 50645
-1
end
HI 87369
-1
end
HI 16102
-1
end
HI 46699
-1
end
HI 36277
-1
end
HI 49852
-1
end
HI 18084
-1
end
HI 42836
-1
end
HI 4549
-1
end
HI 65732
-1
end
HI 95419
-1
end
HI 80781
-1
end
HI 80404
-1
end
HI 52726
-1
end
HI 26181
-1
end
HI 35624
-1
end
HI 39111
-1
end
HI 85835
-1
end
HI 75808
-1
end
HI 62361
-1
end
HI 89397
-1
end
HI 53069
-1
end
HI 67767
-1
end
HI 97256
-1
end
HI 10476
-1
end
HI 11057
-1
end
HI 79117
-1
end
HI 95098
-1
end
HI 69355
-1
end
HI 22947
-1
end
HI 72386
-1
end
HI 39755
-1
end
HI 89887
-1
end
HI 54453
-1
end
HI 75111
-1
end
HI 65471
-1
end
HI 19616
-1
end
HI 49329
-1
end
HI 31621
-1
end
HI 36088
-1
end
HI 45282
-1
end
HI 11688
-1
end
HI 45776
-1
end
HI 57896
-1
end
HI 65530
-1
end
HI 6367
-1
end
HI 7130
-1
end
HI 88378
-1
end
HI 97605
-1
end
HI 50537
-1
end
HI 80961
-1
end
HI 93770
-1
end
HI 3997
-1
end
HI 24971
-1
end
HI 67304
-1
end
HI 53792
-1
end
HI 45349
-1
end
HI 78070
-1
end
HI 55813
-1
end
HI 89270
-1
end
HI 98800
-1
end
HI 60300
-1
end
HI 39956
-1
end
HI 2892
-1
end
HI 20465
-1
end
HI 74049
-1
end
HI 66379
-1
end
HI 64433
-1
end
HI 29687
-1
end
HI 78927
-1
end
HI 29650
-1
end
HI 23151
-1
end
HI 86961
-1
end
HI 6154
-1
end
HI 58321
-1
end
HI 97989
-1
end
HI 83981
-1
end
HI 45601
-1
end
HI 14461
-1
end
HI 22701
-1
end
HI 71672
-1
end
HI 24080
-1
end
HI 86981
-1
end
HI 58543
-1
end
HI 14640
-1
end
HI 59620
-1
end
HI 20440
-1
end
HI 1399
-1
end
HI 64874
-1
end
HI 65954
-1
end
HI 4306
-1
end
HI 76089
-1
end
HI 43081
-1
end
HI 14798
-1
end
HI 77963
-1
end
HI 39474
-1
end
HI 31617
-1
end
HI 76473
-1
end
HI 76231
-1
end
HI 45538
-1
end
HI 17550
-1
end
HI 7646
-1
end
HI 89173
-1
end
HI 80842
-1
end
HI 90184
-1
end
HI 55290
-1
end
HI 30503
-1
end
HI 70305
-1
end
HI 34534
-1
end
HI 34150
-1
end
HI 6797
-1
end
HI 41893
-1
end
HI 77175
-1
end
HI 39275
-1
end
HI 60603
-1
end
HI 93387
-1
end
HI 73732
-1
end
HI 30777
-1
end
HI 45508
-1
end
HI 61062
-1
end
HI 11916
-1
end
HI 81701
-1
end
HI 17303
-1
end
HI 2399
-1
end
HI 2279
-1
end
HI 36227
-1
end
HI 16811
-1
end
HI 41751
-1
end
HI 62976
-1
end
HI 56347
-1
end
HI 11146
-1
end
HI 73441
-1
end
HI 17496
-1
end
HI 51318
-1
end
HI 5047
-1
end
HI 43239
-1
end
HI 72244
-1
end
HI 43294
-1
end
HI 5752
-1
end
HI 96142
-1
end
HI 54265
-1
end
HI 60201
-1
end
HI 2522
-1
end
HI 54879
-1
end
HI 43932
-1
end
HI 87907
-1
end
HI 2422
-1
end
HI 91631
-1
end
HI 1389
-1
end
HI 67388
-1
end
HI 32561
-1
end
HI 50793
-1
end
HI 25855
-1
end
HI 32749
-1
end
HI 64353
-1
end
HI 90951
-1
end
HI 94786
-1
end
HI 2837
-1
end
HI 60699
-1
end
HI 38146
-1
end
HI 37497
-1
end
HI 46610
-1
end
HI 96410
-1
end
HI 37346
-1
end
HI 41848
-1
end
HI 55075
-1
end
HI 94875
-1
end
HI 86940
-1
end
HI 65903
-1
end
HI 44495
-1
end
HI 61279
-1
end
HI 21904
-1
end
HI 43545
-1
end
HI 82809
-1
end
HI 53322
-1
end
HI 26856
-1
end
HI 21647
-1
end
HI 31094
-1
end
HI 61091
-1
end
HI 37632
-1
end
HI 57655
-1
end
HI 17514
-1
end
HI 35311
-1
end
HI 39149
-1
end
HI 88974
-1
end
HI 79837
-1
end
HI 54927
-1
end
HI 41071
-1
end
HI 53726
-1
end
HI 83716
-1
end
HI 75944
-1
end
HI 82039
-1
end
HI 90342
-1
end
HI 3269
-1
end
HI 96270
-1
end
HI 58491
-1
end
HI 62961
-1
end
HI 62630
-1
end
HI 90239
-1
end
HI 34188
-1
end
HI 57419
-1
end
HI 55623
-1
end
HI 91910
-1
end
HI 88300
-1
end
HI 618
-1
end
HI 20830
-1
end
HI 25238
-1
end
HI 76206
-1
end
HI 42688
-1
end
HI 17938
-1
end
HI 37698
-1
end
HI 40859
-1
end
HI 66445
-1
end
HI 29187
-1
end
HI 66651
-1
end
HI 57698
-1
end
HI 85740
-1
end
HI 37556
-1
end
HI 32556
-1
end
HI 41961
-1
end
HI 30381
-1
end
HI 90950
-1
end
HI 29623
-1
end
HI 36877
-1
end
HI 91200
-1
end
HI 21132
-1
end
HI 78077
-1
end
HI 60626
-1
end
HI 22210
-1
end
HI 69199
-1
end
HI 26865
-1
end
HI 18617
-1
end
HI 74306
-1
end
HI 63309
-1
end
HI 49857
-1
end
HI 86563
-1
end
HI 52730
-1
end
HI 75620
-1
end
HI 83210
-1
end
HI 17670
-1
end
HI 1720
-1
end
HI 55282
-1
end
HI 90626
-1
end
HI 27776
-1
end
HI 6058
-1
end
HI 21883
-1
end
HI 23243
-1
end
HI 37045
-1
end
HI 21886
-1
end
HI 79587
-1
end
HI 71537
-1
end
HI 77705
-1
end
HI 21272
-1
end
HI 27530
-1
end
HI 4955
-1
end
HI 37915
-1
end
HI 75738
-1
end
HI 4781
-1
end
HI 49372
-1
end
HI 47256
-1
end
HI 21277
-1
end
HI 82593
-1
end
HI 43682
-1
end
HI 75584
-1
end
HI 18050
-1
end
HI 64141
-1
end
HI 50913
-1
end
HI 48485
-1
end
HI 40
-1
end
HI 1237
-1
end
HI 4885
-1
end
HI 51613
-1
end
HI 78895
-1
end
HI 10060
-1
end
HI 45668
-1
end
HI 95124
-1
end
HI 57357
-1
end
HI 1281
-1
end
HI 87638
-1
end
HI 14957
-1
end
HI 69891
-1
end
HI 96964
-1
end
HI 95261
-1
end
HI 18185
-1
end
HI 19110
-1
end
HI 94548
-1
end
HI 39705
-1
end
HI 52073
-1
end
HI 90267
-1
end
HI 27994
-1
end
HI 13998
-1
end
HI 27279
-1
end
HI 31526
-1
end
HI 20543
-1
end
HI 39375
-1
end
HI 97297
-1
end
HI 62319
-1
end
HI 23040
-1
end
HI 9363
-1
end
HI 19862
-1
end
HI 62255
-1
end
HI 56750
-1
end
HI 22609
-1
end
HI 7537
-1
end
HI 66247
-1
end
HI 98014
-1
end
HI 3025
-1
end
HI 40094
-1
end
HI 16322
-1
end
HI 76491
-1
end
HI 79260
-1
end
HI 54324
-1
end
HI 56544
-1
end
HI 92483
-1
end
HI 40000
-1
end
HI 84663
-1
end
HI 13610
-1
end
HI 62185
-1
end
HI 8105
-1
end
HI 64550
-1
end
HI 2970
-1
end
HI 47277
-1
end
HI 19408
-1
end
HI 34809
-1
end
HI 4812
-1
end
HI 38573
-1
end
HI 62370
-1
end
HI 99478
-1
end
HI 87070
-1
end
HI 83532
-1
end
HI 80076
-1
end
HI 22845
-1
end
HI 61637
-1
end
HI 94108
-1
end
HI 52151
-1
end
HI 81574
-1
end
HI 67403
-1
end
HI 55929
-1
end
HI 96806
-1
end
HI 35990
-1
end
HI 64415
-1
end
HI 98735
-1
end
HI 20852
-1
end
HI 45082
-1
end
HI 21315
-1
end
HI 42044
-1
end
HI 23075
-1
end
HI 57512
-1
end
HI 5769
-1
end
HI 86025
-1
end
HI 94476
-1
end
HI 93611
-1
end
HI 13029
-1
end
HI 76061
-1
end
HI 72554
-1
end
HI 60807
-1
end
HI 66111
-1
end
HI 84866
-1
end
HI 38997
-1
end
HI 66462
-1
end
HI 21172
-1
end
HI 15894
-1
end
HI 27304
-1
end
HI 66356
-1
end
HI 41233
-1
end
HI 16613
-1
end
HI 95564
-1
end
HI 79056
-1
end
HI 50343
-1
end
HI 89009
-1
end
HI 52856
-1
end
HI 44963
-1
end
HI 93017
-1
end
HI 86387
-1
end
HI 15056
-1
end
HI 92325
-1
end
HI 48643
-1
end
HI 41796
-1
end
HI 21591
-1
end
HI 61530
-1
end
HI 69382
-1
end
HI 34714
-1
end
HI 31367
-1
end
HI 78958
-1
end
HI 40016
-1
end
HI 96040
-1
end
HI 23480
-1
end
HI 9444
-1
end
HI 62831
-1
end
HI 31323
-1
end
HI 55596
-1
end
HI 74812
-1
end
HI 11494
-1
end
HI 65325
-1
end
HI 24672
-1
end
HI 95232
-1
end
HI 30814
-1
end
HI 97919
-1
end
HI 82804
-1
end
HI 84397
-1
end
HI 62493
-1
end
HI 35091
-1
end
HI 69620
-1
end
HI 18356
-1
end
HI 97755
-1
end
HI 68169
-1
end
HI 76034
-1
end
HI 65165
-1
end
HI 80636
-1
end
HI 57695
-1
end
HI 11416
-1
end
HI 62877
-1
end
HI 11338
-1
end
HI 23409
-1
end
HI 43105
-1
end
HI 15592
-1
end
HI 6971
-1
end
HI 67786
-1
end
HI 23886
-1
end
HI 56430
-1
end
HI 32369
-1
end
HI 37572
-1
end
HI 1666
-1
end
HI 43320
-1
end
HI 78017
-1
end
HI 35210
-1
end
HI 57226
-1
end
HI 42203
-1
end
HI 7873
-1
end
HI 73253
-1
end
HI 79307
-1
end
HI 67369
-1
end
HI 72451
-1
end
HI 76966
-1
end
HI 48202
-1
end
HI 12084
-1
end
HI 99743
-1
end
HI 72598
-1
end
HI 75868
-1
end
HI 34342
-1
end
HI 61360
-1
end
HI 78682
-1
end
HI 77450
-1
end
HI 62789
-1
end
HI 8013
-1
end
HI 82131
-1
end
HI 99534
-1
end
HI 18762
-1
end
HI 99374
-1
end
HI 70567
-1
end
HI 92343
-1
end
HI 20709
-1
end
HI 22861
-1
end
HI 92868
-1
end
HI 94316
-1
end
HI 56066
-1
end
HI 65080
-1
end
HI 15474
-1
end
HI 80471
-1
end
HI 72998
-1
end
HI 66974
-1
end
HI 90702
-1
end
HI 38466
-1
end
HI 82069
-1
end
HI 13444
-1
end
HI 53176
-1
end
HI 5881
-1
end
HI 92525
-1
end
HI 15400
-1
end
HI 24343
-1
end
HI 18352
-1
end
HI 77526
-1
end
HI 67553
-1
end
HI 34425
-1
end
HI 73113
-1
end
HI 36201
-1
end
HI 54151
-1
end
HI 19465
-1
end
HI 97333
-1
end
HI 46926
-1
end
HI 68226
-1
end
HI 7960
-1
end
HI 9330
-1
end
HI 44132
-1
end
HI 68401
-1
end
HI 30997
-1
end
HI 41454
-1
end
HI 26921
-1
end
HI 43499
-1
end
HI 92804
-1
end
HI 72586
-1
end
HI 17967
-1
end
HI 58048
-1
end
HI 75862
-1
end
HI 79200
-1
end
HI 56929
-1
end
HI 42648
-1
end
HI 74524
-1
end
HI 61432
-1
end
HI 2756
-1
end
HI 52260
-1
end
HI 90832
-1
end
HI 71368
-1
end
HI 44119
-1
end
HI 91363
-1
end
HI 68336
-1
end
HI 52201
-1
end
HI 55413
-1
end
HI 72931
-1
end
HI 46569
-1
end
HI 7810
-1
end
HI 41394
-1
end
HI 3914
-1
end
HI 99711
-1
end
HI 8779
-1
end
HI 19952
-1
end
HI 78973
-1
end
HI 27638
-1
end
HI 24314
-1
end
HI 45392
-1
end
HI 2999
-1
end
HI 17364
-1
end
HI 35587
-1
end
HI 33280
-1
end
HI 3136
-1
end
HI 22460
-1
end
HI 61158
-1
end
HI 26967
-1
end
HI 90668
-1
end
HI 55312
-1
end
HI 92303
-1
end
HI 16910
-1
end
HI 94334
-1
end
HI 35560
-1
end
HI 16367
-1
end
HI 54169
-1
end
HI 90150
-1
end
HI 47293
-1
end
HI 27615
-1
end
HI 79783
-1
end
HI 90171
-1
end
HI 46957
-1
end
HI 46476
-1
end
HI 23393
-1
end
HI 66353
-1
end
HI 47234
-1
end
HI 69524
-1
end
HI 93254
-1
end
HI 77320
-1
end
HI 43101
-1
end
HI 51745
-1
end
HI 24590
-1
end
HI 41363
-1
end
HI 3658
-1
end
HI 43229
-1
end
HI 40490
-1
end
HI 21948
-1
end
HI 41493
-1
end
HI 10355
-1
end
HI 93400
-1
end
HI 33390
-1
end
HI 45486
-1
end
HI 68084
-1
end
HI 1984
-1
end
HI 30624
-1
end
HI 19553
-1
end
HI 35318
-1
end
HI 71989
-1
end
HI 91647
-1
end
HI 86058
-1
end
HI 58000
-1
end
HI 44374
-1
end
HI 73962
-1
end
HI 13678
-1
end
HI 75295
-1
end
HI 35092
-1
end
HI 6231
-1
end
HI 78683
-1
end
HI 84369
-1
end
HI 61666
-1
end
HI 25239
-1
end
HI 15647
-1
end
HI 67841
-1
end
HI 10007
-1
end
HI 35187
-1
end
HI 8921
-1
end
HI 39439
-1
end
HI 19581
-1
end
HI 30289
-1
end
HI 76321
-1
end
HI 70858
-1
end
HI 33104
-1
end
HI 86288
-1
end
HI 83995
-1
end
HI 79183
-1
end
HI 32495
-1
end
HI 84887
-1
end
HI 1762
-1
end
HI 74286
-1
end
HI 43672
-1
end
HI 14474
-1
end
HI 12003
-1
end
HI 48172
-1
end
HI 21920
-1
end
HI 55847
-1
end
HI 73987
-1
end
HI 81750
-1
end
HI 59127
-1
end
HI 30930
-1
end
HI 11859
-1
end
HI 93548
-1
end
HI 34858
-1
end
HI 28856
-1
end
HI 96906
-1
end
HI 56830
-1
end
HI 94732
-1
end
HI 17392
-1
end
HI 66513
-1
end
HI 69845
-1
end
HI 53596
-1
end
HI 99470
-1
end
HI 86554
-1
end
HI 99158
-1
end
HI 46081
-1
end
HI 21941
-1
end
HI 64106
-1
end
HI 62529
-1
end
HI 5015
-1
end
HI 36336
-1
end
HI 12042
-1
end
HI 85430
-1
end
HI 48171
-1
end
HI 41926
-1
end
HI 86639
-1
end
HI 38330
-1
end
HI 3862
-1
end
HI 21000
-1
end
HI 30803
-1
end
HI 17841
-1
end
HI 78920
-1
end
HI 347
-1
end
HI 76650
-1
end
HI 64924
-1
end
HI 57332
-1
end
HI 15336
-1
end
HI 59126
-1
end
HI 41740
-1
end
HI 72687
-1
end
HI 7552
-1
end
HI 83913
-1
end
HI 57701
-1
end
HI 38179
-1
end
HI 85605
-1
end
HI 26142
-1
end
HI 76766
-1
end
HI 67098
-1
end
HI 13858
-1
end
HI 66494
-1
end
HI 74148
-1
end
HI 80325
-1
end
HI 76316
-1
end
HI 44741
-1
end
HI 9148
-1
end
HI 91792
-1
end
HI 59419
-1
end
HI 48765
-1
end
HI 32996
-1
end
HI 74265
-1
end
HI 92951
-1
end
HI 75163
-1
end
HI 63079
-1
end
HI 69720
-1
end
HI 72401
-1
end
HI 88813
-1
end
HI 63909
-1
end
HI 65131
-1
end
HI 36739
-1
end
HI 88056
-1
end
HI 28216
-1
end
HI 16419
-1
end
HI 41563
-1
end
HI 3513
-1
end
HI 76656
-1
end
HI 40281
-1
end
HI 99559
-1
end
HI 18458
-1
end
HI 15534
-1
end
HI 17553
-1
end
HI 95140
-1
end
HI 42045
-1
end
HI 5977
-1
end
HI 39707
-1
end
HI 72411
-1
end
HI 7798
-1
end
HI 81714
-1
end
HI 19397
-1
end
HI 93853
-1
end
HI 99402
-1
end
HI 8808
-1
end
HI 35015
-1
end
HI 46927
-1
end
HI 10019
-1
end
HI 51785
-1
end
HI 26976
-1
end
HI 34031
-1
end
HI 74548
-1
end
HI 46040
-1
end
HI 99430
-1
end
HI 24912
-1
end
HI 88479
-1
end
HI 83242
-1
end
HI 38971
-1
end
HI 64589
-1
end
HI 24965
-1
end
HI 54577
-1
end
HI 17959
-1
end
HI 55103
-1
end
HI 22040
-1
end
HI 50082
-1
end
HI 27209
-1
end
HI 35431
-1
end
HI 57192
-1
end
HI 28987
-1
end
HI 19423
-1
end
HI 87165
-1
end
HI 66511
-1
end
HI 74819
-1
end
HI 26890
-1
end
HI 8875
-1
end
HI 13335
-1
end
HI 1578
-1
end
HI 64555
-1
end
HI 43377
-1
end
HI 93426
-1
end
HI 99501
-1
end
HI 87637
-1
end
HI 56386
-1
end
HI 66790
-1
end
HI 48103
-1
end
HI 19378
-1
end
HI 15045
-1
end
HI 36248
-1
end
HI 1566
-1
end
HI 62914
-1
end
HI 91124
-1
end
HI 17970
-1
end
HI 63372
-1
end
HI 3121
-1
end
HI 17934
-1
end
HI 83112
-1
end
HI 26294
-1
end
HI 33484
-1
end
HI 60104
-1
end
HI 5491
-1
end
HI 65543
-1
end
HI 49490
-1
end
HI 67413
-1
end
HI 41223
-1
end
HI 25401
-1
end
HI 59254
-1
end
HI 2555
-1
end
HI 71092
-1
end
HI 17422
-1
end
HI 24297
-1
end
HI 76530
-1
end
HI 71944
-1
end
HI 35396
-1
end
HI 13915
-1
end
HI 16981
-1
end
HI 52037
-1
end
HI 8535
-1
end
HI 22849
-1
end
HI 44380
-1
end
HI 99381
-1
end
HI 22094
-1
end
HI 67591
-1
end
HI 95841
-1
end
HI 51499
-1
end
HI 85396
-1
end
HI 66230
-1
end
HI 92387
-1
end
HI 28274
-1
end
HI 32370
-1
end
HI 95464
-1
end
HI 72600
-1
end
HI 38192
-1
end
HI 67357
-1
end
HI 44118
-1
end
HI 84000
-1
end
HI 37976
-1
end
HI 27090
-1
end
HI 28145
-1
end
HI 28006
-1
end
HI 70014
-1
end
HI 64063
-1
end
HI 56067
-1
end
HI 37132
-1
end
HI 95816
-1
end
HI 94866
-1
end
HI 33624
-1
end
HI 79683
-1
end
HI 48582
-1
end
HI 97733
-1
end
HI 84327
-1
end
HI 11634
-1
end
HI 13325
-1
end
HI 6311
-1
end
HI 62548
-1
end
HI 27403
-1
end
HI 31234
-1
end
HI 60166
-1
end
HI 67285
-1
end
HI 94889
-1
end
HI 13964
-1
end
HI 24552
-1
end
HI 26066
-1
end
HI 97449
-1
end
HI 84170
-1
end
HI 27684
-1
end
HI 90381
-1
end
HI 45367
-1
end
HI 699
-1
end
HI 28073
-1
end
HI 95652
-1
end
HI 2453
-1
end
HI 95429
-1
end
HI 31194
-1
end
HI 91175
-1
end
HI 88648
-1
end
HI 4637
-1
end
HI 36134
-1
end
HI 4124
-1
end
HI 37128
-1
end
HI 86444
-1
end
HI 44092
-1
end
HI 4254
-1
end
HI 90241
-1
end
HI 33198
-1
end
HI 21478
-1
end
HI 7020
-1
end
HI 28263
-1
end
HI 1847
-1
end
HI 30451
-1
end
HI 67230
-1
end
HI 8130
-1
end
HI 21922
-1
end
HI 53748
-1
end
HI 6844
-1
end
HI 6679
-1
end
HI 41391
-1
end
HI 37941
-1
end
HI 47788
-1
end
HI 27654
-1
end
HI 87901
-1
end
HI 50243
-1
end
HI 42310
-1
end
HI 7593
-1
end
HI 12170
-1
end
HI 92526
-1
end
HI 55858
-1
end
HI 72125
-1
end
HI 29034
-1
end
HI 93963
-1
end
HI 558
-1
end
HI 66400
-1
end
HI 12427
-1
end
HI 42305
-1
end
HI 39794
-1
end
HI 44881
-1
end
HI 76008
-1
end
HI 28029
-1
end
HI 97955
-1
end
HI 94220
-1
end
HI 9324
-1
end
HI 19286
-1
end
HI 19689
-1
end
HI 34200
-1
end
HI 45213
-1
end
HI 30487
-1
end
HI 6160
-1
end
HI 63122
-1
end
HI 3300
-1
end
HI 51724
-1
end
HI 57966
-1
end
HI 28590
-1
end
HI 48331
-1
end
HI 11763
-1
end
HI 21018
-1
end
HI 52486
-1
end
HI 32994
-1
end
HI 34171
-1
end
HI 77984
-1
end
HI 22392
-1
end
HI 94767
-1
end
HI 81540
-1
end
HI 86250
-1
end
HI 95427
-1
end
HI 32305
-1
end
HI 20161
-1
end
HI 14295
-1
end
HI 63450
-1
end
HI 33618
-1
end
HI 64773
-1
end
HI 20698
-1
end
HI 27816
-1
end
HI 35834
-1
end
HI 4972
-1
end
HI 56199
-1
end
HI 29618
-1
end
HI 37512
-1
end
HI 41738
-1
end
HI 24966
-1
end
HI 65089
-1
end
HI 10127
-1
end
HI 90025
-1
end
HI 82773
-1
end
HI 54960
-1
end
HI 48140
-1
end
HI 15040
-1
end
HI 53211
-1
end
HI 15804
-1
end
HI 84052
-1
end
HI 1397
-1
end
HI 60169
-1
end
HI 29842
-1
end
HI 36586
-1
end
HI 45520
-1
end
HI 97711
-1
end
HI 19300
-1
end
HI 65241
-1
end
HI 90612
-1
end
HI 76390
-1
end
HI 45381
-1
end
HI 92542
-1
end
HI 80104
-1
end
HI 88912
-1
end
HI 13930
-1
end
HI 81983
-1
end
HI 17291
-1
end
HI 94724
-1
end
HI 86434
-1
end
HI 32750
-1
end
HI 2968
-1
end
HI 47358
-1
end
HI 90895
-1
end
HI 46812
-1
end
HI 84260
-1
end
HI 59218
-1
end
HI 23788
-1
end
HI 40412
-1
end
HI 83459
-1
end
HI 74437
-1
end
HI 8943
-1
end
HI 85440
-1
end
HI 57424
-1
end
HI 28977
-1
end
HI 88898
-1
end
HI 1077
-1
end
HI 25357
-1
end
HI 21546
-1
end
HI 72666
-1
end
HI 80063
-1
end
HI 28238
-1
end
HI 44877
-1
end
HI 73739
-1
end
HI 83631
-1
end
HI 78609
-1
end
HI 3341
-1
end
HI 70714
-1
end
HI 65039
-1
end
HI 65930
-1
end
HI 26944
-1
end
HI 61291
-1
end
HI 64990
-1
end
HI 88418
-1
end
HI 77914
-1
end
HI 80697
-1
end
HI 48718
-1
end
HI 77759
-1
end
HI 87673
-1
end
HI 20401
-1
end
HI 25219
-1
end
HI 31533
-1
end
HI 4836
-1
end
HI 65353
-1
end
HI 10195
-1
end
HI 20613
-1
end
HI 6240
-1
end
HI 16018
-1
end
HI 30107
-1
end
HI 61668
-1
end
HI 14563
-1
end
HI 47191
-1
end
HI 39294
-1
end
HI 59573
-1
end
HI 43208
-1
end
HI 3533
-1
end
HI 27444
-1
end
HI 19577
-1
end
HI 47983
-1
end
HI 41922
-1
end
HI 78187
-1
end
HI 4001
-1
end
HI 72256
-1
end
HI 63436
-1
end
HI 66006
-1
end
HI 47370
-1
end
HI 69955
-1
end
HI 29594
-1
end
HI 38941
-1
end
HI 54785
-1
end
HI 70695
-1
end
HI 65762
-1
end
HI 22006
-1
end
HI 95874
-1
end
HI 51588
-1
end
HI 19393
-1
end
HI 98661
-1
end
HI 84228
-1
end
HI 27205
-1
end
HI 57979
-1
end
HI 40922
-1
end
HI 73942
-1
end
HI 18006
-1
end
HI 93615
-1
end
HI 31211
-1
end
HI 63167
-1
end
HI 23517
-1
end
HI 62799
-1
end
HI 48645
-1
end
HI 60503
-1
end
HI 15435
-1
end
HI 1485
-1
end
HI 29228
-1
end
HI 29675
-1
end
HI 82559
-1
end
HI 89959
-1
end
HI 56263
-1
end
HI 10593
-1
end
HI 53683
-1
end
HI 71935
-1
end
HI 13368
-1
end
HI 88839
-1
end
HI 50453
-1
end
HI 45770
-1
end
HI 97712
-1
end
HI 96256
-1
end
HI 96760
-1
end
HI 59773
-1
end
HI 44180
-1
end
HI 97538
-1
end
HI 13424
-1
end
HI 99406
-1
end
HI 68255
-1
end
HI 12022
-1
end
HI 70722
-1
end
HI 82001
-1
end
HI 65809
-1
end
HI 81590
-1
end
HI 30895
-1
end
HI 12534
-1
end
HI 13845
-1
end
HI 92214
-1
end
HI 12543
-1
end
HI 45467
-1
end
HI 14447
-1
end
HI 90889
-1
end
HI 53894
-1
end
HI 34405
-1
end
HI 84895
-1
end
HI 33214
-1
end
HI 38292
-1
end
HI 25595
-1
end
HI 712
-1
end
HI 63762
-1
end
HI 86533
-1
end
HI 14023
-1
end
HI 26561
-1
end
HI 26128
-1
end
HI 45181
-1
end
HI 13048
-1
end
HI 1737
-1
end
HI 25119
-1
end
HI 10122
-1
end
HI 77113
-1
end
HI 73626
-1
end
HI 42822
-1
end
HI 77426
-1
end
HI 26846
-1
end
HI 53
-1
end
HI 817
-1
end
HI 96867
-1
end
HI 77719
-1
end
HI 4220
-1
end
HI 81052
-1
end
HI 84991
-1
end
HI 41870
-1
end
HI 77583
-1
end
HI 25900
-1
end
HI 10843
-1
end
HI 1459
-1
end
HI 84152
-1
end
HI 96643
-1
end
HI 48442
-1
end
HI 53317
-1
end
HI 12182
-1
end
HI 13710
-1
end
HI 19453
-1
end
HI 76664
-1
end
HI 68104
-1
end
HI 47196
-1
end
HI 58626
-1
end
HI 32315
-1
end
HI 97148
-1
end
HI 14299
-1
end
HI 47718
-1
end
HI 44964
-1
end
HI 98702
-1
end
HI 62826
-1
end
HI 59752
-1
end
HI 63619
-1
end
HI 64180
-1
end
HI 26517
-1
end
HI 62788
-1
end
HI 11039
-1
end
HI 4198
-1
end
HI 26216
-1
end
HI 39354
-1
end
HI 72463
-1
end
HI 36382
-1
end
HI 21495
-1
end
HI 70301
-1
end
HI 15844
-1
end
HI 20399
-1
end
HI 3711
-1
end
HI 8854
-1
end
HI 51134
-1
end
HI 5512
-1
end
HI 93033
-1
end
HI 5127
-1
end
HI 22666
-1
end
HI 34239
-1
end
HI 68000
-1
end
HI 11277
-1
end
HI 45364
-1
end
HI 2544
-1
end
HI 55958
-1
end
HI 87826
-1
end
HI 22623
-1
end
HI 26984
-1
end
HI 78553
-1
end
HI 24557
-1
end
HI 5696
-1
end
HI 30029
-1
end
HI 86875
-1
end
HI 30491
-1
end
HI 26691
-1
end
HI 69908
-1
end
HI 49287
-1
end
HI 925
-1
end
HI 98495
-1
end
HI 82871
-1
end
HI 73013
-1
end
HI 41962
-1
end
HI 26419
-1
end
HI 84736
-1
end
HI 78739
-1
end
HI 8260
-1
end
HI 17931
-1
end
HI 720
-1
end
HI 14604
-1
end
HI 77020
-1
end
HI 92535
-1
end
HI 46299
-1
end
HI 7682
-1
end
HI 9126
-1
end
HI 62687
-1
end
HI 44761
-1
end
HI 74093
-1
end
HI 13266
-1
end
HI 54363
-1
end
HI 36670
-1
end
HI 35478
-1
end
HI 25398
-1
end
HI 35582
-1
end
HI 91803
-1
end
HI 99469
-1
end
HI 82712
-1
end
HI 44875
-1
end
HI 3634
-1
end
HI 15729
-1
end
HI 9505
-1
end
HI 33226
-1
end
HI 11078
-1
end
HI 6782
-1
end
HI 27273
-1
end
HI 58722
-1
end
HI 15277
-1
end
HI 55886
-1
end
HI 34974
-1
end
HI 30096
-1
end
HI 27510
-1
end
HI 70663
-1
end
HI 75288
-1
end
HI 78775
-1
end
HI 14624
-1
end
HI 84494
-1
end
HI 42945
-1
end
HI 99497
-1
end
HI 14251
-1
end
HI 3517
-1
end
HI 51335
-1
end
HI 60583
-1
end
HI 35905
-1
end
HI 79383
-1
end
HI 31601
-1
end
HI 48368
-1
end
HI 22023
-1
end
HI 10356
-1
end
HI 16194
-1
end
HI 39863
-1
end
HI 61196
-1
end
HI 72367
-1
end
HI 650
-1
end
HI 44292
-1
end
HI 28130
-1
end
HI 2651
-1
end
HI 58099
-1
end
HI 1906
-1
end
HI 31301
-1
end
HI 28536
-1
end
HI 47049
-1
end
HI 35849
-1
end
HI 2238
-1
end
HI 26301
-1
end
HI 20038
-1
end
HI 61528
-1
end
HI 67067
-1
end
HI 14757
-1
end
HI 68797
-1
end
HI 49362
-1
end
HI 67628
-1
end
HI 13904
-1
end
HI 3133
-1
end
HI 22456
-1
end
HI 46282
-1
end
HI 60138
-1
end
HI 86224
-1
end
HI 520
-1
end
HI 48145
-1
end
HI 29797
-1
end
HI 71577
-1
end
HI 79011
-1
end
HI 90335
-1
end
HI 58496
-1
end
HI 16954
-1
end
HI 93031
-1
end
HI 79415
-1
end
HI 3142
-1
end
HI 32652
-1
end
HI 90244
-1
end
HI 39613
-1
end
HI 95915
-1
end
HI 57748
-1
end
HI 59450
-1
end
HI 48393
-1
end
HI 51259
-1
end
HI 40614
-1
end
HI 5173
-1
end
HI 61918
-1
end
HI 16739
-1
end
HI 49412
-1
end
HI 59711
-1
end
HI 88605
-1
end
HI 53083
-1
end
HI 81266
-1
end
HI 74330
-1
end
HI 82311
-1
end
HI 73905
-1
end
HI 9270
-1
end
HI 30215
-1
end
HI 59793
-1
end
HI 6072
-1
end
HI 97205
-1
end
HI 32916
-1
end
HI 54235
-1
end
HI 6774
-1
end
HI 49467
-1
end
HI 12756
-1
end
HI 28931
-1
end
HI 86095
-1
end
HI 85071
-1
end
HI 98460
-1
end
HI 62019
-1
end
HI 50464
-1
end
HI 3296
-1
end
HI 24588
-1
end
HI 57753
-1
end
HI 73293
-1
end
HI 83732
-1
end
HI 83134
-1
end
HI 29611
-1
end
HI 84667
-1
end
HI 99072
-1
end
HI 3180
-1
end
HI 4103
-1
end
HI 49341
-1
end
HI 26259
-1
end
HI 20597
-1
end
HI 15971
-1
end
HI 68574
-1
end
HI 21940
-1
end
HI 46390
-1
end
HI 62434
-1
end
HI 52550
-1
end
HI 62035
-1
end
HI 47481
-1
end
HI 34371
-1
end
HI 17844
-1
end
HI 36908
-1
end
HI 11486
-1
end
HI 63267
-1
end
HI 36895
-1
end
HI 59313
-1
end
HI 52241
-1
end
HI 90377
-1
end
HI 75559
-1
end
HI 17174
-1
end
HI 68505
-1
end
HI 43433
-1
end
HI 87574
-1
end
HI 48879
-1
end
HI 34518
-1
end
HI 69007
-1
end
HI 40672
-1
end
HI 53652
-1
end
HI 38796
-1
end
HI 73332
-1
end
HI 28049
-1
end
HI 95698
-1
end
HI 44638
-1
end
HI 77185
-1
end
HI 28871
-1
end
HI 33473
-1
end
HI 6219
-1
end
HI 72271
-1
end
HI 32891
-1
end
HI 63875
-1
end
HI 28265
-1
end
HI 76738
-1
end
HI 82186
-1
end
HI 85382
-1
end
HI 24124
-1
end
HI 9737
-1
end
HI 81648
-1
end
HI 16522
-1
end
HI 83497
-1
end
HI 89036
-1
end
HI 1528
-1
end
HI 27148
-1
end
HI 89269
-1
end
HI 4531
-1
end
HI 20076
-1
end
HI 73750
-1
end
HI 55756
-1
end
HI 57217
-1
end
HI 11131
-1
end
HI 13417
-1
end
HI 59049
-1
end
HI 38821
-1
end
HI 78944
-1
end
HI 63576
-1
end
HI 20839
-1
end
HI 84820
-1
end
HI 53913
-1
end
HI 93407
-1
end
HI 60623
-1
end
HI 58667
-1
end
HI 40889
-1
end
HI 58438
-1
end
HI 60485
-1
end
HI 52283
-1
end
HI 44053
-1
end
HI 94662
-1
end
HI 197
-1
end
HI 668
-1
end
HI 90924
-1
end
HI 74543
-1
end
HI 23413
-1
end
HI 15965
-1
end
HI 60544
-1
end
HI 78780
-1
end
HI 81707
-1
end
HI 29014
-1
end
HI 20115
-1
end
HI 55291
-1
end
HI 89504
-1
end
HI 30210
-1
end
HI 13238
-1
end
HI 52623
-1
end
HI 32462
-1
end
HI 71001
-1
end
HI 14511
-1
end
HI 32411
-1
end
HI 9996
-1
end
HI 93175
-1
end
HI 85116
-1
end
HI 58215
-1
end
HI 91026
-1
end
HI 38632
-1
end
HI 57300
-1
end
HI 86908
-1
end
HI 3104
-1
end
HI 64294
-1
end
HI 73192
-1
end
HI 88659
-1
end
HI 83977
-1
end
HI 45026
-1
end
HI 77251
-1
end
HI 41100
-1
end
HI 35219
-1
end
HI 4731
-1
end
HI 69556
-1
end
HI 52324
-1
end
HI 49944
-1
end
HI 70147
-1
end
HI 20237
-1
end
HI 42814
-1
end
HI 95302
-1
end
HI 94083
-1
end
HI 7895
-1
end
HI 36689
-1
end
HI 18336
-1
end
HI 34273
-1
end
HI 16071
-1
end
HI 62861
-1
end
HI 92377
-1
end
HI 4449
-1
end
HI 59586
-1
end
HI 9093
-1
end
HI 90331
-1
end
HI 50033
-1
end
HI 42340
-1
end
HI 59719
-1
end
HI 62515
-1
end
HI 85762
-1
end
HI 95572
-1
end
HI 50836
-1
end
HI 15092
-1
end
HI 9150
-1
end
HI 11412
-1
end
HI 31006
-1
end
HI 2434
-1
end
HI 41201
-1
end
HI 38168
-1
end
HI 5441
-1
end
HI 78249
-1
end
HI 21915
-1
end
HI 710
-1
end
HI 74285
-1
end
HI 37221
-1
end
HI 53465
-1
end
HI 47091
-1
end
HI 30262
-1
end
HI 2755
-1
end
HI 65269
-1
end
HI 66281
-1
end
HI 18644
-1
end
HI 89083
-1
end
HI 46997
-1
end
HI 76196
-1
end
HI 69063
-1
end
HI 21275
-1
end
HI 83154
-1
end
HI 77198
-1
end
HI 67398
-1
end
HI 4382
-1
end
HI 48119
-1
end
HI 38127
-1
end
HI 45957
-1
end
HI 87293
-1
end
HI 30615
-1
end
HI 5514
-1
end
HI 33102
-1
end
HI 90001
-1
end
HI 85538
-1
end
HI 12953
-1
end
HI 7175
-1
end
HI 77394
-1
end
HI 84158
-1
end
HI 99241
-1
end
HI 31086
-1
end
HI 50052
-1
end
HI 31356
-1
end
HI 55077
-1
end
HI 8140
-1
end
HI 26616
-1
end
HI 93155
-1
end
HI 26965
-1
end
HI 41594
-1
end
HI 12366
-1
end
HI 74645
-1
end
HI 56239
-1
end
HI 81835
-1
end
HI 10532
-1
end
HI 17435
-1
end
HI 27452
-1
end
HI 35038
-1
end
HI 37268
-1
end
HI 87350
-1
end
HI 36713
-1
end
HI 1129
-1
end
HI 14974
-1
end
HI 15812
-1
end
HI 71052
-1
end
HI 95170
-1
end
HI 41518
-1
end
HI 70096
-1
end
HI 23152
-1
end
HI 54887
-1
end
HI 88889
-1
end
HI 7577
-1
end
HI 74157
-1
end
HI 94702
-1
end
HI 60060
-1
end
HI 14665
-1
end
HI 21438
-1
end
HI 4371
-1
end
HI 55222
-1
end
HI 80847
-1
end
HI 82760
-1
end
HI 15220
-1
end
HI 17045
-1
end
HI 73832
-1
end
HI 82027
-1
end
HI 72118
-1
end
HI 54763
-1
end
HI 92020
-1
end
HI 46737
-1
end
HI 61362
-1
end
HI 51952
-1
end
HI 79969
-1
end
HI 54141
-1
end
HI 641
-1
end
HI 5727
-1
end
HI 60655
-1
end
HI 8026
-1
end
HI 82681
-1
end
HI 99112
-1
end
HI 14782
-1
end
HI 9863
-1
end
HI 84425
-1
end
HI 1812
-1
end
HI 53688
-1
end
HI 76349
-1
end
HI 97268
-1
end
HI 60001
-1
end
HI 76950
-1
end
HI 65322
-1
end
HI 24632
-1
end
HI 20083
-1
end
HI 45194
-1
end
HI 26854
-1
end
HI 34024
-1
end
HI 58882
-1
end
HI 73156
-1
end
HI 51509
-1
end
HI 2586
-1
end
HI 95187
-1
end
HI 10582
-1
end
HI 20025
-1
end
HI 47498
-1
end
HI 9848
-1
end
HI 44915
-1
end
HI 28185
-1
end
HI 82342
-1
end
HI 79522
-1
end
HI 92608
-1
end
HI 6351
-1
end
HI 48535
-1
end
HI 43393
-1
end
HI 85998
-1
end
HI 91643
-1
end
HI 15917
-1
end
HI 80351
-1
end
HI 73447
-1
end
HI 28125
-1
end
HI 82717
-1
end
HI 99363
-1
end
HI 54848
-1
end
HI 40517
-1
end
HI 88949
-1
end
HI 84568
-1
end
HI 95449
-1
end
HI 15827
-1
end
HI 69574
-1
end
HI 28261
-1
end
HI 96717
-1
end
HI 20425
-1
end
HI 70986
-1
end
HI 62087
-1
end
HI 56583
-1
end
HI 48261
-1
end
HI 68904
-1
end
HI 44939
-1
end
HI 10873
-1
end
HI 39189
-1
end
HI 71558
-1
end
HI 28127
-1
end
HI 90618
-1
end
HI 86581
-1
end
HI 53405
-1
end
HI 1306
-1
end
HI 92113
-1
end
HI 5260
-1
end
HI 2346
-1
end
HI 69867
-1
end
HI 55051
-1
end
HI 89421
-1
end
HI 32005
-1
end
HI 79261
-1
end
HI 74466
-1
end
HI 84670
-1
end
HI 59868
-1
end
HI 35825
-1
end
HI 18053
-1
end
HI 17588
-1
end
HI 43536
-1
end
HI 89656
-1
end
HI 8127
-1
end
HI 4515
-1
end
HI 45818
-1
end
HI 59493
-1
end
HI 154
-1
end
HI 32208
-1
end
HI 64644
-1
end
HI 80712
-1
end
HI 37142
-1
end
HI 79792
-1
end
HI 63221
-1
end
HI 48660
-1
end
HI 92429
-1
end
HI 50232
-1
end
HI 94045
-1
end
HI 79794
-1
end
HI 92277
-1
end
HI 11919
-1
end
HI 86953
-1
end
HI 75394
-1
end
HI 97631
-1
end
HI 13966
-1
end
HI 36102
-1
end
HI 54635
-1
end
HI 17933
-1
end
HI 52208
-1
end
HI 78950
-1
end
HI 33839
-1
end
HI 86247
-1
end
HI 62713
-1
end
HI 14346
-1
end
HI 56658
-1
end
HI 28755
-1
end
HI 37322
-1
end
HI 28399
-1
end
HI 32258
-1
end
HI 42766
-1
end
HI 87690
-1
end
HI 84677
-1
end
HI 72214
-1
end
HI 15866
-1
end
HI 61012
-1
end
HI 3759
-1
end
HI 53621
-1
end
HI 86006
-1
end
HI 91508
-1
end
HI 44978
-1
end
HI 56179
-1
end
HI 74075
-1
end
HI 65928
-1
end
HI 67573
-1
end
HI 6459
-1
end
HI 33867
-1
end
HI 7338
-1
end
HI 42244
-1
end
HI 75025
-1
end
HI 67525
-1
end
HI 7502
-1
end
HI 32410
-1
end
HI 66098
-1
end
HI 7770
-1
end
HI 17619
-1
end
HI 65886
-1
end
HI 75855
-1
end
HI 11474
-1
end
HI 58479
-1
end
HI 91615
-1
end
HI 90367
-1
end
HI 32008
-1
end
HI 36386
-1
end
HI 25075
-1
end
HI 20098
-1
end
HI 2021
-1
end
HI 56880
-1
end
HI 4870
-1
end
HI 78667
-1
end
HI 49719
-1
end
HI 65734
-1
end
HI 15772
-1
end
HI 18611
-1
end
HI 24298
-1
end
HI 99382
-1
end
HI 12437
-1
end
HI 25250
-1
end
HI 12710
-1
end
HI 8666
-1
end
HI 49996
-1
end
HI 19775
-1
end
HI 79734
-1
end
HI 28020
-1
end
HI 74959
-1
end
HI 46597
-1
end
HI 82565
-1
end
HI 15727
-1
end
HI 88250
-1
end
HI 26134
-1
end
HI 54020
-1
end
HI 44698
-1
end
HI 17371
-1
end
HI 70
-1
end
HI 51963
-1
end
HI 685
-1
end
HI 97263
-1
end
HI 55231
-1
end
HI 68717
-1
end
HI 8994
-1
end
HI 99215
-1
end
HI 19049
-1
end
HI 93219
-1
end
HI 49553
-1
end
HI 71659
-1
end
HI 95186
-1
end
HI 54859
-1
end
HI 93986
-1
end
HI 93111
-1
end
HI 34187
-1
end
HI 61698
-1
end
HI 62615
-1
end
HI 24947
-1
end
HI 27331
-1
end
HI 53672
-1
end
HI 65331
-1
end
HI 42275
-1
end
HI 17009
-1
end
HI 81910
-1
end
HI 16245
-1
end
HI 79856
-1
end
HI 11751
-1
end
HI 5923
-1
end
HI 46382
-1
end
HI 32480
-1
end
HI 63754
-1
end
HI 14148
-1
end
HI 53268
-1
end
HI 81154
-1
end
HI 12923
-1
end
HI 95825
-1
end
HI 40947
-1
end
HI 84470
-1
end
HI 67804
-1
end
HI 43522
-1
end
HI 41490
-1
end
HI 13794
-1
end
HI 76152
-1
end
HI 58970
-1
end
HI 65614
-1
end
HI 6956
-1
end
HI 85053
-1
end
HI 65553
-1
end
HI 48521
-1
end
HI 76571
-1
end
HI 96958
-1
end
HI 60477
-1
end
HI 77473
-1
end
HI 5850
-1
end
HI 54498
-1
end
HI 73067
-1
end
HI 61445
-1
end
HI 65700
-1
end
HI 94463
-1
end
HI 77243
-1
end
HI 19368
-1
end
HI 73577
-1
end
HI 6452
-1
end
HI 6885
-1
end
HI 85438
-1
end
HI 49718
-1
end
HI 32272
-1
end
HI 5042
-1
end
HI 84661
-1
end
HI 18566
-1
end
HI 20400
-1
end
HI 19456
-1
end
HI 83119
-1
end
HI 94709
-1
end
HI 11381
-1
end
HI 36532
-1
end
HI 75185
-1
end
HI 68076
-1
end
HI 67136
-1
end
HI 74235
-1
end
HI 85960
-1
end
HI 83695
-1
end
HI 81488
-1
end
HI 2500
-1
end
HI 37529
-1
end
HI 44794
-1
end
HI 31840
-1
end
HI 94855
-1
end
HI 11255
-1
end
HI 12483
-1
end
HI 93135
-1
end
HI 93447
-1
end
HI 27659
-1
end
HI 40815
-1
end
HI 95879
-1
end
HI 20311
-1
end
HI 93892
-1
end
HI 37716
-1
end
HI 2266
-1
end
HI 45872
-1
end
HI 97233
-1
end
HI 61535
-1
end
HI 84624
-1
end
HI 81519
-1
end
HI 72377
-1
end
HI 10207
-1
end
HI 41167
-1
end
HI 31000
-1
end
HI 39819
-1
end
HI 24650
-1
end
HI 73861
-1
end
HI 29204
-1
end
HI 42907
-1
end
HI 51743
-1
end
HI 89671
-1
end
HI 46899
-1
end
HI 43509
-1
end
HI 91832
-1
end
HI 83340
-1
end
HI 59832
-1
end
HI 13090
-1
end
HI 40324
-1
end
HI 23419
-1
end
HI 97986
-1
end
HI 27134
-1
end
HI 56097
-1
end
HI 95102
-1
end
HI 93591
-1
end
HI 91378
-1
end
HI 16611
-1
end
HI 7591
-1
end
HI 23260
-1
end
HI 47113
-1
end
HI 46421
-1
end
HI 37098
-1
end
HI 29741
-1
end
HI 96154
-1
end
HI 68644
-1
end
HI 97475
-1
end
HI 42925
-1
end
HI 89152
-1
end
HI 6073
-1
end
HI 82597
-1
end
HI 12721
-1
end
HI 7832
-1
end
HI 17918
-1
end
HI 59520
-1
end
HI 60853
-1
end
HI 84159
-1
end
HI 74151
-1
end
HI 31459
-1
end
HI 54341
-1
end
HI 71963
-1
end
HI 99947
-1
end
HI 41393
-1
end
HI 24064
-1
end
HI 25655
-1
end
HI 40178
-1
end
HI 25481
-1
end
HI 7746
-1
end
HI 49633
-1
end
HI 76768
-1
end
HI 12505
-1
end
HI 51598
-1
end
HI 54562
-1
end
HI 86536
-1
end
HI 65892
-1
end
HI 14593
-1
end
HI 71638
-1
end
HI 52764
-1
end
HI 36112
-1
end
HI 61986
-1
end
HI 66744
-1
end
HI 36706
-1
end
HI 7530
-1
end
HI 56479
-1
end
HI 85625
-1
end
HI 31949
-1
end
HI 25034
-1
end
HI 41054
-1
end
HI 91971
-1
end
HI 48657
-1
end
HI 24531
-1
end
HI 41452
-1
end
HI 2044
-1
end
HI 17414
-1
end
HI 16488
-1
end
HI 62823
-1
end
HI 92200
-1
end
HI 63676
-1
end
HI 80239
-1
end
HI 92938
-1
end
HI 31267
-1
end
HI 46358
-1
end
HI 3443
-1
end
HI 22093
-1
end
HI 57506
-1
end
HI 59870
-1
end
HI 90002
-1
end
HI 49759
-1
end
HI 16277
-1
end
HI 84719
-1
end
HI 13740
-1
end
HI 27901
-1
end
HI 42849
-1
end
HI 45044
-1
end
HI 8561
-1
end
HI 33755
-1
end
HI 55241
-1
end
HI 12067
-1
end
HI 99969
-1
end
HI 16610
-1
end
HI 45618
-1
end
HI 36766
-1
end
HI 69815
-1
end
HI 40043
-1
end
HI 40704
-1
end
HI 4664
-1
end
HI 37477
-1
end
HI 37682
-1
end
HI 49689
-1
end
HI 43116
-1
end
HI 87228
-1
end
HI 87771
-1
end
HI 1943
-1
end
HI 22099
-1
end
HI 30621
-1
end
HI 55042
-1
end
HI 62452
-1
end
HI 98721
-1
end
HI 36329
-1
end
HI 73516
-1
end
HI 13479
-1
end
HI 36787
-1
end
HI 69244
-1
end
HI 91713
-1
end
HI 7827
-1
end
HI 75265
-1
end
HI 52214
-1
end
HI 95438
-1
end
HI 58865
-1
end
HI 13767
-1
end
HI 34089
-1
end
HI 86148
-1
end
HI 23509
-1
end
HI 59510
-1
end
HI 18438
-1
end
HI 34748
-1
end
HI 94627
-1
end
HI 49709
-1
end
HI 50694
-1
end
HI 6195
-1
end
HI 11905
-1
end
HI 76683
-1
end
HI 80561
-1
end
HI 56358
-1
end
HI 43966
-1
end
HI 91
-1
end
HI 5662
-1
end
HI 28198
-1
end
HI 77798
-1
end
HI 74746
-1
end
HI 72232
-1
end
HI 71318
-1
end
HI 92374
-1
end
HI 33589
-1
end
HI 95283
-1
end
HI 57385
-1
end
HI 23281
-1
end
HI 63550
-1
end
HI 27652
-1
end
HI 99202
-1
end
HI 99691
-1
end
HI 42311
-1
end
HI 34808
-1
end
HI 52756
-1
end
HI 58043
-1
end
HI 16489
-1
end
HI 56392
-1
end
HI 51359
-1
end
HI 84939
-1
end
HI 13308
-1
end
HI 11718
-1
end
HI 94515
-1
end
HI 50942
-1
end
HI 71863
-1
end
HI 7603
-1
end
HI 54257
-1
end
HI 30456
-1
end
HI 17849
-1
end
HI 51514
-1
end
HI 9234
-1
end
HI 40159
-1
end
HI 27745
-1
end
HI 11670
-1
end
HI 39991
-1
end
HI 88650
-1
end
HI 58014
-1
end
HI 68720
-1
end
HI 97445
-1
end
HI 29153
-1
end
HI 85727
-1
end
HI 39873
-1
end
HI 8151
-1
end
HI 79197
-1
end
HI 28307
-1
end
HI 95996
-1
end
HI 17865
-1
end
HI 15593
-1
end
HI 92013
-1
end
HI 56203
-1
end
HI 86302
-1
end
HI 48217
-1
end
HI 17580
-1
end
HI 4977
-1
end
HI 18932
-1
end
HI 22864
-1
end
HI 30600
-1
end
HI 70272
-1
end
HI 50932
-1
end
HI 30261
-1
end
HI 37657
-1
end
HI 51404
-1
end
HI 29286
-1
end
HI 41561
-1
end
HI 63661
-1
end
HI 52778
-1
end
HI 73636
-1
end
HI 28045
-1
end
HI 76437
-1
end
HI 17661
-1
end
HI 64714
-1
end
HI 62633
-1
end
HI 57084
-1
end
HI 94185
-1
end
HI 69676
-1
end
HI 77044
-1
end
HI 33263
-1
end
HI 96397
-1
end
HI 47559
-1
end
HI 46188
-1
end
HI 21016
-1
end
HI 23756
-1
end
HI 54026
-1
end
HI 84917
-1
end
HI 42006
-1
end
HI 37025
-1
end
HI 92011
-1
end
HI 90743
-1
end
HI 35191
-1
end
HI 27004
-1
end
HI 27813
-1
end
HI 25123
-1
end
HI 40933
-1
end
HI 35908
-1
end
HI 1860
-1
end
HI 90098
-1
end
HI 83473
-1
end
HI 51504
-1
end
HI 94069
-1
end
HI 60561
-1
end
HI 84727
-1
end
HI 85036
-1
end
HI 49506
-1
end
HI 93443
-1
end
HI 67442
-1
end
HI 25107
-1
end
HI 72255
-1
end
HI 7469
-1
end
HI 35595
-1
end
HI 5982
-1
end
HI 48002
-1
end
HI 51501
-1
end
HI 84326
-1
end
HI 94851
-1
end
HI 37645
-1
end
HI 12992
-1
end
HI 38658
-1
end
HI 89359
-1
end
HI 6213
-1
end
HI 73218
-1
end
HI 99866
-1
end
HI 74429
-1
end
HI 29070
-1
end
HI 38213
-1
end
HI 44935
-1
end
HI 85220
-1
end
HI 19197
-1
end
HI 91722
-1
end
HI 6909
-1
end
HI 85839
-1
end
HI 94970
-1
end
HI 78317
-1
end
HI 60226
-1
end
HI 57220
-1
end
HI 223
-1
end
HI 18636
-1
end
HI 41124
-1
end
HI 35707
-1
end
HI 75004
-1
end
HI 865
-1
end
HI 99624
-1
end
HI 61912
-1
end
HI 93503
-1
end
HI 25601
-1
end
HI 68384
-1
end
HI 72908
-1
end
HI 37879
-1
end
HI 17507
-1
end
HI 56447
-1
end
HI 82496
-1
end
HI 43871
-1
end
HI 74628
-1
end
HI 69768
-1
end
HI 74035
-1
end
HI 16969
-1
end
HI 29298
-1
end
HI 40380
-1
end
HI 96073
-1
end
HI 49313
-1
end
HI 26638
-1
end
HI 56247
-1
end
HI 60216
-1
end
HI 50036
-1
end
HI 29762
-1
end
HI 32230
-1
end
HI 89033
-1
end
HI 70865
-1
end
HI 99189
-1
end
HI 83427
-1
end
HI 95719
-1
end
HI 87461
-1
end
HI 93855
-1
end
HI 98964
-1
end
HI 47690
-1
end
HI 17695
-1
end
HI 51734
-1
end
HI 41035
-1
end
HI 95122
-1
end
HI 25413
-1
end
HI 93449
-1
end
HI 57369
-1
end
HI 13081
-1
end
HI 6199
-1
end
HI 45975
-1
end
HI 48919
-1
end
HI 23077
-1
end
HI 49296
-1
end
HI 8519
-1
end
HI 91609
-1
end
HI 13112
-1
end
HI 9763
-1
end
HI 68012
-1
end
HI 18371
-1
end
HI 56165
-1
end
HI 31749
-1
end
HI 62567
-1
end
HI 77764
-1
end
HI 50883
-1
end
HI 95146
-1
end
HI 24799
-1
end
HI 21017
-1
end
HI 4297
-1
end
HI 54279
-1
end
HI 73749
-1
end
HI 62103
-1
end
HI 70842
-1
end
HI 20279
-1
end
HI 71448
-1
end
HI 43630
-1
end
HI 22432
-1
end
HI 57710
-1
end
HI 22878
-1
end
HI 81067
-1
end
HI 34113
-1
end
HI 35412
-1
end
HI 88206
-1
end
HI 95647
-1
end
HI 60497
-1
end
HI 93098
-1
end
HI 4822
-1
end
HI 88665
-1
end
HI 7952
-1
end
HI 1637
-1
end
HI 45184
-1
end
HI 52702
-1
end
HI 15638
-1
end
HI 1608
-1
end
HI 57115
-1
end
HI 62196
-1
end
HI 64642
-1
end
HI 68428
-1
end
HI 77064
-1
end
HI 27686
-1
end
HI 9135
-1
end
HI 30211
-1
end
HI 49815
-1
end
HI 8653
-1
end
HI 26950
-1
end
HI 29351
-1
end
HI 32213
-1
end
HI 15175
-1
end
HI 77651
-1
end
HI 28212
-1
end
HI 32237
-1
end
HI 82448
-1
end
HI 14928
-1
end
HI 83906
-1
end
HI 52392
-1
end
HI 83798
-1
end
HI 47301
-1
end
HI 84548
-1
end
HI 53500
-1
end
HI 47523
-1
end
HI 76058
-1
end
HI 91874
-1
end
HI 49472
-1
end
HI 94363
-1
end
HI 66469
-1
end
HI 71053
-1
end
HI 68491
-1
end
HI 3726
-1
end
HI 50265
-1
end
HI 61832
-1
end
HI 63285
-1
end
HI 29068
-1
end
HI 36642
-1
end
HI 15302
-1
end
HI 53456
-1
end
HI 92918
-1
end
HI 77410
-1
end
HI 22430
-1
end
HI 44264
-1
end
HI 14804
-1
end
HI 80941
-1
end
HI 13190
-1
end
HI 65077
-1
end
HI 32168
-1
end
HI 55154
-1
end
HI 16361
-1
end
HI 2932
-1
end
HI 55536
-1
end
HI 83044
-1
end
HI 53039
-1
end
HI 65828
-1
end
HI 51430
-1
end
HI 51525
-1
end
HI 92413
-1
end
HI 61812
-1
end
HI 53394
-1
end
HI 69757
-1
end
HI 53263
-1
end
HI 98559
-1
end
HI 33115
-1
end
HI 43401
-1
end
HI 65362
-1
end
HI 8405
-1
end
HI 73535
-1
end
HI 20164
-1
end
HI 75642
-1
end
HI 76883
-1
end
HI 74113
-1
end
HI 46119
-1
end
HI 84321
-1
end
HI 4141
-1
end
HI 2070
-1
end
HI 15105
-1
end
HI 33752
-1
end
HI 26206
-1
end
HI 75519
-1
end
HI 89348
-1
end
HI 8847
-1
end
HI 33881
-1
end
HI 81545
-1
end
HI 63659
-1
end
HI 49085
-1
end
HI 92302
-1
end
HI 2196
-1
end
HI 85424
-1
end
HI 12855
-1
end
HI 38507
-1
end
HI 38625
-1
end
HI 40078
-1
end
HI 45677
-1
end
HI 30680
-1
end
HI 79404
-1
end
HI 65874
-1
end
HI 1003
-1
end
HI 85458
-1
end
HI 23704
-1
end
HI 55212
-1
end
HI 81503
-1
end
HI 80958
-1
end
HI 50617
-1
end
HI 50919
-1
end
HI 59918
-1
end
HI 23481
-1
end
HI 1664
-1
end
HI 49209
-1
end
HI 82646
-1
end
HI 78184
-1
end
HI 75652
-1
end
HI 97046
-1
end
HI 99246
-1
end
HI 58633
-1
end
HI 1651
-1
end
HI 18602
-1
end
HI 68212
-1
end
HI 20300
-1
end
HI 66331
-1
end
HI 77973
-1
end
HI 55484
-1
end
HI 76443
-1
end
HI 12362
-1
end
HI 84242
-1
end
HI 3193
-1
end
HI 51009
-1
end
HI 84403
-1
end
HI 4488
-1
end
HI 72004
-1
end
HI 88020
-1
end
HI 94247
-1
end
HI 82159
-1
end
HI 7929
-1
end
HI 57293
-1
end
HI 30134
-1
end
HI 65652
-1
end
HI 11797
-1
end
HI 60725
-1
end
HI 24511
-1
end
HI 14805
-1
end
HI 51519
-1
end
HI 12780
-1
end
HI 87632
-1
end
HI 27042
-1
end
HI 53871
-1
end
HI 88130
-1
end
HI 8670
-1
end
HI 18678
-1
end
HI 13764
-1
end
HI 96013
-1
end
HI 98145
-1
end
HI 52462
-1
end
HI 42351
-1
end
HI 42983
-1
end
HI 72926
-1
end
HI 69324
-1
end
HI 66366
-1
end
HI 59051
-1
end
HI 85146
-1
end
HI 26844
-1
end
HI 67596
-1
end
HI 99069
-1
end
HI 32265
-1
end
HI 43923
-1
end
HI 95575
-1
end
HI 36541
-1
end
HI 58614
-1
end
HI 10635
-1
end
HI 91418
-1
end
HI 30659
-1
end
HI 86059
-1
end
HI 21847
-1
end
HI 7354
-1
end
HI 58235
-1
end
HI 50852
-1
end
HI 22155
-1
end
HI 71223
-1
end
HI 48870
-1
end
HI 86641
-1
end
HI 34774
-1
end
HI 19358
-1
end
HI 93637
-1
end
HI 95080
-1
end
HI 95126
-1
end
HI 21416
-1
end
HI 64652
-1
end
HI 99253
-1
end
HI 1086
-1
end
HI 9370
-1
end
HI 27822
-1
end
HI 32593
-1
end
HI 4232
-1
end
HI 41261
-1
end
HI 81231
-1
end
HI 23061
-1
end
HI 14831
-1
end
HI 45357
-1
end
HI 98363
-1
end
HI 88107
-1
end
HI 35255
-1
end
HI 12685
-1
end
HI 84983
-1
end
HI 87507
-1
end
HI 40140
-1
end
HI 78480
-1
end
HI 35523
-1
end
HI 86464
-1
end
HI 14123
-1
end
HI 51821
-1
end
HI 256
-1
end
HI 66958
-1
end
HI 13850
-1
end
HI 73345
-1
end
HI 45256
-1
end
HI 99902
-1
end
HI 74903
-1
end
HI 36956
-1
end
HI 56526
-1
end
HI 92445
-1
end
HI 6454
-1
end
HI 77416
-1
end
HI 32297
-1
end
HI 30727
-1
end
HI 35155
-1
end
HI 91119
-1
end
HI 42863
-1
end
HI 78810
-1
end
HI 27343
-1
end
HI 58041
-1
end
HI 84977
-1
end
HI 13030
-1
end
HI 27850
-1
end
HI 57210
-1
end
HI 53058
-1
end
HI 78701
-1
end
HI 39392
-1
end
HI 8417
-1
end
HI 75026
-1
end
HI 47627
-1
end
HI 54585
-1
end
HI 54040
-1
end
HI 7234
-1
end
HI 1111
-1
end
HI 40804
-1
end
HI 89627
-1
end
HI 99782
-1
end
HI 80468
-1
end
HI 89669
-1
end
HI 98256
-1
end
HI 64293
-1
end
HI 91332
-1
end
HI 35248
-1
end
HI 29251
-1
end
HI 16166
-1
end
HI 66818
-1
end
HI 3910
-1
end
HI 45904
-1
end
HI 92541
-1
end
HI 3855
-1
end
HI 958
-1
end
HI 10280
-1
end
HI 18216
-1
end
HI 40722
-1
end
HI 5205
-1
end
HI 84028
-1
end
HI 81243
-1
end
HI 70517
-1
end
HI 34689
-1
end
HI 90374
-1
end
HI 28685
-1
end
HI 65101
-1
end
HI 68754
-1
end
HI 31143
-1
end
HI 43665
-1
end
HI 96164
-1
end
HI 91400
-1
end
HI 51619
-1
end
HI 79984
-1
end
HI 82689
-1
end
HI 38772
-1
end
HI 25544
-1
end
HI 61212
-1
end
HI 81598
-1
end
HI 16834
-1
end
HI 43982
-1
end
HI 72552
-1
end
HI 38154
-1
end
HI 68536
-1
end
HI 20706
-1
end
HI 70300
-1
end
HI 84924
-1
end
HI 35134
-1
end
HI 98546
-1
end
HI 82235
-1
end
HI 99242
-1
end
HI 48139
-1
end
HI 90893
-1
end
HI 74158
-1
end
HI 87151
-1
end
HI 61264
-1
end
HI 69542
-1
end
HI 1235
-1
end
HI 57481
-1
end
HI 60327
-1
end
HI 89800
-1
end
HI 68430
-1
end
HI 2931
-1
end
HI 90482
-1
end
HI 95088
-1
end
HI 24007
-1
end
HI 11102
-1
end
HI 43986
-1
end
HI 63709
-1
end
HI 64703
-1
end
HI 3823
-1
end
HI 87309
-1
end
HI 67583
-1
end
HI 14760
-1
end
HI 93205
-1
end
HI 25157
-1
end
HI 61011
-1
end
HI 30900
-1
end
HI 27759
-1
end
HI 96152
-1
end
HI 25478
-1
end
HI 86833
-1
end
HI 64592
-1
end
HI 82603
-1
end
HI 53218
-1
end
HI 94118
-1
end
HI 41804
-1
end
HI 83280
-1
end
HI 46020
-1
end
HI 44945
-1
end
HI 51594
-1
end
HI 49637
-1
end
HI 7256
-1
end
HI 75900
-1
end
HI 33288
-1
end
HI 35477
-1
end
HI 89978
-1
end
HI 52455
-1
end
HI 81115
-1
end
HI 10816
-1
end
HI 49263
-1
end
HI 43272
-1
end
HI 20925
-1
end
HI 83155
-1
end
HI 57668
-1
end
HI 39679
-1
end
HI 35445
-1
end
HI 92367
-1
end
HI 7955
-1
end
HI 95279
-1
end
HI 52952
-1
end
HI 58844
-1
end
HI 53404
-1
end
HI 23400
-1
end
HI 75051
-1
end
HI 65916
-1
end
HI 1776
-1
end
HI 4739
-1
end
HI 70806
-1
end
HI 53484
-1
end
HI 20820
-1
end
HI 78599
-1
end
HI 29324
-1
end
HI 696
-1
end
HI 3034
-1
end
HI 3988
-1
end
HI 36090
-1
end
HI 93201
-1
end
HI 12584
-1
end
HI 88840
-1
end
HI 92010
-1
end
HI 24902
-1
end
HI 62749
-1
end
HI 73651
-1
end
HI 3730
-1
end
HI 75375
-1
end
HI 51822
-1
end
HI 75661
-1
end
HI 86035
-1
end
HI 79501
-1
end
HI 60732
-1
end
HI 62816
-1
end
HI 14632
-1
end
HI 80591
-1
end
HI 8042
-1
end
HI 37546
-1
end
HI 58120
-1
end
HI 36705
-1
end
HI 74209
-1
end
HI 50840
-1
end
HI 14267
-1
end
HI 13593
-1
end
HI 26529
-1
end
HI 6754
-1
end
HI 59
-1
end
HI 70686
-1
end
HI 93634
-1
end
HI 14772
-1
end
HI 17601
-1
end
HI 44690
-1
end
HI 99091
-1
end
HI 11583
-1
end
HI 31513
-1
end
HI 68020
-1
end
HI 70117
-1
end
HI 34442
-1
end
HI 58482
-1
end
HI 84587
-1
end
HI 55276
-1
end
HI 99074
-1
end
HI 7210
-1
end
HI 39198
-1
end
HI 17253
-1
end
HI 57113
-1
end
HI 22227
-1
end
HI 80384
-1
end
HI 68817
-1
end
HI 38611
-1
end
HI 52226
-1
end
HI 94746
-1
end
HI 3234
-1
end
HI 196
-1
end
HI 15434
-1
end
HI 75853
-1
end
HI 52966
-1
end
HI 84243
-1
end
HI 29221
-1
end
HI 82645
-1
end
HI 71723
-1
end
HI 56689
-1
end
HI 34842
-1
end
HI 28649
-1
end
HI 79498
-1
end
HI 32398
-1
end
HI 66835
-1
end
HI 68710
-1
end
HI 32132
-1
end
HI 21317
-1
end
HI 33277
-1
end
HI 87450
-1
end
HI 64737
-1
end
HI 32377
-1
end
HI 57922
-1
end
HI 20905
-1
end
HI 59054
-1
end
HI 2689
-1
end
HI 44170
-1
end
HI 98206
-1
end
HI 40575
-1
end
HI 50839
-1
end
HI 69221
-1
end
HI 81341
-1
end
HI 64261
-1
end
HI 32025
-1
end
HI 37465
-1
end
HI 77886
-1
end
HI 90294
-1
end
HI 4578
-1
end
HI 97531
-1
end
HI 12418
-1
end
HI 35637
-1
end
HI 7558
-1
end
HI 9118
-1
end
HI 8884
-1
end
HI 93176
-1
end
HI 40978
-1
end
HI 19752
-1
end
HI 98175
-1
end
HI 32595
-1
end
HI 57562
-1
end
HI 92641
-1
end
HI 48317
-1
end
HI 21668
-1
end
HI 2865
-1
end
HI 96495
-1
end
HI 56524
-1
end
HI 74072
-1
end
HI 91911
-1
end
HI 76507
-1
end
HI 51262
-1
end
HI 67437
-1
end
HI 94878
-1
end
HI 74774
-1
end
HI 89306
-1
end
HI 82808
-1
end
HI 31696
-1
end
HI 86039
-1
end
HI 64572
-1
end
HI 56941
-1
end
HI 7062
-1
end
HI 26464
-1
end
HI 22687
-1
end
HI 34473
-1
end
HI 61777
-1
end
HI 25824
-1
end
HI 88874
-1
end
HI 30136
-1
end
HI 5099
-1
end
HI 10671
-1
end
HI 52245
-1
end
HI 32695
-1
end
HI 55589
-1
end
HI 51407
-1
end
HI 47201
-1
end
HI 44227
-1
end
HI 82440
-1
end
HI 82881
-1
end
HI 54802
-1
end
HI 93782
-1
end
HI 96026
-1
end
HI 84374
-1
end
HI 9019
-1
end
HI 75423
-1
end
HI 99914
-1
end
HI 510
-1
end
HI 93189
-1
end
HI 10695
-1
end
HI 44302
-1
end
HI 11748
-1
end
HI 31935
-1
end
HI 41114
-1
end
HI 49148
-1
end
HI 19158
-1
end
HI 81421
-1
end
HI 39057
-1
end
HI 54795
-1
end
HI 24637
-1
end
HI 12683
-1
end
HI 75338
-1
end
HI 29403
-1
end
HI 43258
-1
end
HI 64092
-1
end
HI 74805
-1
end
HI 46097
-1
end
HI 50512
-1
end
HI 98002
-1
end
HI 62862
-1
end
HI 60356
-1
end
HI 38377
-1
end
HI 72654
-1
end
HI 29804
-1
end
HI 43889
-1
end
HI 98940
-1
end
HI 34864
-1
end
HI 34404
-1
end
HI 22792
-1
end
HI 14244
-1
end
HI 71576
-1
end
HI 2138
-1
end
HI 62643
-1
end
HI 58981
-1
end
HI 14802
-1
end
HI 33337
-1
end
HI 99772
-1
end
HI 6530
-1
end
HI 40834
-1
end
HI 72360
-1
end
HI 56045
-1
end
HI 72643
-1
end
HI 15331
-1
end
HI 70202
-1
end
HI 29468
-1
end
HI 94202
-1
end
HI 35250
-1
end
HI 47969
-1
end
HI 85131
-1
end
HI 94429
-1
end
HI 53141
-1
end
HI 10464
-1
end
HI 43854
-1
end
HI 50439
-1
end
HI 31158
-1
end
HI 27988
-1
end
HI 38657
-1
end
HI 16275
-1
end
HI 36157
-1
end
HI 8287
-1
end
HI 71650
-1
end
HI 4407
-1
end
HI 62380
-1
end
HI 45443
-1
end
HI 25515
-1
end
HI 32544
-1
end
HI 13492
-1
end
HI 70751
-1
end
HI 91205
-1
end
HI 309
-1
end
HI 60631
-1
end
HI 57946
-1
end
HI 18666
-1
end
HI 58793
-1
end
HI 63119
-1
end
HI 25499
-1
end
HI 13423
-1
end
HI 33409
-1
end
HI 66327
-1
end
HI 90891
-1
end
HI 69443
-1
end
HI 78815
-1
end
HI 88358
-1
end
HI 74685
-1
end
HI 44169
-1
end
HI 95073
-1
end
HI 37905
-1
end
HI 76171
-1
end
HI 273
-1
end
HI 93172
-1
end
HI 65974
-1
end
HI 85097
-1
end
HI 14650
-1
end
HI 16481
-1
end
HI 68865
-1
end
HI 73524
-1
end
HI 4079
-1
end
HI 28821
-1
end
HI 86311
-1
end
HI 88339
-1
end
HI 18764
-1
end
HI 3926
-1
end
HI 14608
-1
end
HI 53003
-1
end
HI 22301
-1
end
HI 90052
-1
end
HI 21774
-1
end
HI 91991
-1
end
HI 78939
-1
end
HI 5572
-1
end
HI 82575
-1
end
HI 64474
-1
end
HI 63985
-1
end
HI 51066
-1
end
HI 22281
-1
end
HI 26613
-1
end
HI 16509
-1
end
HI 24318
-1
end
HI 57266
-1
end
HI 81861
-1
end
HI 89979
-1
end
HI 19283
-1
end
HI 74825
-1
end
HI 31016
-1
end
HI 67032
-1
end
HI 37026
-1
end
HI 59623
-1
end
HI 6291
-1
end
HI 52225
-1
end
HI 69558
-1
end
HI 56183
-1
end
HI 36574
-1
end
HI 98781
-1
end
HI 39717
-1
end
HI 51337
-1
end
HI 63339
-1
end
HI 3260
-1
end
HI 43164
-1
end
HI 36219
-1
end
HI 14653
-1
end
HI 22907
-1
end
HI 86266
-1
end
HI 12806
-1
end
HI 48972
-1
end
HI 50638
-1
end
HI 25849
-1
end
HI 33121
-1
end
HI 82571
-1
end
HI 6825
-1
end
HI 345
-1
end
HI 35284
-1
end
HI 65289
-1
end
HI 46353
-1
end
HI 24361
-1
end
HI 87524
-1
end
HI 86831
-1
end
HI 61506
-1
end
HI 64257
-1
end
HI 3728
-1
end
HI 2241
-1
end
HI 940
-1
end
HI 96158
-1
end
HI 2573
-1
end
HI 29844
-1
end
HI 15194
-1
end
HI 22922
-1
end
HI 3481
-1
end
HI 79980
-1
end
HI 16641
-1
end
HI 75665
-1
end
HI 89848
-1
end
HI 63589
-1
end
HI 76195
-1
end
HI 6784
-1
end
HI 88178
-1
end
HI 74980
-1
end
HI 5190
-1
end
HI 85801
-1
end
HI 68624
-1
end
HI 38931
-1
end
HI 92529
-1
end
HI 35132
-1
end
HI 7915
-1
end
HI 33559
-1
end
HI 23074
-1
end
HI 98051
-1
end
HI 29880
-1
end
HI 15829
-1
end
HI 71839
-1
end
HI 16064
-1
end
HI 20261
-1
end
HI 2400
-1
end
HI 646
-1
end
HI 33511
-1
end
HI 56501
-1
end
HI 77162
-1
end
HI 39232
-1
end
HI 72351
-1
end
HI 1769
-1
end
HI 88034
-1
end
HI 67900
-1
end
HI 16624
-1
end
HI 10369
-1
end
HI 88133
-1
end
HI 82706
-1
end
HI 2954
-1
end
HI 81600
-1
end
HI 68739
-1
end
HI 48646
-1
end
HI 11971
-1
end
HI 49440
-1
end
HI 74464
-1
end
HI 39612
-1
end
HI 81557
-1
end
HI 25000
-1
end
HI 32858
-1
end
HI 33978
-1
end
HI 34160
-1
end
HI 29288
-1
end
HI 66719
-1
end
HI 44115
-1
end
HI 45803
-1
end
HI 83876
-1
end
HI 60667
-1
end
HI 97069
-1
end
HI 12753
-1
end
HI 96477
-1
end
HI 90240
-1
end
HI 99536
-1
end
HI 94443
-1
end
HI 15244
-1
end
HI 38132
-1
end
HI 31911
-1
end
HI 11999
-1
end
HI 82137
-1
end
HI 6501
-1
end
HI 46619
-1
end
HI 79766
-1
end
HI 30700
-1
end
HI 78446
-1
end
HI 13083
-1
end
HI 45484
-1
end
HI 27539
-1
end
HI 40982
-1
end
HI 19010
-1
end
HI 22016
-1
end
HI 77507
-1
end
HI 9112
-1
end
HI 33538
-1
end
HI 51016
-1
end
HI 32794
-1
end
HI 72490
-1
end
HI 20448
-1
end
HI 81881
-1
end
HI 38651
-1
end
HI 74539
-1
end
HI 24803
-1
end
HI 36068
-1
end
HI 43945
-1
end
HI 59492
-1
end
HI 45762
-1
end
HI 57519
-1
end
HI 54798
-1
end
HI 56468
-1
end
HI 87119
-1
end
HI 7458
-1
end
HI 68311
-1
end
HI 47286
-1
end
HI 14595
-1
end
HI 47352
-1
end
HI 33964
-1
end
HI 51301
-1
end
HI 83035
-1
end
HI 75585
-1
end
HI 19338
-1
end
HI 14224
-1
end
HI 19103
-1
end
HI 4681
-1
end
HI 8828
-1
end
HI 80286
-1
end
HI 17786
-1
end
HI 14882
-1
end
HI 71428
-1
end
HI 67838
-1
end
HI 85580
-1
end
HI 69494
-1
end
HI 74362
-1
end
HI 71472
-1
end
HI 26418
-1
end
HI 11559
-1
end
HI 82076
-1
end
HI 68318
-1
end
HI 31779
-1
end
HI 35299
-1
end
HI 71088
-1
end
HI 1511
-1
end
HI 23914
-1
end
HI 4288
-1
end
HI 93086
-1
end
HI 6047
-1
end
HI 98279
-1
end
HI 5414
-1
end
HI 8906
-1
end
HI 34156
-1
end
HI 78876
-1
end
HI 55006
-1
end
HI 48258
-1
end
HI 31150
-1
end
HI 95479
-1
end
HI 14728
-1
end
HI 70550
-1
end
HI 43136
-1
end
HI 56731
-1
end
HI 13481
-1
end
HI 76605
-1
end
HI 41644
-1
end
HI 33329
-1
end
HI 25765
-1
end
HI 97252
-1
end
HI 78761
-1
end
HI 52132
-1
end
HI 50138
-1
end
HI 58057
-1
end
HI 40599
-1
end
HI 21291
-1
end
HI 8497
-1
end
HI 86347
-1
end
HI 53415
-1
end
HI 70329
-1
end
HI 59542
-1
end
HI 18427
-1
end
HI 24128
-1
end
HI 96409
-1
end
HI 71571
-1
end
HI 1202
-1
end
HI 57659
-1
end
HI 51819
-1
end
HI 44940
-1
end
HI 27572
-1
end
HI 27798
-1
end
HI 40219
-1
end
HI 86690
-1
end
HI 28975
-1
end
HI 63414
-1
end
HI 76381
-1
end
HI 3637
-1
end
HI 7080
-1
end
HI 2583
-1
end
HI 6283
-1
end
HI 66396
-1
end
HI 92862
-1
end
HI 57461
-1
end
HI 49975
-1
end
HI 13229
-1
end
HI 6868
-1
end
HI 95516
-1
end
HI 58700
-1
end
HI 76026
-1
end
HI 15455
-1
end
HI 16859
-1
end
HI 25029
-1
end
HI 11976
-1
end
HI 49289
-1
end
HI 22331
-1
end
HI 42705
-1
end
HI 45269
-1
end
HI 84772
-1
end
HI 82908
-1
end
HI 84831
-1
end
HI 95347
-1
end
HI 58889
-1
end
HI 87681
-1
end
HI 60246
-1
end
HI 20185
-1
end
HI 9248
-1
end
HI 88393
-1
end
HI 83036
-1
end
HI 46598
-1
end
HI 51844
-1
end
HI 72503
-1
end
HI 91662
-1
end
HI 68275
-1
end
HI 12285
-1
end
HI 34267
-1
end
HI 97644
-1
end
HI 84323
-1
end
HI 68989
-1
end
HI 71710
-1
end
HI 35987
-1
end
HI 59068
-1
end
HI 71241
-1
end
HI 12548
-1
end
HI 31082
-1
end
HI 28139
-1
end
HI 73919
-1
end
HI 9117
-1
end
HI 44754
-1
end
HI 13418
-1
end
HI 71663
-1
end
HI 70260
-1
end
HI 59849
-1
end
HI 42476
-1
end
HI 96664
-1
end
HI 70797
-1
end
HI 76315
-1
end
HI 40192
-1
end
HI 61026
-1
end
HI 90195
-1
end
HI 48661
-1
end
HI 96784
-1
end
HI 41192
-1
end
HI 62334
-1
end
HI 89055
-1
end
HI 15630
-1
end
HI 39447
-1
end
HI 55187
-1
end
HI 69968
-1
end
HI 25798
-1
end
HI 75057
-1
end
HI 90834
-1
end
HI 31032
-1
end
HI 49384
-1
end
HI 3328
-1
end
HI 948
-1
end
HI 50886
-1
end
HI 73056
-1
end
HI 92284
-1
end
HI 61230
-1
end
HI 96052
-1
end
HI 35826
-1
end
HI 9560
-1
end
HI 14729
-1
end
HI 92502
-1
end
HI 10856
-1
end
HI 71099
-1
end
HI 49660
-1
end
HI 31261
-1
end
HI 21187
-1
end
HI 72067
-1
end
HI 78483
-1
end
HI 71176
-1
end
HI 93506
-1
end
HI 47603
-1
end
HI 61940
-1
end
HI 83272
-1
end
HI 11320
-1
end
HI 72140
-1
end
HI 7892
-1
end
HI 46487
-1
end
HI 70377
-1
end
HI 46695
-1
end
HI 10972
-1
end
HI 81075
-1
end
HI 33985
-1
end
HI 89592
-1
end
HI 12531
-1
end
HI 34455
-1
end
HI 5122
-1
end
HI 46599
-1
end
HI 51933
-1
end
HI 90400
-1
end
HI 83832
-1
end
HI 87955
-1
end
HI 83644
-1
end
HI 85190
-1
end
HI 64971
-1
end
HI 2693
-1
end
HI 29203
-1
end
HI 33894
-1
end
HI 28799
-1
end
HI 38607
-1
end
HI 78482
-1
end
HI 58749
-1
end
HI 54506
-1
end
HI 98758
-1
end
HI 27244
-1
end
HI 82071
-1
end
HI 54391
-1
end
HI 77587
-1
end
HI 78519
-1
end
HI 84707
-1
end
HI 98076
-1
end
HI 66276
-1
end
HI 11011
-1
end
HI 89235
-1
end
HI 16249
-1
end
HI 26863
-1
end
HI 68142
-1
end
HI 45949
-1
end
HI 74679
-1
end
HI 20222
-1
end
HI 55860
-1
end
HI 32262
-1
end
HI 59717
-1
end
HI 63950
-1
end
HI 63444
-1
end
HI 72325
-1
end
HI 15352
-1
end
HI 59128
-1
end
HI 18262
-1
end
HI 60446
-1
end
HI 25233
-1
end
HI 97505
-1
end
HI 35798
-1
end
HI 49441
-1
end
HI 16795
-1
end
HI 92680
-1
end
HI 99366
-1
end
HI 77345
-1
end
HI 15792
-1
end
HI 77269
-1
end
HI 3877
-1
end
HI 96993
-1
end
HI 46862
-1
end
HI 97269
-1
end
HI 64058
-1
end
HI 45751
-1
end
HI 79356
-1
end
HI 21033
-1
end
HI 10841
-1
end
HI 51265
-1
end
HI 96042
-1
end
HI 22250
-1
end
HI 15810
-1
end
HI 72518
-1
end
HI 27670
-1
end
HI 93405
-1
end
HI 34994
-1
end
HI 23641
-1
end
HI 84956
-1
end
HI 56262
-1
end
HI 92712
-1
end
HI 10763
-1
end
HI 40285
-1
end
HI 85616
-1
end
HI 93947
-1
end
HI 4583
-1
end
HI 41343
-1
end
HI 14687
-1
end
HI 75048
-1
end
HI 73097
-1
end
HI 94701
-1
end
HI 15043
-1
end
HI 54276
-1
end
HI 18656
-1
end
HI 65112
-1
end
HI 82781
-1
end
HI 59270
-1
end
HI 68706
-1
end
HI 51832
-1
end
HI 99169
-1
end
HI 73207
-1
end
HI 91920
-1
end
HI 81622
-1
end
HI 71330
-1
end
HI 27781
-1
end
HI 94177
-1
end
HI 82959
-1
end
HI 39484
-1
end
HI 22208
-1
end
HI 86784
-1
end
HI 97298
-1
end
HI 38141
-1
end
HI 69098
-1
end
HI 96961
-1
end
HI 66489
-1
end
HI 87858
-1
end
HI 71136
-1
end
HI 86478
-1
end
HI 95059
-1
end
HI 91067
-1
end
HI 5259
-1
end
HI 18139
-1
end
HI 21149
-1
end
HI 49946
-1
end
HI 77562
-1
end
HI 90495
-1
end
HI 90959
-1
end
HI 14637
-1
end
HI 88732
-1
end
HI 18250
-1
end
HI 25724
-1
end
HI 46729
-1
end
HI 55968
-1
end
HI 79041
-1
end
HI 61183
-1
end
HI 15305
-1
end
HI 48545
-1
end
HI 46931
-1
end
HI 7199
-1
end
HI 21380
-1
end
HI 7265
-1
end
HI 29893
-1
end
HI 55889
-1
end
HI 2609
-1
end
HI 45983
-1
end
HI 78226
-1
end
HI 40571
-1
end
HI 45775
-1
end
HI 58672
-1
end
HI 5070
-1
end
HI 77406
-1
end
HI 76641
-1
end
HI 65946
-1
end
HI 74468
-1
end
HI 64785
-1
end
HI 45278
-1
end
HI 30661
-1
end
HI 32617
-1
end
HI 42966
-1
end
HI 13280
-1
end
HI 47487
-1
end
HI 2103
-1
end
HI 95923
-1
end
HI 29428
-1
end
HI 13235
-1
end
HI 93275
-1
end
HI 82026
-1
end
HI 2801
-1
end
HI 56857
-1
end
HI 43893
-1
end
HI 47391
-1
end
HI 36133
-1
end
HI 28052
-1
end
HI 64131
-1
end
HI 10785
-1
end
HI 63053
-1
end
HI 66443
-1
end
HI 96989
-1
end
HI 50816
-1
end
HI 58216
-1
end
HI 44753
-1
end
HI 14818
-1
end
HI 44758
-1
end
HI 94478
-1
end
HI 20005
-1
end
HI 15296
-1
end
HI 63957
-1
end
HI 70800
-1
end
HI 4473
-1
end
HI 49453
-1
end
HI 60210
-1
end
HI 54788
-1
end
HI 23018
-1
end
HI 7884
-1
end
HI 2114
-1
end
HI 2052
-1
end
HI 81678
-1
end
HI 62616
-1
end
HI 96009
-1
end
HI 29083
-1
end
HI 91730
-1
end
HI 61877
-1
end
HI 71543
-1
end
HI 81470
-1
end
HI 81214
-1
end
HI 20653
-1
end
HI 75812
-1
end
HI 44198
-1
end
HI 58229
-1
end
HI 7207
-1
end
HI 62373
-1
end
HI 46458
-1
end
HI 4076
-1
end
HI 71160
-1
end
HI 76708
-1
end
HI 2359
-1
end
HI 49266
-1
end
HI 41213
-1
end
HI 41010
-1
end
HI 84426
-1
end
HI 23173
-1
end
HI 79665
-1
end
HI 31451
-1
end
HI 58551
-1
end
HI 71018
-1
end
HI 70596
-1
end
HI 24931
-1
end
HI 69336
-1
end
HI 5337
-1
end
HI 64893
-1
end
HI 60684
-1
end
HI 44972
-1
end
HI 41833
-1
end
HI 61872
-1
end
HI 50773
-1
end
HI 85028
-1
end
HI 2876
-1
end
HI 49187
-1
end
HI 34637
-1
end
HI 78445
-1
end
HI 86677
-1
end
HI 58622
-1
end
HI 57526
-1
end
HI 95043
-1
end
HI 80672
-1
end
HI 43466
-1
end
HI 4139
-1
end
HI 3741
-1
end
HI 50007
-1
end
HI 34327
-1
end
HI 4000
-1
end
HI 64889
-1
end
HI 42466
-1
end
HI 24651
-1
end
HI 20592
-1
end
HI 38872
-1
end
HI 27543
-1
end
HI 92145
-1
end
HI 22990
-1
end
HI 82376
-1
end
HI 22112
-1
end
HI 16596
-1
end
HI 59023
-1
end
HI 33330
-1
end
HI 63140
-1
end
HI 23527
-1
end
HI 79962
-1
end
HI 39690
-1
end
HI 24455
-1
end
HI 44893
-1
end
HI 74862
-1
end
HI 96367
-1
end
HI 6695
-1
end
HI 44748
-1
end
HI 89322
-1
end
HI 99391
-1
end
HI 83527
-1
end
HI 74374
-1
end
HI 36714
-1
end
HI 64209
-1
end
HI 49687
-1
end
HI 79286
-1
end
HI 10163
-1
end
HI 64048
-1
end
HI 76815
-1
end
HI 38936
-1
end
HI 97335
-1
end
HI 3493
-1
end
HI 39262
-1
end
HI 81572
-1
end
HI 27533
-1
end
HI 91772
-1
end
HI 39943
-1
end
HI 19514
-1
end
HI 54664
-1
end
HI 49073
-1
end
HI 46308
-1
end
HI 37364
-1
end
HI 88706
-1
end
HI 51713
-1
end
HI 15732
-1
end
HI 17912
-1
end
HI 1706
-1
end
HI 42929
-1
end
HI 72622
-1
end
HI 18182
-1
end
HI 19065
-1
end
HI 9022
-1
end
HI 57296
-1
end
HI 49601
-1
end
HI 96499
-1
end
HI 22092
-1
end
HI 93000
-1
end
HI 70678
-1
end
HI 70841
-1
end
HI 24667
-1
end
HI 51760
-1
end
HI 52118
-1
end
HI 95455
-1
end
HI 7741
-1
end
HI 10071
-1
end
HI 72724
-1
end
HI 71778
-1
end
HI 43406
-1
end
HI 97893
-1
end
HI 61515
-1
end
HI 61343
-1
end
HI 52019
-1
end
HI 34868
-1
end
HI 16604
-1
end
HI 56123
-1
end
HI 10310
-1
end
HI 24231
-1
end
HI 64625
-1
end
HI 23136
-1
end
HI 38012
-1
end
HI 86729
-1
end
HI 55012
-1
end
HI 31329
-1
end
HI 94060
-1
end
HI 86450
-1
end
HI 76761
-1
end
HI 26376
-1
end
HI 35883
-1
end
HI 14389
-1
end
HI 53777
-1
end
HI 50091
-1
end
HI 81690
-1
end
HI 10291
-1
end
HI 33507
-1
end
HI 16866
-1
end
HI 39277
-1
end
HI 46451
-1
end
HI 3504
-1
end
HI 34535
-1
end
HI 97544
-1
end
HI 78157
-1
end
HI 54379
-1
end
HI 62194
-1
end
HI 67022
-1
end
HI 13673
-1
end
HI 89187
-1
end
HI 18574
-1
end
HI 90623
-1
end
HI 23344
-1
end
HI 26269
-1
end
HI 83414
-1
end
HI 74305
-1
end
HI 4746
-1
end
HI 44997
-1
end
HI 68814
-1
end
HI 70337
-1
end
HI 1196
-1
end
HI 61124
-1
end
HI 37293
-1
end
HI 97820
-1
end
HI 81136
-1
end
HI 94019
-1
end
HI 14712
-1
end
HI 81319
-1
end
HI 27919
-1
end
HI 53200
-1
end
HI 34068
-1
end
HI 59063
-1
end
HI 90274
-1
end
HI 25146
-1
end
HI 45226
-1
end
HI 87207
-1
end
HI 29826
-1
end
HI 4768
-1
end
HI 44515
-1
end
HI 27256
-1
end
HI 46892
-1
end
HI 58720
-1
end
HI 96771
-1
end
HI 6562
-1
end
HI 20477
-1
end
HI 6523
-1
end
HI 77734
-1
end
HI 91471
-1
end
HI 81062
-1
end
HI 10094
-1
end
HI 54048
-1
end
HI 18325
-1
end
HI 23341
-1
end
HI 40814
-1
end
HI 49707
-1
end
HI 73228
-1
end
HI 70266
-1
end
HI 22472
-1
end
HI 89997
-1
end
HI 43707
-1
end
HI 2674
-1
end
HI 79471
-1
end
HI 95666
-1
end
HI 10208
-1
end
HI 92516
-1
end
HI 44500
-1
end
HI 10233
-1
end
HI 80917
-1
end
HI 44463
-1
end
HI 6732
-1
end
HI 2918
-1
end
HI 31844
-1
end
HI 94276
-1
end
HI 13570
-1
end
HI 90496
-1
end
HI 82410
-1
end
HI 58757
-1
end
HI 74432
-1
end
HI 47131
-1
end
HI 77040
-1
end
HI 18734
-1
end
HI 12525
-1
end
HI 61275
-1
end
HI 68065
-1
end
HI 3763
-1
end
HI 8898
-1
end
HI 32235
-1
end
HI 9902
-1
end
HI 15084
-1
end
HI 54891
-1
end
HI 82341
-1
end
HI 2912
-1
end
HI 3875
-1
end
HI 94615
-1
end
HI 98142
-1
end
HI 73269
-1
end
HI 42807
-1
end
HI 68894
-1
end
HI 81261
-1
end
HI 58849
-1
end
HI 71068
-1
end
HI 26140
-1
end
HI 2436
-1
end
HI 43151
-1
end
HI 36905
-1
end
HI 73685
-1
end
HI 53107
-1
end
HI 12871
-1
end
HI 33025
-1
end
HI 72135
-1
end
HI 59018
-1
end
HI 63579
-1
end
HI 10651
-1
end
HI 3397
-1
end
HI 12971
-1
end
HI 40298
-1
end
HI 53311
-1
end
HI 77327
-1
end
HI 56770
-1
end
HI 1415
-1
end
HI 24107
-1
end
HI 26332
-1
end
HI 82788
-1
end
HI 59721
-1
end
HI 37696
-1
end
HI 55807
-1
end
HI 29882
-1
end
HI 27917
-1
end
HI 95946
-1
end
HI 18907
-1
end
HI 71442
-1
end
HI 79699
-1
end
HI 45045
-1
end
HI 96940
-1
end
HI 17536
-1
end
HI 98952
-1
end
HI 34605
-1
end
HI 83122
-1
end
HI 64978
-1
end
HI 5633
-1
end
HI 13101
-1
end
HI 59036
-1
end
HI 45882
-1
end
HI 5019
-1
end
HI 32864
-1
end
HI 28985
-1
end
HI 18805
-1
end
HI 48230
-1
end
HI 14565
-1
end
HI 94925
-1
end
HI 66527
-1
end
HI 83073
-1
end
HI 93277
-1
end
HI 38022
-1
end
HI 82887
-1
end
HI 77496
-1
end
HI 45411
-1
end
HI 84337
-1
end
HI 9822
-1
end
HI 97567
-1
end
HI 74475
-1
end
HI 14852
-1
end
HI 76317
-1
end
HI 44579
-1
end
HI 43250
-1
end
HI 91069
-1
end
HI 46929
-1
end
HI 75310
-1
end
HI 49064
-1
end
HI 98653
-1
end
HI 67194
-1
end
HI 81793
-1
end
HI 16412
-1
end
HI 61751
-1
end
HI 29628
-1
end
HI 25625
-1
end
HI 57436
-1
end
HI 58809
-1
end
HI 40104
-1
end
HI 4878
-1
end
HI 63092
-1
end
HI 79679
-1
end
HI 86613
-1
end
HI 87958
-1
end
HI 85992
-1
end
HI 27643
-1
end
HI 24660
-1
end
HI 48040
-1
end
HI 67524
-1
end
HI 80259
-1
end
HI 90466
-1
end
HI 83502
-1
end
HI 82733
-1
end
HI 18902
-1
end
HI 9651
-1
end
HI 35410
-1
end
HI 7405
-1
end
HI 30850
-1
end
HI 55097
-1
end
HI 69428
-1
end
HI 30871
-1
end
HI 59946
-1
end
HI 67557
-1
end
HI 48386
-1
end
HI 78452
-1
end
HI 98366
-1
end
HI 10472
-1
end
HI 79801
-1
end
HI 81422
-1
end
HI 40948
-1
end
HI 60299
-1
end
HI 86459
-1
end
HI 70613
-1
end
HI 8987
-1
end
HI 49004
-1
end
HI 91947
-1
end
HI 59730
-1
end
HI 60587
-1
end
HI 46586
-1
end
HI 74178
-1
end
HI 10799
-1
end
HI 2841
-1
end
HI 54000
-1
end
HI 64925
-1
end
HI 47993
-1
end
HI 98190
-1
end
HI 71736
-1
end
HI 55829
-1
end
HI 31130
-1
end
HI 83535
-1
end
HI 45886
-1
end
HI 74395
-1
end
HI 64524
-1
end
HI 60194
-1
end
HI 66269
-1
end
HI 55306
-1
end
HI 32610
-1
end
HI 72899
-1
end
HI 5060
-1
end
HI 66030
-1
end
HI 23387
-1
end
HI 28984
-1
end
HI 23771
-1
end
HI 30653
-1
end
HI 10009
-1
end
HI 73354
-1
end
HI 71798
-1
end
HI 83818
-1
end
HI 23867
-1
end
HI 39946
-1
end
HI 64054
-1
end
HI 92795
-1
end
HI 25848
-1
end
HI 16348
-1
end
HI 50983
-1
end
HI 87898
-1
end
HI 29163
-1
end
HI 49701
-1
end
HI 86037
-1
end
HI 30951
-1
end
HI 1326
-1
end
HI 89382
-1
end
HI 12421
-1
end
HI 9937
-1
end
HI 11142
-1
end
HI 74384
-1
end
HI 82287
-1
end
HI 4560
-1
end
HI 78075
-1
end
HI 23703
-1
end
HI 71244
-1
end
HI 95756
-1
end
HI 7340
-1
end
HI 4695
-1
end
HI 31595
-1
end
HI 28371
-1
end
HI 27867
-1
end
HI 5325
-1
end
HI 64650
-1
end
HI 95270
-1
end
HI 28675
-1
end
HI 14537
-1
end
HI 72553
-1
end
HI 91396
-1
end
HI 30546
-1
end
HI 98303
-1
end
HI 69286
-1
end
HI 33638
-1
end
HI 48569
-1
end
HI 82280
-1
end
HI 61223
-1
end
HI 53610
-1
end
HI 2068
-1
end
HI 72823
-1
end
HI 13088
-1
end
HI 19272
-1
end
HI 94597
-1
end
HI 96783
-1
end
HI 17266
-1
end
HI 74104
-1
end
HI 11749
-1
end
HI 66769
-1
end
HI 83223
-1
end
HI 20205
-1
end
HI 27619
-1
end
HI 47558
-1
end
HI 14688
-1
end
HI 90867
-1
end
HI 96451
-1
end
HI 66318
-1
end
HI 63918
-1
end
HI 64654
-1
end
HI 37584
-1
end
HI 48464
-1
end
HI 38887
-1
end
HI 51313
-1
end
HI 78406
-1
end
HI 94646
-1
end
HI 27968
-1
end
HI 84002
-1
end
HI 81380
-1
end
HI 64799
-1
end
HI 82229
-1
end
HI 36246
-1
end
HI 75231
-1
end
HI 33713
-1
end
HI 88319
-1
end
HI 78565
-1
end
HI 94224
-1
end
HI 5068
-1
end
HI 17941
-1
end
HI 26365
-1
end
HI 95058
-1
end
HI 84409
-1
end
HI 75495
-1
end
HI 11062
-1
end
HI 36087
-1
end
HI 32802
-1
end
HI 15454
-1
end
HI 10014
-1
end
HI 29992
-1
end
HI 82182
-1
end
HI 29140
-1
end
HI 98657
-1
end
HI 51327
-1
end
HI 99177
-1
end
HI 91504
-1
end
HI 75677
-1
end
HI 41755
-1
end
HI 36229
-1
end
HI 69552
-1
end
HI 30656
-1
end
HI 25899
-1
end
HI 88242
-1
end
HI 65632
-1
end
HI 52102
-1
end
HI 96618
-1
end
HI 43696
-1
end
HI 11430
-1
end
HI 49907
-1
end
HI 58689
-1
end
HI 49487
-1
end
HI 70754
-1
end
HI 96642
-1
end
HI 90589
-1
end
HI 1540
-1
end
HI 92175
-1
end
HI 80910
-1
end
HI 27394
-1
end
HI 65850
-1
end
HI 5830
-1
end
HI 58191
-1
end
HI 80808
-1
end
HI 53511
-1
end
HI 46700
-1
end
HI 80340
-1
end
HI 91407
-1
end
HI 52817
-1
end
HI 97951
-1
end
HI 49578
-1
end
HI 18045
-1
end
HI 53775
-1
end
HI 43314
-1
end
HI 20798
-1
end
HI 92652
-1
end
HI 8905
-1
end
HI 71677
-1
end
HI 23171
-1
end
HI 21123
-1
end
HI 74525
-1
end
HI 15596
-1
end
HI 20719
-1
end
HI 30216
-1
end
HI 48532
-1
end
HI 53044
-1
end
HI 8594
-1
end
HI 26731
-1
end
HI 39715
-1
end
HI 14171
-1
end
HI 24501
-1
end
HI 43621
-1
end
HI 90273
-1
end
HI 22903
-1
end
HI 65435
-1
end
HI 86816
-1
end
HI 56072
-1
end
HI 34265
-1
end
HI 70598
-1
end
HI 40199
-1
end
HI 82584
-1
end
HI 44113
-1
end
HI 30800
-1
end
HI 38981
-1
end
HI 11593
-1
end
HI 61977
-1
end
HI 95538
-1
end
HI 27082
-1
end
HI 29543
-1
end
HI 34418
-1
end
HI 3079
-1
end
HI 21177
-1
end
HI 47695
-1
end
HI 14558
-1
end
HI 23804
-1
end
HI 35972
-1
end
HI 95896
-1
end
HI 11329
-1
end
HI 22656
-1
end
HI 96216
-1
end
HI 68070
-1
end
HI 69812
-1
end
HI 53496
-1
end
HI 95820
-1
end
HI 39451
-1
end
HI 78127
-1
end
HI 48495
-1
end
HI 12664
-1
end
HI 56534
-1
end
HI 35761
-1
end
HI 36288
-1
end
HI 23347
-1
end
HI 54899
-1
end
HI 65723
-1
end
HI 53704
-1
end
HI 89087
-1
end
HI 69475
-1
end
HI 6177
-1
end
HI 81608
-1
end
HI 79674
-1
end
HI 20620
-1
end
HI 64911
-1
end
HI 89811
-1
end
HI 6060
-1
end
HI 25509
-1
end
HI 19352
-1
end
HI 26360
-1
end
HI 50471
-1
end
HI 78490
-1
end
HI 83418
-1
end
HI 6166
-1
end
HI 90719
-1
end
HI 89001
-1
end
HI 144
-1
end
HI 4054
-1
end
HI 3284
-1
end
HI 24201
-1
end
HI 41360
-1
end
HI 24951
-1
end
HI 97022
-1
end
HI 77446
-1
end
HI 92530
-1
end
HI 59249
-1
end
HI 70897
-1
end
HI 43110
-1
end
HI 96527
-1
end
HI 79403
-1
end
HI 84240
-1
end
HI 9172
-1
end
HI 33446
-1
end
HI 14029
-1
end
HI 93644
-1
end
HI 39370
-1
end
HI 24005
-1
end
HI 33108
-1
end
HI 54478
-1
end
HI 59973
-1
end
HI 32244
-1
end
HI 94213
-1
end
HI 69575
-1
end
HI 13199
-1
end
HI 83132
-1
end
HI 14266
-1
end
HI 31848
-1
end
HI 96834
-1
end
HI 37625
-1
end
HI 16329
-1
end
HI 71262
-1
end
HI 24142
-1
end
HI 60738
-1
end
HI 35835
-1
end
HI 81936
-1
end
HI 80485
-1
end
HI 38266
-1
end
HI 13889
-1
end
HI 63529
-1
end
HI 32304
-1
end
HI 40772
-1
end
HI 61469
-1
end
HI 42414
-1
end
HI 68550
-1
end
HI 43329
-1
end
HI 57616
-1
end
HI 50490
-1
end
HI 10788
-1
end
HI 16300
-1
end
HI 47291
-1
end
HI 39900
-1
end
HI 3334
-1
end
HI 42629
-1
end
HI 82250
-1
end
HI 5686
-1
end
HI 81342
-1
end
HI 27465
-1
end
HI 81164
-1
end
HI 84935
-1
end
HI 75877
-1
end
HI 62568
-1
end
HI 40988
-1
end
HI 61640
-1
end
HI 24529
-1
end
HI 53578
-1
end
HI 39955
-1
end
HI 29254
-1
end
HI 8079
-1
end
HI 71299
-1
end
HI 97288
-1
end
HI 34813
-1
end
HI 57828
-1
end
HI 83199
-1
end
HI 37824
-1
end
HI 12008
-1
end
HI 86501
-1
end
HI 62670
-1
end
HI 33076
-1
end
HI 56069
-1
end
HI 26028
-1
end
HI 19628
-1
end
HI 31701
-1
end
HI 38741
-1
end
HI 6377
-1
end
HI 47008
-1
end
HI 25762
-1
end
HI 50164
-1
end
HI 40413
-1
end
HI 11170
-1
end
HI 97647
-1
end
HI 39317
-1
end
HI 89357
-1
end
HI 49180
-1
end
HI 34875
-1
end
HI 97480
-1
end
HI 87239
-1
end
HI 16801
-1
end
HI 77644
-1
end
HI 33158
-1
end
HI 49688
-1
end
HI 67445
-1
end
HI 2659
-1
end
HI 75467
-1
end
HI 22520
-1
end
HI 40038
-1
end
HI 6105
-1
end
HI 91765
-1
end
HI 70226
-1
end
HI 94282
-1
end
HI 26132
-1
end
HI 95341
-1
end
HI 32259
-1
end
HI 22276
-1
end
HI 65987
-1
end
HI 71100
-1
end
HI 33827
-1
end
HI 45934
-1
end
HI 76053
-1
end
HI 42571
-1
end
HI 20963
-1
end
HI 66773
-1
end
HI 65488
-1
end
HI 50420
-1
end
HI 46827
-1
end
HI 27074
-1
end
HI 45158
-1
end
HI 28558
-1
end
HI 79571
-1
end
HI 61774
-1
end
HI 11499
-1
end
HI 89827
-1
end
HI 78757
-1
end
HI 69101
-1
end
HI 88991
-1
end
HI 75072
-1
end
HI 83227
-1
end
HI 57961
-1
end
HI 61684
-1
end
HI 75205
-1
end
HI 25618
-1
end
HI 29875
-1
end
HI 15304
-1
end
HI 72999
-1
end
HI 96571
-1
end
HI 41319
-1
end
HI 46437
-1
end
HI 29873
-1
end
HI 44282
-1
end
HI 83264
-1
end
HI 92929
-1
end
HI 8340
-1
end
HI 47106
-1
end
HI 90016
-1
end
HI 836
-1
end
HI 21891
-1
end
HI 1515
-1
end
HI 62142
-1
end
HI 33797
-1
end
HI 96292
-1
end
HI 3936
-1
end
HI 20608
-1
end
HI 12998
-1
end
HI 98329
-1
end
HI 35474
-1
end
HI 80907
-1
end
HI 75059
-1
end
HI 12930
-1
end
HI 98772
-1
end
HI 19124
-1
end
HI 24104
-1
end
HI 96557
-1
end
HI 60155
-1
end
HI 48665
-1
end
HI 8524
-1
end
HI 60061
-1
end
HI 89182
-1
end
HI 71083
-1
end
HI 35176
-1
end
HI 13257
-1
end
HI 33679
-1
end
HI 71090
-1
end
HI 91414
-1
end
HI 16303
-1
end
HI 97360
-1
end
HI 13531
-1
end
HI 62794
-1
end
HI 89143
-1
end
HI 11054
-1
end
HI 43259
-1
end
HI 77028
-1
end
HI 14550
-1
end
HI 53035
-1
end
HI 40869
-1
end
HI 3200
-1
end
HI 33269
-1
end
HI 35724
-1
end
HI 83717
-1
end
HI 72955
-1
end
HI 13242
-1
end
HI 81002
-1
end
HI 74758
-1
end
HI 11668
-1
end
HI 15035
-1
end
HI 69912
-1
end
HI 43298
-1
end
HI 95295
-1
end
HI 93549
-1
end
HI 886
-1
end
HI 80597
-1
end
HI 30017
-1
end
HI 57047
-1
end
HI 60094
-1
end
HI 79305
-1
end
HI 53602
-1
end
HI 24256
-1
end
HI 74150
-1
end
HI 28745
-1
end
HI 31470
-1
end
HI 60589
-1
end
HI 29273
-1
end
HI 76828
-1
end
HI 38591
-1
end
HI 10727
-1
end
HI 85303
-1
end
HI 87924
-1
end
HI 98241
-1
end
HI 84525
-1
end
HI 92704
-1
end
HI 44085
-1
end
HI 90278
-1
end
HI 1684
-1
end
HI 76505
-1
end
HI 99362
-1
end
HI 47463
-1
end
HI 43186
-1
end
HI 16667
-1
end
HI 97804
-1
end
HI 63494
-1
end
HI 3913
-1
end
HI 89642
-1
end
HI 7908
-1
end
HI 14408
-1
end
HI 25256
-1
end
HI 51473
-1
end
HI 6524
-1
end
HI 1785
-1
end
HI 50976
-1
end
HI 63033
-1
end
HI 80211
-1
end
HI 19025
-1
end
HI 46037
-1
end
HI 8268
-1
end
HI 47366
-1
end
HI 42708
-1
end
HI 83646
-1
end
HI 34062
-1
end
HI 27617
-1
end
HI 53267
-1
end
HI 41949
-1
end
HI 74893
-1
end
HI 8392
-1
end
HI 67429
-1
end
HI 29377
-1
end
HI 95355
-1
end
HI 36920
-1
end
HI 54766
-1
end
HI 93806
-1
end
HI 49479
-1
end
HI 68399
-1
end
HI 85444
-1
end
HI 93807
-1
end
HI 32481
-1
end
HI 33225
-1
end
HI 92310
-1
end
HI 70506
-1
end
HI 35900
-1
end
HI 35996
-1
end
HI 44413
-1
end
HI 25795
-1
end
HI 30922
-1
end
HI 28479
-1
end
HI 10102
-1
end
HI 87129
-1
end
HI 27998
-1
end
HI 36443
-1
end
HI 68898
-1
end
HI 12940
-1
end
HI 14956
-1
end
HI 58327
-1
end
HI 23303
-1
end
HI 82080
-1
end
HI 3814
-1
end
HI 55538
-1
end
HI 72584
-1
end
HI 3270
-1
end
HI 84564
-1
end
HI 1955
-1
end
HI 73589
-1
end
HI 87010
-1
end
HI 84986
-1
end
HI 71411
-1
end
HI 9309
-1
end
HI 59919
-1
end
HI 41083
-1
end
HI 10055
-1
end
HI 64437
-1
end
HI 14073
-1
end
HI 17447
-1
end
HI 13396
-1
end
HI 62795
-1
end
HI 85646
-1
end
HI 30353
-1
end
HI 77931
-1
end
HI 13849
-1
end
HI 5154
-1
end
HI 65367
-1
end
HI 9731
-1
end
HI 65714
-1
end
HI 71917
-1
end
HI 97098
-1
end
HI 69888
-1
end
HI 51498
-1
end
HI 82436
-1
end
HI 82826
-1
end
HI 44648
-1
end
HI 25881
-1
end
HI 98379
-1
end
HI 89551
-1
end
HI 44428
-1
end
HI 76466
-1
end
HI 23878
-1
end
HI 78627
-1
end
HI 70651
-1
end
HI 21473
-1
end
HI 74026
-1
end
HI 77746
-1
end
HI 66051
-1
end
HI 1965
-1
end
HI 64842
-1
end
HI 72949
-1
end
HI 34255
-1
end
HI 24454
-1
end
HI 65525
-1
end
HI 47929
-1
end
HI 16450
-1
end
HI 90917
-1
end
HI 7146
-1
end
HI 32937
-1
end
HI 78801
-1
end
HI 36214
-1
end
HI 47727
-1
end
HI 26212
-1
end
HI 2973
-1
end
HI 22860
-1
end
HI 57295
-1
end
HI 70004
-1
end
HI 1553
-1
end
HI 2452
-1
end
HI 80934
-1
end
HI 26125
-1
end
HI 31865
-1
end
HI 15491
-1
end
HI 49424
-1
end
HI 38704
-1
end
HI 52330
-1
end
HI 88468
-1
end
HI 4808
-1
end
HI 1619
-1
end
HI 61926
-1
end
HI 20891
-1
end
HI 7710
-1
end
HI 68689
-1
end
HI 10717
-1
end
HI 63073
-1
end
HI 32195
-1
end
HI 75140
-1
end
HI 15488
-1
end
HI 38891
-1
end
HI 12462
-1
end
HI 1827
-1
end
HI 87270
-1
end
HI 8185
-1
end
HI 5290
-1
end
HI 68847
-1
end
HI 10107
-1
end
HI 74170
-1
end
HI 99042
-1
end
HI 8927
-1
end
HI 27980
-1
end
HI 70951
-1
end
HI 79739
-1
end
HI 55073
-1
end
HI 73004
-1
end
HI 64400
-1
end
HI 86780
-1
end
HI 87215
-1
end
HI 83557
-1
end
HI 91683
-1
end
HI 88720
-1
end
HI 33160
-1
end
HI 65756
-1
end
HI 82918
-1
end
HI 32877
-1
end
HI 34736
-1
end
HI 41325
-1
end
HI 34417
-1
end
HI 51858
-1
end
HI 23147
-1
end
HI 91571
-1
end
HI 47202
-1
end
HI 73869
-1
end
HI 62496
-1
end
HI 58342
-1
end
HI 126
-1
end
HI 74181
-1
end
HI 53963
-1
end
HI 13609
-1
end
HI 83406
-1
end
HI 14347
-1
end
HI 90652
-1
end
HI 14732
-1
end
HI 58188
-1
end
HI 23098
-1
end
HI 27762
-1
end
HI 86054
-1
end
HI 51534
-1
end
HI 4420
-1
end
HI 49030
-1
end
HI 70039
-1
end
HI 52954
-1
end
HI 16723
-1
end
HI 33100
-1
end
HI 15605
-1
end
HI 26101
-1
end
HI 32928
-1
end
HI 37410
-1
end
HI 91784
-1
end
HI 51394
-1
end
HI 74547
-1
end
HI 45372
-1
end
HI 79730
-1
end
HI 23049
-1
end
HI 3346
-1
end
HI 98971
-1
end
HI 69260
-1
end
HI 33169
-1
end
HI 69770
-1
end
HI 4142
-1
end
HI 45745
-1
end
HI 89894
-1
end
HI 95235
-1
end
HI 15806
-1
end
HI 87134
-1
end
HI 7880
-1
end
HI 33875
-1
end
HI 89352
-1
end
HI 71268
-1
end
HI 8558
-1
end
HI 60034
-1
end
HI 83410
-1
end
HI 14551
-1
end
HI 13471
-1
end
HI 52075
-1
end
HI 71724
-1
end
HI 39433
-1
end
HI 62488
-1
end
HI 35061
-1
end
HI 10704
-1
end
HI 23881
-1
end
HI 92184
-1
end
HI 49630
-1
end
HI 2107
-1
end
HI 9519
-1
end
HI 41403
-1
end
HI 15013
-1
end
HI 54440
-1
end
HI 18864
-1
end
HI 77750
-1
end
HI 77413
-1
end
HI 28285
-1
end
HI 68214
-1
end
HI 54693
-1
end
HI 7198
-1
end
HI 81521
-1
end
HI 92435
-1
end
HI 65853
-1
end
HI 5312
-1
end
HI 80024
-1
end
HI 91362
-1
end
HI 40188
-1
end
HI 73960
-1
end
HI 35110
-1
end
HI 3940
-1
end
HI 69978
-1
end
HI 82813
-1
end
HI 88077
-1
end
HI 56342
-1
end
HI 74612
-1
end
HI 35646
-1
end
HI 75333
-1
end
HI 66723
-1
end
HI 73726
-1
end
HI 4850
-1
end
HI 6677
-1
end
HI 80012
-1
end
HI 1047
-1
end
HI 59864
-1
end
HI 59838
-1
end
HI 71578
-1
end
HI 89078
-1
end
HI 66533
-1
end
HI 70327
-1
end
HI 68010
-1
end
HI 76742
-1
end
HI 77840
-1
end
HI 96823
-1
end
HI 51108
-1
end
HI 71742
-1
end
HI 85528
-1
end
HI 4535
-1
end
HI 23936
-1
end
HI 17704
-1
end
HI 36776
-1
end
HI 91562
-1
end
HI 86911
-1
end
HI 29087
-1
end
HI 79490
-1
end
HI 77850
-1
end
HI 91242
-1
end
HI 72834
-1
end
HI 21894
-1
end
HI 88139
-1
end
HI 28974
-1
end
HI 67575
-1
end
HI 97391
-1
end
HI 21576
-1
end
HI 18621
-1
end
HI 3359
-1
end
HI 2090
-1
end
HI 70519
-1
end
HI 69545
-1
end
HI 49903
-1
end
HI 18956
-1
end
HI 29365
-1
end
HI 46592
-1
end
HI 89982
-1
end
HI 46485
-1
end
HI 30108
-1
end
HI 10152
-1
end
HI 15414
-1
end
HI 10743
-1
end
HI 18921
-1
end
HI 58486
-1
end
HI 50940
-1
end
HI 47220
-1
end
HI 34027
-1
end
HI 37898
-1
end
HI 20957
-1
end
HI 5705
-1
end
HI 56473
-1
end
HI 92187
-1
end
HI 48293
-1
end
HI 94382
-1
end
HI 18844
-1
end
HI 54712
-1
end
HI 10018
-1
end
HI 148
-1
end
HI 18840
-1
end
HI 21962
-1
end
HI 51050
-1
end
HI 78151
-1
end
HI 64599
-1
end
HI 20855
-1
end
HI 55216
-1
end
HI 78706
-1
end
HI 25139
-1
end
HI 51240
-1
end
HI 99229
-1
end
HI 25685
-1
end
HI 55325
-1
end
HI 37137
-1
end
HI 14616
-1
end
HI 46028
-1
end
HI 32276
-1
end
HI 12174
-1
end
HI 52700
-1
end
HI 73267
-1
end
HI 80878
-1
end
HI 75023
-1
end
HI 77195
-1
end
HI 67076
-1
end
HI 41346
-1
end
HI 99183
-1
end
HI 34979
-1
end
HI 30829
-1
end
HI 19679
-1
end
HI 1434
-1
end
HI 87238
-1
end
HI 93257
-1
end
HI 99252
-1
end
HI 68423
-1
end
HI 59242
-1
end
HI 69134
-1
end
HI 43286
-1
end
HI 26552
-1
end
HI 1523
-1
end
HI 85671
-1
end
HI 16097
-1
end
HI 38543
-1
end
HI 81242
-1
end
HI 37166
-1
end
HI 50215
-1
end
HI 61244
-1
end
HI 48946
-1
end
HI 10159
-1
end
HI 91451
-1
end
HI 9167
-1
end
HI 1892
-1
end
HI 5158
-1
end
HI 51118
-1
end
HI 62956
-1
end
HI 961
-1
end
HI 99618
-1
end
HI 58750
-1
end
HI 17127
-1
end
HI 66084
-1
end
HI 16379
-1
end
HI 20122
-1
end
HI 37752
-1
end
HI 42434
-1
end
HI 83713
-1
end
HI 66220
-1
end
HI 96371
-1
end
HI 12962
-1
end
HI 85737
-1
end
HI 5637
-1
end
HI 37653
-1
end
HI 58790
-1
end
HI 50156
-1
end
HI 35664
-1
end
HI 34625
-1
end
HI 15590
-1
end
HI 93777
-1
end
HI 82264
-1
end
HI 70130
-1
end
HI 82399
-1
end
HI 61584
-1
end
HI 9486
-1
end
HI 25580
-1
end
HI 97805
-1
end
HI 25359
-1
end
HI 91196
-1
end
HI 41855
-1
end
HI 68282
-1
end
HI 91252
-1
end
HI 97011
-1
end
HI 55831
-1
end
HI 11111
-1
end
HI 1792
-1
end
HI 42934
-1
end
HI 73183
-1
end
HI 89017
-1
end
HI 23019
-1
end
HI 60850
-1
end
HI 44841
-1
end
HI 41778
-1
end
HI 81907
-1
end
HI 7677
-1
end
HI 78983
-1
end
HI 5357
-1
end
HI 65889
-1
end
HI 60753
-1
end
HI 21278
-1
end
HI 24476
-1
end
HI 34132
-1
end
HI 84808
-1
end
HI 76871
-1
end
HI 11710
-1
end
HI 97546
-1
end
HI 37695
-1
end
HI 7373
-1
end
HI 94279
-1
end
HI 7369
-1
end
HI 97670
-1
end
HI 50616
-1
end
HI 14345
-1
end
HI 59369
-1
end
HI 8467
-1
end
HI 43727
-1
end
HI 98645
-1
end
HI 58165
-1
end
HI 99420
-1
end
HI 13433
-1
end
HI 4512
-1
end
HI 8242
-1
end
HI 5482
-1
end
HI 68037
-1
end
HI 39468
-1
end
HI 89955
-1
end
HI 31918
-1
end
HI 54025
-1
end
HI 99826
-1
end
HI 84824
-1
end
HI 65696
-1
end
HI 23971
-1
end
HI 42242
-1
end
HI 15407
-1
end
HI 8360
-1
end
HI 54321
-1
end
HI 57014
-1
end
HI 64245
-1
end
HI 89168
-1
end
HI 19911
-1
end
HI 53026
-1
end
HI 42197
-1
end
HI 22366
-1
end
HI 31577
-1
end
HI 52487
-1
end
HI 52555
-1
end
HI 45892
-1
end
HI 13831
-1
end
HI 67897
-1
end
HI 94689
-1
end
HI 86978
-1
end
HI 4098
-1
end
HI 27324
-1
end
HI 49016
-1
end
HI 52518
-1
end
HI 73093
-1
end
HI 59748
-1
end
HI 81735
-1
end
HI 38477
-1
end
HI 79213
-1
end
HI 20671
-1
end
HI 15914
-1
end
HI 21197
-1
end
HI 21444
-1
end
HI 26688
-1
end
HI 23170
-1
end
HI 38604
-1
end
HI 23545
-1
end
HI 47120
-1
end
HI 74920
-1
end
HI 78943
-1
end
HI 52861
-1
end
HI 67332
-1
end
HI 63535
-1
end
HI 37004
-1
end
HI 32624
-1
end
HI 7389
-1
end
HI 91658
-1
end
HI 43315
-1
end
HI 75790
-1
end
HI 32985
-1
end
HI 49325
-1
end
HI 79484
-1
end
HI 17034
-1
end
HI 13936
-1
end
HI 81212
-1
end
HI 29809
-1
end
HI 31156
-1
end
HI 59526
-1
end
HI 93790
-1
end
HI 59232
-1
end
HI 53515
-1
end
HI 47801
-1
end
HI 2449
-1
end
HI 10058
-1
end
HI 25217
-1
end
HI 7539
-1
end
HI 12947
-1
end
HI 93869
-1
end
HI 20660
-1
end
HI 50032
-1
end
HI 11010
-1
end
HI 7028
-1
end
HI 36994
-1
end
HI 12964
-1
end
HI 10721
-1
end
HI 35309
-1
end
HI 29775
-1
end
HI 53454
-1
end
HI 37295
-1
end
HI 32738
-1
end
HI 24334
-1
end
HI 54496
-1
end
HI 1822
-1
end
HI 81671
-1
end
HI 1858
-1
end
HI 83258
-1
end
HI 82345
-1
end
HI 67734
-1
end
HI 93486
-1
end
HI 36391
-1
end
HI 16933
-1
end
HI 69536
-1
end
HI 87392
-1
end
HI 82267
-1
end
HI 88776
-1
end
HI 50486
-1
end
HI 60984
-1
end
HI 34898
-1
end
HI 24915
-1
end
HI 47564
-1
end
HI 75702
-1
end
HI 85081
-1
end
HI 12429
-1
end
HI 50047
-1
end
HI 13293
-1
end
HI 17103
-1
end
HI 21071
-1
end
HI 66257
-1
end
HI 46645
-1
end
HI 74139
-1
end
HI 45089
-1
end
HI 62008
-1
end
HI 26646
-1
end
HI 55565
-1
end
HI 93222
-1
end
HI 87136
-1
end
HI 88570
-1
end
HI 13658
-1
end
HI 23285
-1
end
HI 40258
-1
end
HI 6427
-1
end
HI 6799
-1
end
HI 41014
-1
end
HI 44228
-1
end
HI 59132
-1
end
HI 99960
-1
end
HI 2455
-1
end
HI 69905
-1
end
HI 31066
-1
end
HI 53265
-1
end
HI 86683
-1
end
HI 41333
-1
end
HI 74845
-1
end
HI 65153
-1
end
HI 94397
-1
end
HI 47941
-1
end
HI 15343
-1
end
HI 42800
-1
end
HI 34280
-1
end
HI 27071
-1
end
HI 68647
-1
end
HI 32752
-1
end
HI 28679
-1
end
HI 98991
-1
end
HI 26791
-1
end
HI 17742
-1
end
HI 74823
-1
end
HI 77836
-1
end
HI 70648
-1
end
HI 4685
-1
end
HI 88955
-1
end
HI 92586
-1
end
HI 34328
-1
end
HI 47328
-1
end
HI 98332
-1
end
HI 57697
-1
end
HI 85347
-1
end
HI 20264
-1
end
HI 27885
-1
end
HI 67129
-1
end
HI 21828
-1
end
HI 51926
-1
end
HI 8158
-1
end
HI 20888
-1
end
HI 59983
-1
end
HI 26059
-1
end
HI 64896
-1
end
HI 72089
-1
end
HI 45747
-1
end
HI 94657
-1
end
HI 53474
-1
end
HI 9735
-1
end
HI 1872
-1
end
HI 4533
-1
end
HI 53911
-1
end
HI 95684
-1
end
HI 49729
-1
end
HI 94471
-1
end
HI 36810
-1
end
HI 62718
-1
end
HI 6922
-1
end
HI 87610
-1
end
HI 67130
-1
end
HI 91180
-1
end
HI 59058
-1
end
HI 53766
-1
end
HI 46247
-1
end
HI 88335
-1
end
HI 71123
-1
end
HI 91870
-1
end
HI 93763
-1
end
HI 38589
-1
end
HI 60203
-1
end
HI 72856
-1
end
HI 91868
-1
end
HI 66857
-1
end
HI 7404
-1
end
HI 3702
-1
end
HI 37659
-1
end
HI 3919
-1
end
HI 43278
-1
end
HI 23956
-1
end
HI 90305
-1
end
HI 57299
-1
end
HI 8018
-1
end
HI 39859
-1
end
HI 89329
-1
end
HI 38748
-1
end
HI 69641
-1
end
HI 20536
-1
end
HI 71420
-1
end
HI 14383
-1
end
HI 32820
-1
end
HI 45517
-1
end
HI 89162
-1
end
HI 85082
-1
end
HI 57674
-1
end
HI 93525
-1
end
HI 3181
-1
end
HI 60911
-1
end
HI 73871
-1
end
HI 97063
-1
end
HI 9922
-1
end
HI 6310
-1
end
HI 72050
-1
end
HI 70382
-1
end
HI 31748
-1
end
HI 84957
-1
end
HI 97296
-1
end
HI 23640
-1
end
HI 42572
-1
end
HI 45594
-1
end
HI 90415
-1
end
HI 3118
-1
end
HI 74377
-1
end
HI 83594
-1
end
HI 47499
-1
end
HI 7462
-1
end
HI 5527
-1
end
HI 33807
-1
end
HI 3710
-1
end
HI 51163
-1
end
HI 38037
-1
end
HI 53747
-1
end
HI 26707
-1
end
HI 18191
-1
end
HI 60013
-1
end
HI 40006
-1
end
HI 75664
-1
end
HI 43172
-1
end
HI 88647
-1
end
HI 92256
-1
end
HI 3889
-1
end
HI 4716
-1
end
HI 80098
-1
end
HI 74633
-1
end
HI 22819
-1
end
HI 71538
-1
end
HI 35926
-1
end
HI 55055
-1
end
HI 78784
-1
end
HI 93673
-1
end
HI 6509
-1
end
HI 94841
-1
end
HI 70023
-1
end
HI 93388
-1
end
HI 40945
-1
end
HI 85223
-1
end
HI 9119
-1
end
HI 45697
-1
end
HI 47052
-1
end
HI 23870
-1
end
HI 8258
-1
end
HI 66249
-1
end
HI 75879
-1
end
HI 81920
-1
end
HI 45600
-1
end
HI 19587
-1
end
HI 26663
-1
end
HI 68712
-1
end
HI 34619
-1
end
HI 12809
-1
end
HI 90855
-1
end
HI 83512
-1
end
HI 48426
-1
end
HI 53906
-1
end
HI 15102
-1
end
HI 8823
-1
end
HI 55508
-1
end
HI 49647
-1
end
HI 81493
-1
end
HI 52175
-1
end
HI 83515
-1
end
HI 17442
-1
end
HI 20183
-1
end
HI 12467
-1
end
HI 13179
-1
end
HI 46666
-1
end
HI 46825
-1
end
HI 46131
-1
end
HI 33140
-1
end
HI 79967
-1
end
HI 83801
-1
end
HI 73611
-1
end
HI 10507
-1
end
HI 92959
-1
end
HI 2085
-1
end
HI 93452
-1
end
HI 36305
-1
end
HI 86047
-1
end
HI 47319
-1
end
HI 70836
-1
end
HI 20809
-1
end
HI 87778
-1
end
HI 63690
-1
end
HI 12088
-1
end
HI 97112
-1
end
HI 72191
-1
end
HI 6067
-1
end
HI 76575
-1
end
HI 87953
-1
end
HI 69986
-1
end
HI 29891
-1
end
HI 54826
-1
end
HI 42003
-1
end
HI 75429
-1
end
HI 85010
-1
end
HI 53520
-1
end
HI 52740
-1
end
HI 97334
-1
end
HI 42813
-1
end
HI 72594
-1
end
HI 29005
-1
end
HI 32983
-1
end
HI 88521
-1
end
HI 74621
-1
end
HI 28150
-1
end
HI 88574
-1
end
HI 3639
-1
end
HI 74881
-1
end
HI 46311
-1
end
HI 50830
-1
end
HI 65861
-1
end
HI 15368
-1
end
HI 36328
-1
end
HI 7421
-1
end
HI 72689
-1
end
HI 8603
-1
end
HI 9980
-1
end
HI 19765
-1
end
HI 67597
-1
end
HI 57662
-1
end
HI 19044
-1
end
HI 6464
-1
end
HI 97869
-1
end
HI 98478
-1
end
HI 18833
-1
end
HI 85526
-1
end
HI 77290
-1
end
HI 8199
-1
end
HI 29095
-1
end
HI 22804
-1
end
HI 15969
-1
end
HI 61406
-1
end
HI 21174
-1
end
HI 26669
-1
end
HI 90256
-1
end
HI 50306
-1
end
HI 2062
-1
end
HI 97643
-1
end
HI 63769
-1
end
HI 55481
-1
end
HI 63642
-1
end
HI 63049
-1
end
HI 60283
-1
end
HI 80846
-1
end
HI 52088
-1
end
HI 79408
-1
end
HI 50880
-1
end
HI 73617
-1
end
HI 42079
-1
end
HI 91326
-1
end
HI 9379
-1
end
HI 69508
-1
end
HI 52273
-1
end
HI 31112
-1
end
HI 82899
-1
end
HI 28706
-1
end
HI 14799
-1
end
HI 59676
-1
end
HI 85160
-1
end
HI 12692
-1
end
HI 10448
-1
end
HI 7160
-1
end
HI 65449
-1
end
HI 47943
-1
end
HI 77904
-1
end
HI 65899
-1
end
HI 83366
-1
end
HI 44172
-1
end
HI 82253
-1
end
HI 54742
-1
end
HI 97465
-1
end
HI 63626
-1
end
HI 9603
-1
end
HI 2909
-1
end
HI 15240
-1
end
HI 68178
-1
end
HI 47546
-1
end
HI 53341
-1
end
HI 52210
-1
end
HI 77796
-1
end
HI 10751
-1
end
HI 86337
-1
end
HI 55567
-1
end
HI 73986
-1
end
HI 34894
-1
end
HI 7975
-1
end
HI 82863
-1
end
HI 60643
-1
end
HI 14681
-1
end
HI 39132
-1
end
HI 54878
-1
end
HI 62585
-1
end
HI 88663
-1
end
HI 13020
-1
end
HI 19981
-1
end
HI 9229
-1
end
HI 14082
-1
end
HI 36552
-1
end
HI 70886
-1
end
HI 41639
-1
end
HI 38341
-1
end
HI 77145
-1
end
HI 84269
-1
end
HI 61454
-1
end
HI 64246
-1
end
HI 42449
-1
end
HI 90997
-1
end
HI 21917
-1
end
HI 38222
-1
end
HI 64323
-1
end
HI 35897
-1
end
HI 93513
-1
end
HI 967
-1
end
HI 58583
-1
end
HI 60823
-1
end
HI 26191
-1
end
HI 75377
-1
end
HI 58109
-1
end
HI 19152
-1
end
HI 94502
-1
end
HI 59084
-1
end
HI 38994
-1
end
HI 43007
-1
end
HI 43580
-1
end
HI 70062
-1
end
HI 31947
-1
end
HI 28007
-1
end
HI 46152
-1
end
HI 30293
-1
end
HI 57869
-1
end
HI 3772
-1
end
HI 26291
-1
end
HI 98004
-1
end
HI 2823
-1
end
HI 18969
-1
end
HI 28343
-1
end
HI 12728
-1
end
HI 73223
-1
end
HI 34643
-1
end
HI 45409
-1
end
HI 31063
-1
end
HI 3309
-1
end
HI 51703
-1
end
HI 58868
-1
end
HI 60864
-1
end
HI 44959
-1
end
HI 69746
-1
end
HI 66920
-1
end
HI 94938
-1
end
HI 37224
-1
end
HI 60760
-1
end
HI 74061
-1
end
HI 51273
-1
end
HI 68678
-1
end
HI 9375
-1
end
HI 78120
-1
end
HI 47443
-1
end
HI 23697
-1
end
HI 25450
-1
end
HI 83099
-1
end
HI 44871
-1
end
HI 88266
-1
end
HI 38067
-1
end
HI 20156
-1
end
HI 50452
-1
end
HI 96110
-1
end
HI 23113
-1
end
HI 81693
-1
end
HI 95431
-1
end
HI 47192
-1
end
HI 85772
-1
end
HI 65983
-1
end
HI 66259
-1
end
HI 61804
-1
end
HI 84386
-1
end
HI 4884
-1
end
HI 70282
-1
end
HI 24592
-1
end
HI 90615
-1
end
HI 74018
-1
end
HI 71780
-1
end
HI 21732
-1
end
HI 28037
-1
end
HI 81055
-1
end
HI 48732
-1
end
HI 38579
-1
end
HI 73756
-1
end
HI 16627
-1
end
HI 314
-1
end
HI 18298
-1
end
HI 19850
-1
end
HI 84780
-1
end
HI 97494
-1
end
HI 46863
-1
end
HI 7689
-1
end
HI 56921
-1
end
HI 18264
-1
end
HI 98150
-1
end
HI 8528
-1
end
HI 60265
-1
end
HI 1193
-1
end
HI 72130
-1
end
HI 81083
-1
end
HI 54797
-1
end
HI 95142
-1
end
HI 93062
-1
end
HI 96604
-1
end
HI 15371
-1
end
HI 63067
-1
end
HI 27036
-1
end
HI 53592
-1
end
HI 93272
-1
end
HI 45374
-1
end
HI 42967
-1
end
HI 93596
-1
end
HI 69688
-1
end
HI 90654
-1
end
HI 38180
-1
end
HI 57792
-1
end
HI 83785
-1
end
HI 73334
-1
end
HI 31610
-1
end
HI 11866
-1
end
HI 14797
-1
end
HI 68316
-1
end
HI 78827
-1
end
HI 91192
-1
end
HI 69137
-1
end
HI 72438
-1
end
HI 53117
-1
end
HI 51597
-1
end
HI 88394
-1
end
HI 46855
-1
end
HI 3432
-1
end
HI 27446
-1
end
HI 77616
-1
end
HI 25865
-1
end
HI 7921
-1
end
HI 89594
-1
end
HI 16828
-1
end
HI 54132
-1
end
HI 85575
-1
end
HI 32167
-1
end
HI 89740
-1
end
HI 23622
-1
end
HI 17210
-1
end
HI 64207
-1
end
HI 8615
-1
end
HI 81499
-1
end
HI 1058
-1
end
HI 80277
-1
end
HI 30356
-1
end
HI 23577
-1
end
HI 29798
-1
end
HI 93561
-1
end
HI 93359
-1
end
HI 11145
-1
end
HI 41168
-1
end
HI 23518
-1
end
HI 13482
-1
end
HI 90657
-1
end
HI 13082
-1
end
HI 31492
-1
end
HI 75882
-1
end
HI 9442
-1
end
HI 51478
-1
end
HI 18679
-1
end
HI 44499
-1
end
HI 34306
-1
end
HI 75033
-1
end
HI 10613
-1
end
HI 35543
-1
end
HI 25709
-1
end
HI 32581
-1
end
HI 66339
-1
end
HI 30088
-1
end
HI 27079
-1
end
HI 50381
-1
end
HI 34819
-1
end
HI 68792
-1
end
HI 62400
-1
end
HI 21809
-1
end
HI 6235
-1
end
HI 9722
-1
end
HI 8091
-1
end
HI 50734
-1
end
HI 14361
-1
end
HI 34779
-1
end
HI 51018
-1
end
HI 1041
-1
end
HI 70291
-1
end
HI 65017
-1
end
HI 67458
-1
end
HI 48397
-1
end
HI 77945
-1
end
HI 83606
-1
end
HI 18306
-1
end
HI 89204
-1
end
HI 77375
-1
end
HI 97440
-1
end
HI 59110
-1
end
HI 24114
-1
end
HI 97451
-1
end
HI 45994
-1
end
HI 74964
-1
end
HI 73137
-1
end
HI 72347
-1
end
HI 68265
-1
end
HI 84132
-1
end
HI 52788
-1
end
HI 94147
-1
end
HI 64930
-1
end
HI 92576
-1
end
HI 23773
-1
end
HI 52381
-1
end
HI 21394
-1
end
HI 83597
-1
end
HI 30235
-1
end
HI 33127
-1
end
HI 7274
-1
end
HI 83563
-1
end
HI 3427
-1
end
HI 21294
-1
end
HI 4700
-1
end
HI 18326
-1
end
HI 31709
-1
end
HI 69786
-1
end
HI 26407
-1
end
HI 96700
-1
end
HI 79120
-1
end
HI 78255
-1
end
HI 92229
-1
end
HI 78473
-1
end
HI 30197
-1
end
HI 21429
-1
end
HI 91726
-1
end
HI 34930
-1
end
HI 79806
-1
end
HI 53851
-1
end
HI 28427
-1
end
HI 84693
-1
end
HI 44897
-1
end
HI 10118
-1
end
HI 91221
-1
end
HI 16863
-1
end
HI 70338
-1
end
HI 56883
-1
end
HI 99047
-1
end
HI 92306
-1
end
HI 69816
-1
end
HI 64600
-1
end
HI 25860
-1
end
HI 81836
-1
end
HI 84133
-1
end
HI 61204
-1
end
HI 90718
-1
end
HI 56144
-1
end
HI 36818
-1
end
HI 87590
-1
end
HI 55063
-1
end
HI 2267
-1
end
HI 7070
-1
end
HI 32229
-1
end
HI 8317
-1
end
HI 28176
-1
end
HI 28828
-1
end
HI 98023
-1
end
HI 5092
-1
end
HI 44533
-1
end
HI 16616
-1
end
HI 27579
-1
end
HI 60365
-1
end
HI 58440
-1
end
HI 8587
-1
end
HI 30349
-1
end
HI 76945
-1
end
HI 94981
-1
end
HI 77928
-1
end
HI 90026
-1
end
HI 43037
-1
end
HI 6100
-1
end
HI 19315
-1
end
HI 17859
-1
end
HI 56442
-1
end
HI 70316
-1
end
HI 29039
-1
end
HI 6543
-1
end
HI 5744
-1
end
HI 92255
-1
end
HI 93554
-1
end
HI 47734
-1
end
HI 62352
-1
end
HI 91117
-1
end
HI 91781
-1
end
HI 48156
-1
end
HI 28035
-1
end
HI 98904
-1
end
HI 24624
-1
end
HI 85110
-1
end
HI 28902
-1
end
HI 18302
-1
end
HI 27296
-1
end
HI 24783
-1
end
HI 89819
-1
end
HI 89037
-1
end
HI 30787
-1
end
HI 28852
-1
end
HI 83299
-1
end
HI 28671
-1
end
HI 25749
-1
end
HI 24579
-1
end
HI 96651
-1
end
HI 97751
-1
end
HI 51824
-1
end
HI 64391
-1
end
HI 79590
-1
end
HI 62053
-1
end
HI 22294
-1
end
HI 3447
-1
end
HI 81715
-1
end
HI 33749
-1
end
HI 31905
-1
end
HI 64085
-1
end
HI 7598
-1
end
HI 76436
-1
end
HI 13041
-1
end
HI 59144
-1
end
HI 9729
-1
end
HI 5748
-1
end
HI 56048
-1
end
HI 21202
-1
end
HI 72153
-1
end
HI 82893
-1
end
HI 54727
-1
end
HI 92676
-1
end
HI 27653
-1
end
HI 32269
-1
end
HI 81237
-1
end
HI 3350
-1
end
HI 41099
-1
end
HI 94353
-1
end
HI 38133
-1
end
HI 12825
-1
end
HI 45302
-1
end
HI 63009
-1
end
HI 70114
-1
end
HI 63954
-1
end
HI 8436
-1
end
HI 10748
-1
end
HI 78459
-1
end
HI 73553
-1
end
HI 13728
-1
end
HI 11153
-1
end
HI 49257
-1
end
HI 63502
-1
end
HI 58843
-1
end
HI 36756
-1
end
HI 70512
-1
end
HI 92411
-1
end
HI 84391
-1
end
HI 87752
-1
end
HI 99539
-1
end
HI 85996
-1
end
HI 47986
-1
end
HI 8041
-1
end
HI 85650
-1
end
HI 79342
-1
end
HI 43077
-1
end
HI 54529
-1
end
HI 27176
-1
end
HI 33423
-1
end
HI 49375
-1
end
HI 20378
-1
end
HI 50540
-1
end
HI 88656
-1
end
HI 2667
-1
end
HI 15905
-1
end
HI 91373
-1
end
HI 73335
-1
end
HI 77166
-1
end
HI 4398
-1
end
HI 62166
-1
end
HI 87474
-1
end
HI 16208
-1
end
HI 59603
-1
end
HI 18229
-1
end
HI 68418
-1
end
HI 94384
-1
end
HI 7018
-1
end
HI 389
-1
end
HI 11471
-1
end
HI 32725
-1
end
HI 66185
-1
end
HI 45041
-1
end
HI 44548
-1
end
HI 5937
-1
end
HI 11800
-1
end
HI 49300
-1
end
HI 57184
-1
end
HI 55420
-1
end
HI 5911
-1
end
HI 23487
-1
end
HI 60243
-1
end
HI 85301
-1
end
HI 92111
-1
end
HI 89015
-1
end
HI 2699
-1
end
HI 31187
-1
end
HI 62658
-1
end
HI 30343
-1
end
HI 63806
-1
end
HI 23450
-1
end
HI 3614
-1
end
HI 35145
-1
end
HI 76533
-1
end
HI 50160
-1
end
HI 10549
-1
end
HI 48999
-1
end
HI 66798
-1
end
HI 43808
-1
end
HI 4597
-1
end
HI 31270
-1
end
HI 75591
-1
end
HI 3819
-1
end
HI 78641
-1
end
HI 90598
-1
end
HI 9550
-1
end
HI 63190
-1
end
HI 52875
-1
end
HI 98149
-1
end
HI 10834
-1
end
HI 82429
-1
end
HI 25072
-1
end
HI 78511
-1
end
HI 34241
-1
end
HI 36190
-1
end
HI 36175
-1
end
HI 72072
-1
end
HI 85048
-1
end
HI 32364
-1
end
HI 972
-1
end
HI 632
-1
end
HI 6939
-1
end
HI 73515
-1
end
HI 26666
-1
end
HI 17910
-1
end
HI 83012
-1
end
HI 13847
-1
end
HI 48298
-1
end
HI 3047
-1
end
HI 87687
-1
end
HI 7859
-1
end
HI 48833
-1
end
HI 85919
-1
end
HI 61265
-1
end
HI 90555
-1
end
HI 83842
-1
end
HI 9105
-1
end
HI 44096
-1
end
HI 58801
-1
end
HI 96233
-1
end
HI 29364
-1
end
HI 45000
-1
end
HI 20258
-1
end
HI 25426
-1
end
HI 7011
-1
end
HI 86381
-1
end
HI 22846
-1
end
HI 65464
-1
end
HI 69303
-1
end
HI 38304
-1
end
HI 59647
-1
end
HI 5803
-1
end
HI 30999
-1
end
HI 10188
-1
end
HI 97969
-1
end
HI 16266
-1
end
HI 62201
-1
end
HI 25878
-1
end
HI 42447
-1
end
HI 55412
-1
end
HI 71770
-1
end
HI 91536
-1
end
HI 75647
-1
end
HI 22022
-1
end
HI 86156
-1
end
HI 32973
-1
end
HI 14003
-1
end
HI 22315
-1
end
HI 43823
-1
end
HI 60704
-1
end
HI 75435
-1
end
HI 33840
-1
end
HI 84214
-1
end
HI 18328
-1
end
HI 11391
-1
end
HI 60212
-1
end
HI 10483
-1
end
HI 6270
-1
end
HI 86018
-1
end
HI 39012
-1
end
HI 11993
-1
end
HI 40477
-1
end
HI 55001
-1
end
HI 20180
-1
end
HI 64315
-1
end
HI 76357
-1
end
HI 44161
-1
end
HI 11055
-1
end
HI 21238
-1
end
HI 41746
-1
end
HI 37057
-1
end
HI 76371
-1
end
HI 25457
-1
end
HI 74077
-1
end
HI 17047
-1
end
HI 32086
-1
end
HI 38879
-1
end
HI 69895
-1
end
HI 15089
-1
end
HI 2612
-1
end
HI 41806
-1
end
HI 72885
-1
end
HI 98301
-1
end
HI 76020
-1
end
HI 29778
-1
end
HI 47236
-1
end
HI 15356
-1
end
HI 8718
-1
end
HI 44191
-1
end
HI 35985
-1
end
HI 76823
-1
end
HI 88829
-1
end
HI 86534
-1
end
HI 86876
-1
end
HI 81174
-1
end
HI 28870
-1
end
HI 84463
-1
end
HI 53797
-1
end
HI 75818
-1
end
HI 88163
-1
end
HI 24122
-1
end
HI 79302
-1
end
HI 53393
-1
end
HI 46762
-1
end
HI 59040
-1
end
HI 83577
-1
end
HI 34245
-1
end
HI 52005
-1
end
HI 93813
-1
end
HI 77437
-1
end
HI 54944
-1
end
HI 47785
-1
end
HI 9070
-1
end
HI 74032
-1
end
HI 69448
-1
end
HI 76343
-1
end
HI 88227
-1
end
HI 79095
-1
end
HI 94184
-1
end
HI 75433
-1
end
HI 64399
-1
end
HI 94747
-1
end
HI 43921
-1
end
HI 8926
-1
end
HI 45750
-1
end
HI 73426
-1
end
HI 35149
-1
end
HI 84261
-1
end
HI 10956
-1
end
HI 50012
-1
end
HI 77888
-1
end
HI 8726
-1
end
HI 4403
-1
end
HI 95806
-1
end
HI 78902
-1
end
HI 87286
-1
end
HI 51390
-1
end
HI 52525
-1
end
HI 52938
-1
end
HI 98304
-1
end
HI 45844
-1
end
HI 94976
-1
end
HI 1659
-1
end
HI 23716
-1
end
HI 79700
-1
end
HI 68891
-1
end
HI 87801
-1
end
HI 2625
-1
end
HI 15874
-1
end
HI 84222
-1
end
HI 33768
-1
end
HI 30694
-1
end
HI 48803
-1
end
HI 71634
-1
end
HI 14134
-1
end
HI 47948
-1
end
HI 86065
-1
end
HI 81229
-1
end
HI 76927
-1
end
HI 74090
-1
end
HI 21826
-1
end
HI 27859
-1
end
HI 36699
-1
end
HI 18287
-1
end
HI 43780
-1
end
HI 6143
-1
end
HI 77658
-1
end
HI 77866
-1
end
HI 82561
-1
end
HI 79337
-1
end
HI 42833
-1
end
HI 45276
-1
end
HI 37881
-1
end
HI 79664
-1
end
HI 44712
-1
end
HI 30069
-1
end
HI 29013
-1
end
HI 82048
-1
end
HI 52898
-1
end
HI 52998
-1
end
HI 19345
-1
end
HI 5870
-1
end
HI 87332
-1
end
HI 96211
-1
end
HI 55370
-1
end
HI 55877
-1
end
HI 3425
-1
end
HI 93837
-1
end
HI 51563
-1
end
HI 22
-1
end
HI 11429
-1
end
HI 34345
-1
end
HI 79237
-1
end
HI 46304
-1
end
HI 27955
-1
end
HI 96899
-1
end
HI 76954
-1
end
HI 93748
-1
end
HI 3519
-1
end
HI 17684
-1
end
HI 30519
-1
end
HI 3184
-1
end
HI 32686
-1
end
HI 80054
-1
end
HI 78910
-1
end
HI 94514
-1
end
HI 62043
-1
end
HI 23433
-1
end
HI 47897
-1
end
HI 18578
-1
end
HI 51631
-1
end
HI 64484
-1
end
HI 20277
-1
end
HI 55698
-1
end
HI 92286
-1
end
HI 15132
-1
end
HI 87276
-1
end
HI 88168
-1
end
HI 90145
-1
end
HI 59619
-1
end
HI 26608
-1
end
HI 60943
-1
end
HI 16847
-1
end
HI 93353
-1
end
HI 74337
-1
end
HI 62219
-1
end
HI 45599
-1
end
HI 22664
-1
end
HI 45258
-1
end
HI 5780
-1
end
HI 36265
-1
end
HI 33097
-1
end
HI 31667
-1
end
HI 26989
-1
end
HI 76411
-1
end
HI 63925
-1
end
HI 27553
-1
end
HI 747
-1
end
HI 94047
-1
end
HI 74036
-1
end
HI 4244
-1
end
HI 50249
-1
end
HI 37219
-1
end
HI 78737
-1
end
HI 78337
-1
end
HI 9459
-1
end
HI 40362
-1
end
HI 77493
-1
end
HI 28189
-1
end
HI 69416
-1
end
HI 75886
-1
end
HI 96767
-1
end
HI 96523
-1
end
HI 62922
-1
end
HI 81761
-1
end
HI 2095
-1
end
HI 29664
-1
end
HI 82133
-1
end
HI 79648
-1
end
HI 46029
-1
end
HI 98963
-1
end
HI 75421
-1
end
HI 12349
-1
end
HI 31596
-1
end
HI 26777
-1
end
HI 32618
-1
end
HI 81766
-1
end
HI 81905
-1
end
HI 99712
-1
end
HI 12327
-1
end
HI 27954
-1
end
HI 90915
-1
end
HI 39676
-1
end
HI 38777
-1
end
HI 97362
-1
end
HI 24032
-1
end
HI 25858
-1
end
HI 12933
-1
end
HI 10586
-1
end
HI 89686
-1
end
HI 1504
-1
end
HI 15771
-1
end
HI 3049
-1
end
HI 88008
-1
end
HI 15796
-1
end
HI 81810
-1
end
HI 82864
-1
end
HI 99439
-1
end
HI 60507
-1
end
HI 62148
-1
end
HI 67422
-1
end
HI 70464
-1
end
HI 18733
-1
end
HI 39554
-1
end
HI 59073
-1
end
HI 20257
-1
end
HI 91500
-1
end
HI 39085
-1
end
HI 10600
-1
end
HI 93108
-1
end
HI 20810
-1
end
HI 19542
-1
end
HI 53376
-1
end
HI 10511
-1
end
HI 43156
-1
end
HI 92981
-1
end
HI 33760
-1
end
HI 16432
-1
end
HI 38963
-1
end
HI 36079
-1
end
HI 52672
-1
end
HI 54057
-1
end
HI 94668
-1
end
HI 12842
-1
end
HI 36503
-1
end
HI 99954
-1
end
HI 32325
-1
end
HI 25181
-1
end
HI 58578
-1
end
HI 47355
-1
end
HI 29175
-1
end
HI 25161
-1
end
HI 37900
-1
end
HI 6157
-1
end
HI 65160
-1
end
HI 23424
-1
end
HI 63410
-1
end
HI 7046
-1
end
HI 60815
-1
end
HI 76994
-1
end
HI 66453
-1
end
HI 57552
-1
end
HI 50782
-1
end
HI 53793
-1
end
HI 36118
-1
end
HI 36395
-1
end
HI 23422
-1
end
HI 38214
-1
end
HI 27531
-1
end
HI 31483
-1
end
HI 8028
-1
end
HI 76167
-1
end
HI 19802
-1
end
HI 2437
-1
end
HI 20265
-1
end
HI 52477
-1
end
HI 64231
-1
end
HI 4249
-1
end
HI 43767
-1
end
HI 56155
-1
end
HI 73913
-1
end
HI 78204
-1
end
HI 47524
-1
end
HI 69674
-1
end
HI 79458
-1
end
HI 72091
-1
end
HI 58347
-1
end
HI 68327
-1
end
HI 24991
-1
end
HI 38371
-1
end
HI 23420
-1
end
HI 57564
-1
end
HI 11633
-1
end
HI 86479
-1
end
HI 67125
-1
end
HI 11756
-1
end
HI 41499
-1
end
HI 37993
-1
end
HI 48063
-1
end
HI 48967
-1
end
HI 14415
-1
end
HI 25209
-1
end
HI 96239
-1
end
HI 65780
-1
end
HI 66678
-1
end
HI 73594
-1
end
HI 79843
-1
end
HI 74336
-1
end
HI 6451
-1
end
HI 94171
-1
end
HI 11671
-1
end
HI 73638
-1
end
HI 94608
-1
end
HI 1629
-1
end
HI 12763
-1
end
HI 85922
-1
end
HI 89971
-1
end
HI 94504
-1
end
HI 23934
-1
end
HI 30702
-1
end
HI 51149
-1
end
HI 73065
-1
end
HI 41402
-1
end
HI 59737
-1
end
HI 89429
-1
end
HI 48615
-1
end
HI 88911
-1
end
HI 35348
-1
end
HI 42055
-1
end
HI 95605
-1
end
HI 12242
-1
end
HI 47401
-1
end
HI 75183
-1
end
HI 79857
-1
end
HI 19156
-1
end
HI 18176
-1
end
HI 25447
-1
end
HI 51307
-1
end
HI 89431
-1
end
HI 89408
-1
end
HI 82386
-1
end
HI 38220
-1
end
HI 92696
-1
end
HI 74610
-1
end
HI 38575
-1
end
HI 83026
-1
end
HI 54644
-1
end
HI 46314
-1
end
HI 48524
-1
end
HI 81143
-1
end
HI 32046
-1
end
HI 80519
-1
end
HI 84461
-1
end
HI 18206
-1
end
HI 58640
-1
end
HI 45999
-1
end
HI 79483
-1
end
HI 16198
-1
end
HI 64186
-1
end
HI 44611
-1
end
HI 7635
-1
end
HI 24106
-1
end
HI 11222
-1
end
HI 55580
-1
end
HI 29205
-1
end
HI 94703
-1
end
HI 53525
-1
end
HI 82802
-1
end
HI 60939
-1
end
HI 26106
-1
end
HI 64775
-1
end
HI 4191
-1
end
HI 96628
-1
end
HI 66011
-1
end
HI 97322
-1
end
HI 41386
-1
end
HI 43253
-1
end
HI 31101
-1
end
HI 73572
-1
end
HI 33665
-1
end
HI 6079
-1
end
HI 16966
-1
end
HI 55790
-1
end
HI 52360
-1
end
HI 74896
-1
end
HI 8756
-1
end
HI 33045
-1
end
HI 83018
-1
end
HI 80820
-1
end
HI 85565
-1
end
HI 43859
-1
end
HI 54292
-1
end
HI 46273
-1
end
HI 2485
-1
end
HI 83970
-1
end
HI 83992
-1
end
HI 70641
-1
end
HI 53299
-1
end
HI 83055
-1
end
HI 77370
-1
end
HI 32689
-1
end
HI 86904
-1
end
HI 15699
-1
end
HI 89631
-1
end
HI 10700
-1
end
HI 76829
-1
end
HI 90647
-1
end
HI 93436
-1
end
HI 23860
-1
end
HI 95334
-1
end
HI 79874
-1
end
HI 69139
-1
end
HI 431
-1
end
HI 9782
-1
end
HI 93499
-1
end
HI 14807
-1
end
HI 90508
-1
end
HI 71888
-1
end
HI 51159
-1
end
HI 74389
-1
end
HI 6851
-1
end
HI 77284
-1
end
HI 76346
-1
end
HI 64143
-1
end
HI 89371
-1
end
HI 58775
-1
end
HI 85566
-1
end
HI 85652
-1
end
HI 98873
-1
end
HI 82421
-1
end
HI 45757
-1
end
HI 33004
-1
end
HI 95027
-1
end
HI 31480
-1
end
HI 83914
-1
end
HI 47048
-1
end
HI 62851
-1
end
HI 44633
-1
end
HI 69295
-1
end
HI 84583
-1
end
HI 61334
-1
end
HI 10228
-1
end
HI 9854
-1
end
HI 10290
-1
end
HI 58774
-1
end
HI 91997
-1
end
HI 35694
-1
end
HI 82057
-1
end
HI 44828
-1
end
HI 68637
-1
end
HI 57103
-1
end
HI 97903
-1
end
HI 28288
-1
end
HI 12016
-1
end
HI 46759
-1
end
HI 44615
-1
end
HI 78980
-1
end
HI 1346
-1
end
HI 84558
-1
end
HI 70034
-1
end
HI 89499
-1
end
HI 2777
-1
end
HI 22670
-1
end
HI 62705
-1
end
HI 56945
-1
end
HI 58549
-1
end
HI 24990
-1
end
HI 5606
-1
end
HI 13914
-1
end
HI 47177
-1
end
HI 71903
-1
end
HI 71564
-1
end
HI 48785
-1
end
HI 27981
-1
end
HI 99191
-1
end
HI 25942
-1
end
HI 6619
-1
end
HI 31746
-1
end
HI 19100
-1
end
HI 44876
-1
end
HI 99825
-1
end
HI 40880
-1
end
HI 61785
-1
end
HI 35504
-1
end
HI 62435
-1
end
HI 19255
-1
end
HI 80966
-1
end
HI 51836
-1
end
HI 31662
-1
end
HI 51449
-1
end
HI 34481
-1
end
HI 73600
-1
end
HI 97194
-1
end
HI 5594
-1
end
HI 91590
-1
end
HI 66334
-1
end
HI 33002
-1
end
HI 57738
-1
end
HI 28862
-1
end
HI 87180
-1
end
HI 3376
-1
end
HI 91958
-1
end
HI 23066
-1
end
HI 91251
-1
end
HI 15836
-1
end
HI 58558
-1
end
HI 53522
-1
end
HI 22285
-1
end
HI 27569
-1
end
HI 92149
-1
end
HI 71705
-1
end
HI 22402
-1
end
HI 59227
-1
end
HI 75430
-1
end
HI 30738
-1
end
HI 70242
-1
end
HI 90476
-1
end
HI 85235
-1
end
HI 53099
-1
end
HI 25697
-1
end
HI 38042
-1
end
HI 36220
-1
end
HI 96105
-1
end
HI 95041
-1
end
HI 62980
-1
end
HI 22486
-1
end
HI 48037
-1
end
HI 14386
-1
end
HI 54380
-1
end
HI 87736
-1
end
HI 556
-1
end
HI 66842
-1
end
HI 93865
-1
end
HI 83555
-1
end
HI 95861
-1
end
HI 2873
-1
end
HI 23073
-1
end
HI 65738
-1
end
HI 70790
-1
end
HI 82055
-1
end
HI 71363
-1
end
HI 76748
-1
end
HI 25907
-1
end
HI 90809
-1
end
HI 58929
-1
end
HI 56461
-1
end
HI 800
-1
end
HI 11293
-1
end
HI 63937
-1
end
HI 88956
-1
end
HI 97735
-1
end
HI 5101
-1
end
HI 93618
-1
end
HI 99480
-1
end
HI 72235
-1
end
HI 88859
-1
end
HI 26044
-1
end
HI 40271
-1
end
HI 87917
-1
end
HI 44951
-1
end
HI 28342
-1
end
HI 86069
-1
end
HI 4766
-1
end
HI 47198
-1
end
HI 72012
-1
end
HI 64233
-1
end
HI 46473
-1
end
HI 67252
-1
end
HI 96960
-1
end
HI 64991
-1
end
HI 54594
-1
end
HI 70518
-1
end
HI 96172
-1
end
HI 79642
-1
end
HI 63135
-1
end
HI 29255
-1
end
HI 59170
-1
end
HI 78651
-1
end
HI 54205
-1
end
HI 63370
-1
end
HI 31778
-1
end
HI 34014
-1
end
HI 61577
-1
end
HI 15671
-1
end
HI 3363
-1
end
HI 99308
-1
end
HI 27906
-1
end
HI 76419
-1
end
HI 10905
-1
end
HI 46309
-1
end
HI 73133
-1
end
HI 79751
-1
end
HI 50736
-1
end
HI 35703
-1
end
HI 60686
-1
end
HI 79066
-1
end
HI 82078
-1
end
HI 82838
-1
end
HI 25279
-1
end
HI 4823
-1
end
HI 1652
-1
end
HI 13523
-1
end
HI 86019
-1
end
HI 81790
-1
end
HI 45571
-1
end
HI 47911
-1
end
HI 72259
-1
end
HI 25822
-1
end
HI 48015
-1
end
HI 77503
-1
end
HI 27411
-1
end
HI 85354
-1
end
HI 84576
-1
end
HI 25135
-1
end
HI 70252
-1
end
HI 18761
-1
end
HI 28586
-1
end
HI 39638
-1
end
HI 97998
-1
end
HI 58923
-1
end
HI 29340
-1
end
HI 22997
-1
end
HI 11980
-1
end
HI 75271
-1
end
HI 55638
-1
end
HI 17944
-1
end
HI 94857
-1
end
HI 54976
-1
end
HI 98343
-1
end
HI 90775
-1
end
HI 45056
-1
end
HI 56308
-1
end
HI 67284
-1
end
HI 86220
-1
end
HI 63904
-1
end
HI 36018
-1
end
HI 76802
-1
end
HI 55997
-1
end
HI 38404
-1
end
HI 15397
-1
end
HI 13321
-1
end
HI 74564
-1
end
HI 30697
-1
end
HI 84436
-1
end
HI 55262
-1
end
HI 44502
-1
end
HI 64029
-1
end
HI 35052
-1
end
HI 10738
-1
end
HI 44398
-1
end
HI 3250
-1
end
HI 25484
-1
end
HI 6761
-1
end
HI 12623
-1
end
HI 98466
-1
end
HI 70789
-1
end
HI 10758
-1
end
HI 24292
-1
end
HI 34620
-1
end
HI 74348
-1
end
HI 32720
-1
end
HI 36154
-1
end
HI 3722
-1
end
HI 72268
-1
end
HI 81659
-1
end
HI 26395
-1
end
HI 16048
-1
end
HI 14151
-1
end
HI 47567
-1
end
HI 75789
-1
end
HI 3861
-1
end
HI 2309
-1
end
HI 15516
-1
end
HI 98039
-1
end
HI 39308
-1
end
HI 17739
-1
end
HI 91983
-1
end
HI 4008
-1
end
HI 22249
-1
end
HI 99639
-1
end
HI 22570
-1
end
HI 55292
-1
end
HI 18188
-1
end
HI 84483
-1
end
HI 65496
-1
end
HI 55754
-1
end
HI 98170
-1
end
HI 9301
-1
end
HI 28101
-1
end
HI 73406
-1
end
HI 63649
-1
end
HI 96661
-1
end
HI 85027
-1
end
HI 54640
-1
end
HI 62036
-1
end
HI 33167
-1
end
HI 5890
-1
end
HI 42786
-1
end
HI 47094
-1
end
HI 22310
-1
end
HI 55771
-1
end
HI 88257
-1
end
HI 20537
-1
end
HI 43791
-1
end
HI 48011
-1
end
HI 94145
-1
end
HI 12777
-1
end
HI 58115
-1
end
HI 40062
-1
end
HI 51772
-1
end
HI 56458
-1
end
HI 59042
-1
end
HI 1817
-1
end
HI 18208
-1
end
HI 34892
-1
end
HI 33006
-1
end
HI 82757
-1
end
HI 49711
-1
end
HI 81771
-1
end
HI 37927
-1
end
HI 17196
-1
end
HI 26551
-1
end
HI 10938
-1
end
HI 17744
-1
end
HI 30157
-1
end
HI 57726
-1
end
HI 7148
-1
end
HI 59205
-1
end
HI 58305
-1
end
HI 57117
-1
end
HI 81394
-1
end
HI 96138
-1
end
HI 83761
-1
end
HI 51749
-1
end
HI 86074
-1
end
HI 82653
-1
end
HI 70155
-1
end
HI 10891
-1
end
HI 48980
-1
end
HI 19455
-1
end
HI 27926
-1
end
HI 74048
-1
end
HI 33356
-1
end
HI 57354
-1
end
HI 99900
-1
end
HI 65890
-1
end
HI 22419
-1
end
HI 30223
-1
end
HI 83779
-1
end
HI 26087
-1
end
HI 96533
-1
end
HI 26051
-1
end
HI 8651
-1
end
HI 57525
-1
end
HI 11175
-1
end
HI 24251
-1
end
HI 78372
-1
end
HI 28835
-1
end
HI 64178
-1
end
HI 55848
-1
end
HI 68654
-1
end
HI 81562
-1
end
HI 89590
-1
end
HI 17866
-1
end
HI 43225
-1
end
HI 91170
-1
end
HI 2978
-1
end
HI 71026
-1
end
HI 25757
-1
end
HI 19043
-1
end
HI 99427
-1
end
HI 92098
-1
end
HI 35017
-1
end
HI 53950
-1
end
HI 40340
-1
end
HI 13908
-1
end
HI 64111
-1
end
HI 44010
-1
end
HI 85342
-1
end
HI 4053
-1
end
HI 28469
-1
end
HI 82857
-1
end
HI 37612
-1
end
HI 69691
-1
end
HI 33551
-1
end
HI 83853
-1
end
HI 949
-1
end
HI 757
-1
end
HI 58427
-1
end
HI 38101
-1
end
HI 21233
-1
end
HI 11534
-1
end
HI 49492
-1
end
HI 99290
-1
end
HI 6187
-1
end
HI 17816
-1
end
HI 4015
-1
end
HI 68708
-1
end
HI 77751
-1
end
HI 79908
-1
end
HI 19125
-1
end
HI 64757
-1
end
HI 16679
-1
end
HI 27957
-1
end
HI 71158
-1
end
HI 38374
-1
end
HI 64397
-1
end
HI 84628
-1
end
HI 51975
-1
end
HI 23839
-1
end
HI 90382
-1
end
HI 38031
-1
end
HI 31891
-1
end
HI 4011
-1
end
HI 82711
-1
end
HI 68108
-1
end
HI 62513
-1
end
HI 14518
-1
end
HI 90183
-1
end
HI 47960
-1
end
HI 31365
-1
end
HI 19807
-1
end
HI 66496
-1
end
HI 70881
-1
end
HI 21239
-1
end
HI 91587
-1
end
HI 45549
-1
end
HI 30701
-1
end
HI 82897
-1
end
HI 50695
-1
end
HI 90906
-1
end
HI 41056
-1
end
HI 59266
-1
end
HI 18607
-1
end
HI 98137
-1
end
HI 61270
-1
end
HI 4928
-1
end
HI 45953
-1
end
HI 72614
-1
end
HI 21610
-1
end
HI 7719
-1
end
HI 44822
-1
end
HI 93333
-1
end
HI 81046
-1
end
HI 83898
-1
end
HI 45901
-1
end
HI 4576
-1
end
HI 46903
-1
end
HI 75365
-1
end
HI 85928
-1
end
HI 2872
-1
end
HI 69864
-1
end
HI 42167
-1
end
HI 32865
-1
end
HI 70923
-1
end
HI 29602
-1
end
HI 57118
-1
end
HI 9779
-1
end
HI 71282
-1
end
HI 91476
-1
end
HI 98310
-1
end
HI 20407
-1
end
HI 39195
-1
end
HI 12212
-1
end
HI 15215
-1
end
HI 89570
-1
end
HI 78699
-1
end
HI 92916
-1
end
HI 64606
-1
end
HI 66978
-1
end
HI 3007
-1
end
HI 21257
-1
end
HI 80995
-1
end
HI 72243
-1
end
HI 30553
-1
end
HI 37621
-1
end
HI 25249
-1
end
HI 13576
-1
end
HI 59164
-1
end
HI 40558
-1
end
HI 50879
-1
end
HI 19943
-1
end
HI 28156
-1
end
HI 33303
-1
end
HI 66778
-1
end
HI 75827
-1
end
HI 85144
-1
end
HI 569
-1
end
HI 95555
-1
end
HI 89094
-1
end
HI 95038
-1
end
HI 24353
-1
end
HI 88691
-1
end
HI 88715
-1
end
HI 24809
-1
end
HI 30535
-1
end
HI 51001
-1
end
HI 5592
-1
end
HI 84769
-1
end
HI 54148
-1
end
HI 81856
-1
end
HI 47022
-1
end
HI 45627
-1
end
HI 49515
-1
end
HI 92356
-1
end
HI 23251
-1
end
HI 44760
-1
end
HI 13724
-1
end
HI 38532
-1
end
HI 45621
-1
end
HI 90054
-1
end
HI 19078
-1
end
HI 92911
-1
end
HI 20421
-1
end
HI 43856
-1
end
HI 30861
-1
end
HI 22996
-1
end
HI 27346
-1
end
HI 17432
-1
end
HI 93741
-1
end
HI 35246
-1
end
HI 71759
-1
end
HI 13118
-1
end
HI 51752
-1
end
HI 21268
-1
end
HI 73423
-1
end
HI 34148
-1
end
HI 14096
-1
end
HI 79245
-1
end
HI 48176
-1
end
HI 89406
-1
end
HI 5120
-1
end
HI 48932
-1
end
HI 84954
-1
end
HI 73473
-1
end
HI 4199
-1
end
HI 72034
-1
end
HI 23396
-1
end
HI 37944
-1
end
HI 15245
-1
end
HI 68619
-1
end
HI 67187
-1
end
HI 96750
-1
end
HI 9499
-1
end
HI 25842
-1
end
HI 66662
-1
end
HI 89964
-1
end
HI 35863
-1
end
HI 92422
-1
end
HI 19144
-1
end
HI 69387
-1
end
HI 59199
-1
end
HI 92664
-1
end
HI 15027
-1
end
HI 62335
-1
end
HI 93228
-1
end
HI 33965
-1
end
HI 57746
-1
end
HI 59185
-1
end
HI 21921
-1
end
HI 1915
-1
end
HI 11094
-1
end
HI 31455
-1
end
HI 42626
-1
end
HI 29030
-1
end
HI 8196
-1
end
HI 96570
-1
end
HI 41450
-1
end
HI 78777
-1
end
HI 6779
-1
end
HI 98843
-1
end
HI 21820
-1
end
HI 83840
-1
end
HI 61901
-1
end
HI 99961
-1
end
HI 41136
-1
end
HI 11954
-1
end
HI 60994
-1
end
HI 92709
-1
end
HI 46703
-1
end
HI 50223
-1
end
HI 10680
-1
end
HI 85032
-1
end
HI 28396
-1
end
HI 36351
-1
end
HI 58709
-1
end
HI 73899
-1
end
HI 8993
-1
end
HI 21419
-1
end
HI 57706
-1
end
HI 509
-1
end
HI 26992
-1
end
HI 13773
-1
end
HI 93479
-1
end
HI 30333
-1
end
HI 70351
-1
end
HI 96036
-1
end
HI 83724
-1
end
HI 7269
-1
end
HI 82973
-1
end
HI 88690
-1
end
HI 68988
-1
end
HI 36115
-1
end
HI 80990
-1
end
HI 80490
-1
end
HI 49952
-1
end
HI 95751
-1
end
HI 5874
-1
end
HI 67879
-1
end
HI 65118
-1
end
HI 62932
-1
end
HI 56058
-1
end
HI 23551
-1
end
HI 59322
-1
end
HI 98715
-1
end
HI 34220
-1
end
HI 31663
-1
end
HI 58091
-1
end
HI 99304
-1
end
HI 24914
-1
end
HI 87203
-1
end
HI 45242
-1
end
HI 85587
-1
end
HI 28744
-1
end
HI 63820
-1
end
HI 9278
-1
end
HI 98833
-1
end
HI 65690
-1
end
HI 25767
-1
end
HI 25924
-1
end
HI 17798
-1
end
HI 47723
-1
end
HI 34990
-1
end
HI 48579
-1
end
HI 44510
-1
end
HI 94960
-1
end
HI 61930
-1
end
HI 56591
-1
end
HI 47673
-1
end
HI 35270
-1
end
HI 3021
-1
end
HI 12485
-1
end
HI 14103
-1
end
HI 7503
-1
end
HI 56889
-1
end
HI 95608
-1
end
HI 94394
-1
end
HI 29828
-1
end
HI 17482
-1
end
HI 15391
-1
end
HI 51026
-1
end
HI 99482
-1
end
HI 78657
-1
end
HI 44995
-1
end
HI 85513
-1
end
HI 86773
-1
end
HI 80979
-1
end
HI 58286
-1
end
HI 38773
-1
end
HI 76093
-1
end
HI 29625
-1
end
HI 93171
-1
end
HI 25113
-1
end
HI 26908
-1
end
HI 79457
-1
end
HI 78244
-1
end
HI 77298
-1
end
HI 43709
-1
end
HI 7055
-1
end
HI 55472
-1
end
HI 27432
-1
end
HI 36657
-1
end
HI 81009
-1
end
HI 40133
-1
end
HI 73314
-1
end
HI 87018
-1
end
HI 92191
-1
end
HI 77996
-1
end
HI 3788
-1
end
HI 44634
-1
end
HI 40220
-1
end
HI 3632
-1
end
HI 44672
-1
end
HI 3597
-1
end
HI 1904
-1
end
HI 4982
-1
end
HI 93500
-1
end
HI 60405
-1
end
HI 5834
-1
end
HI 72105
-1
end
HI 60277
-1
end
HI 66572
-1
end
HI 50333
-1
end
HI 56439
-1
end
HI 81456
-1
end
HI 79105
-1
end
HI 82710
-1
end
HI 82100
-1
end
HI 78513
-1
end
HI 51224
-1
end
HI 59915
-1
end
HI 26636
-1
end
HI 10900
-1
end
HI 76488
-1
end
HI 49844
-1
end
HI 89385
-1
end
HI 24568
-1
end
HI 25653
-1
end
HI 56538
-1
end
HI 73989
-1
end
HI 45930
-1
end
HI 7457
-1
end
HI 23366
-1
end
HI 32545
-1
end
HI 90620
-1
end
HI 68233
-1
end
HI 99433
-1
end
HI 86889
-1
end
HI 78419
-1
end
HI 94048
-1
end
HI 96366
-1
end
HI 50289
-1
end
HI 70720
-1
end
HI 84577
-1
end
HI 93761
-1
end
HI 36923
-1
end
HI 78951
-1
end
HI 73076
-1
end
HI 48647
-1
end
HI 11007
-1
end
HI 37273
-1
end
HI 93505
-1
end
HI 18939
-1
end
HI 58289
-1
end
HI 94366
-1
end
HI 35559
-1
end
HI 15273
-1
end
HI 21639
-1
end
HI 75686
-1
end
HI 95987
-1
end
HI 86061
-1
end
HI 93504
-1
end
HI 18568
-1
end
HI 23787
-1
end
HI 7696
-1
end
HI 74059
-1
end
HI 22898
-1
end
HI 27983
-1
end
HI 73592
-1
end
HI 91449
-1
end
HI 40581
-1
end
HI 19787
-1
end
HI 20461
-1
end
HI 96716
-1
end
HI 58560
-1
end
HI 37123
-1
end
HI 64935
-1
end
HI 56494
-1
end
HI 18812
-1
end
HI 73643
-1
end
HI 14370
-1
end
HI 9076
-1
end
HI 45114
-1
end
HI 47494
-1
end
HI 71033
-1
end
HI 27678
-1
end
HI 38882
-1
end
HI 58771
-1
end
HI 82456
-1
end
HI 89428
-1
end
HI 86290
-1
end
HI 21334
-1
end
HI 22243
-1
end
HI 60520
-1
end
HI 87479
-1
end
HI 49396
-1
end
HI 61710
-1
end
HI 91937
-1
end
HI 25033
-1
end
HI 81449
-1
end
HI 17556
-1
end
HI 76366
-1
end
HI 38514
-1
end
HI 2402
-1
end
HI 38701
-1
end
HI 96769
-1
end
HI 28696
-1
end
HI 41242
-1
end
HI 26198
-1
end
HI 71143
-1
end
HI 14555
-1
end
HI 57491
-1
end
HI 43902
-1
end
HI 37055
-1
end
HI 83072
-1
end
HI 54005
-1
end
HI 90093
-1
end
HI 97012
-1
end
HI 10033
-1
end
HI 29
-1
end
HI 44
-1
end
HI 77491
-1
end
HI 67556
-1
end
HI 5652
-1
end
HI 70571
-1
end
HI 54366
-1
end
HI 18774
-1
end
HI 12032
-1
end
HI 15373
-1
end
HI 76320
-1
end
HI 91234
-1
end
HI 47925
-1
end
HI 7620
-1
end
HI 3641
-1
end
HI 47803
-1
end
HI 99380
-1
end
HI 35032
-1
end
HI 49140
-1
end
HI 83158
-1
end
HI 25131
-1
end
HI 76208
-1
end
HI 81612
-1
end
HI 66199
-1
end
HI 31029
-1
end
HI 75717
-1
end
HI 74375
-1
end
HI 6278
-1
end
HI 9385
-1
end
HI 34560
-1
end
HI 38454
-1
end
HI 35528
-1
end
HI 45359
-1
end
HI 95614
-1
end
HI 48812
-1
end
HI 86770
-1
end
HI 55027
-1
end
HI 2516
-1
end
HI 35432
-1
end
HI 40529
-1
end
HI 95552
-1
end
HI 36058
-1
end
HI 50755
-1
end
HI 13749
-1
end
HI 82435
-1
end
HI 7856
-1
end
HI 50003
-1
end
HI 60724
-1
end
HI 39061
-1
end
HI 81447
-1
end
HI 2822
-1
end
HI 76956
-1
end
HI 88325
-1
end
HI 43814
-1
end
HI 43233
-1
end
HI 72571
-1
end
HI 19224
-1
end
HI 78774
-1
end
HI 49138
-1
end
HI 48811
-1
end
HI 88283
-1
end
HI 81825
-1
end
HI 94942
-1
end
HI 11869
-1
end
HI 71593
-1
end
HI 67521
-1
end
HI 3103
-1
end
HI 37805
-1
end
HI 5275
-1
end
HI 217
-1
end
HI 53858
-1
end
HI 30942
-1
end
HI 89005
-1
end
HI 20374
-1
end
HI 47650
-1
end
HI 36737
-1
end
HI 77590
-1
end
HI 18552
-1
end
HI 74218
-1
end
HI 1934
-1
end
HI 95995
-1
end
HI 17104
-1
end
HI 47725
-1
end
HI 49552
-1
end
HI 748
-1
end
HI 11454
-1
end
HI 39254
-1
end
HI 33543
-1
end
HI 16719
-1
end
HI 38755
-1
end
HI 67506
-1
end
HI 65079
-1
end
HI 16837
-1
end
HI 58281
-1
end
HI 46013
-1
end
HI 47621
-1
end
HI 3415
-1
end
HI 12048
-1
end
HI 6028
-1
end
HI 19377
-1
end
HI 56679
-1
end
HI 31889
-1
end
HI 28308
-1
end
HI 22944
-1
end
HI 95931
-1
end
HI 80650
-1
end
HI 88110
-1
end
HI 79712
-1
end
HI 71816
-1
end
HI 21287
-1
end
HI 88464
-1
end
HI 27421
-1
end
HI 45809
-1
end
HI 21686
-1
end
HI 2577
-1
end
HI 432
-1
end
HI 67299
-1
end
HI 10492
-1
end
HI 34414
-1
end
HI 15673
-1
end
HI 15604
-1
end
HI 40310
-1
end
HI 59046
-1
end
HI 44593
-1
end
HI 27311
-1
end
HI 83342
-1
end
HI 12454
-1
end
HI 53585
-1
end
HI 22984
-1
end
HI 72142
-1
end
HI 89258
-1
end
HI 80916
-1
end
HI 52195
-1
end
HI 56073
-1
end
HI 14122
-1
end
HI 66660
-1
end
HI 92382
-1
end
HI 16530
-1
end
HI 63220
-1
end
HI 40689
-1
end
HI 84124
-1
end
HI 67070
-1
end
HI 67982
-1
end
HI 34989
-1
end
HI 6226
-1
end
HI 61440
-1
end
HI 59759
-1
end
HI 1595
-1
end
HI 50670
-1
end
HI 39488
-1
end
HI 36397
-1
end
HI 27281
-1
end
HI 46723
-1
end
HI 64946
-1
end
HI 62740
-1
end
HI 10395
-1
end
HI 63872
-1
end
HI 35609
-1
end
HI 2796
-1
end
HI 40157
-1
end
HI 94740
-1
end
HI 4281
-1
end
HI 97752
-1
end
HI 56039
-1
end
HI 70993
-1
end
HI 15952
-1
end
HI 36660
-1
end
HI 21995
-1
end
HI 21804
-1
end
HI 85033
-1
end
HI 28389
-1
end
HI 82179
-1
end
HI 61700
-1
end
HI 84361
-1
end
HI 85858
-1
end
HI 3389
-1
end
HI 2631
-1
end
HI 32521
-1
end
HI 87395
-1
end
HI 33699
-1
end
HI 14086
-1
end
HI 17824
-1
end
HI 86326
-1
end
HI 71542
-1
end
HI 52366
-1
end
HI 57498
-1
end
HI 4689
-1
end
HI 76282
-1
end
HI 34348
-1
end
HI 93686
-1
end
HI 64581
-1
end
HI 9507
-1
end
HI 77024
-1
end
HI 2897
-1
end
HI 68599
-1
end
HI 54081
-1
end
HI 49698
-1
end
HI 65070
-1
end
HI 1679
-1
end
HI 27120
-1
end
HI 72299
-1
end
HI 85765
-1
end
HI 15777
-1
end
HI 90004
-1
end
HI 48561
-1
end
HI 45701
-1
end
HI 4755
-1
end
HI 95982
-1
end
HI 72538
-1
end
HI 83166
-1
end
HI 73820
-1
end
HI 11179
-1
end
HI 98960
-1
end
HI 92585
-1
end
HI 7816
-1
end
HI 95350
-1
end
HI 48707
-1
end
HI 19042
-1
end
HI 7401
-1
end
HI 18210
-1
end
HI 66900
-1
end
HI 22434
-1
end
HI 24170
-1
end
HI 48701
-1
end
HI 54923
-1
end
HI 55135
-1
end
HI 33430
-1
end
HI 14013
-1
end
HI 34942
-1
end
HI 48418
-1
end
HI 58489
-1
end
HI 87394
-1
end
HI 37717
-1
end
HI 69304
-1
end
HI 73537
-1
end
HI 20497
-1
end
HI 24094
-1
end
HI 16656
-1
end
HI 55171
-1
end
HI 28348
-1
end
HI 93361
-1
end
HI 4618
-1
end
HI 49045
-1
end
HI 84163
-1
end
HI 56266
-1
end
HI 95709
-1
end
HI 93450
-1
end
HI 81146
-1
end
HI 24325
-1
end
HI 97220
-1
end
HI 95592
-1
end
HI 91397
-1
end
HI 6698
-1
end
HI 26195
-1
end
HI 98339
-1
end
HI 38845
-1
end
HI 64071
-1
end
HI 91009
-1
end
HI 88833
-1
end
HI 28765
-1
end
HI 40156
-1
end
HI 72710
-1
end
HI 37118
-1
end
HI 74198
-1
end
HI 29536
-1
end
HI 56916
-1
end
HI 55697
-1
end
HI 63058
-1
end
HI 12
-1
end
HI 37899
-1
end
HI 80747
-1
end
HI 60628
-1
end
HI 53324
-1
end
HI 18388
-1
end
HI 56310
-1
end
HI 92985
-1
end
HI 87688
-1
end
HI 49505
-1
end
HI 17159
-1
end
HI 67588
-1
end
HI 85721
-1
end
HI 29440
-1
end
HI 4450
-1
end
HI 66877
-1
end
HI 88884
-1
end
HI 80566
-1
end
HI 15469
-1
end
HI 52196
-1
end
HI 60683
-1
end
HI 29583
-1
end
HI 62810
-1
end
HI 81232
-1
end
HI 32856
-1
end
HI 53540
-1
end
HI 74708
-1
end
HI 47031
-1
end
HI 24861
-1
end
HI 37463
-1
end
HI 44024
-1
end
HI 48484
-1
end
HI 69945
-1
end
HI 54281
-1
end
HI 68732
-1
end
HI 96007
-1
end
HI 37124
-1
end
HI 83794
-1
end
HI 31260
-1
end
HI 7989
-1
end
HI 88812
-1
end
HI 46794
-1
end
HI 55559
-1
end
HI 27499
-1
end
HI 6110
-1
end
HI 17608
-1
end
HI 80849
-1
end
HI 42965
-1
end
HI 34192
-1
end
HI 41200
-1
end
HI 87283
-1
end
HI 86621
-1
end
HI 45554
-1
end
HI 47850
-1
end
HI 3654
-1
end
HI 97981
-1
end
HI 70568
-1
end
HI 49937
-1
end
HI 21733
-1
end
HI 60195
-1
end
HI 69994
-1
end
HI 21221
-1
end
HI 34314
-1
end
HI 56352
-1
end
HI 78316
-1
end
HI 95635
-1
end
HI 87187
-1
end
HI 16165
-1
end
HI 105
-1
end
HI 61453
-1
end
HI 70401
-1
end
HI 46733
-1
end
HI 7427
-1
end
HI 49109
-1
end
HI 8739
-1
end
HI 27055
-1
end
HI 51493
-1
end
HI 5945
-1
end
HI 50986
-1
end
HI 59282
-1
end
HI 45320
-1
end
HI 50017
-1
end
HI 9747
-1
end
HI 5941
-1
end
HI 32142
-1
end
HI 47670
-1
end
HI 64304
-1
end
HI 45038
-1
end
HI 59011
-1
end
HI 58261
-1
end
HI 88253
-1
end
HI 28738
-1
end
HI 26990
-1
end
HI 75828
-1
end
HI 37038
-1
end
HI 28973
-1
end
HI 4894
-1
end
HI 40212
-1
end
HI 26586
-1
end
HI 91266
-1
end
HI 40172
-1
end
HI 27870
-1
end
HI 93469
-1
end
HI 18638
-1
end
HI 94491
-1
end
HI 1861
-1
end
HI 12051
-1
end
HI 66677
-1
end
HI 67733
-1
end
HI 60951
-1
end
HI 21817
-1
end
HI 68571
-1
end
HI 33785
-1
end
HI 88188
-1
end
HI 80272
-1
end
HI 79789
-1
end
HI 24217
-1
end
HI 60682
-1
end
HI 97743
-1
end
HI 43348
-1
end
HI 11041
-1
end
HI 73117
-1
end
HI 62821
-1
end
HI 10599
-1
end
HI 62783
-1
end
HI 10392
-1
end
HI 94584
-1
end
HI 21475
-1
end
HI 17958
-1
end
HI 28244
-1
end
HI 89584
-1
end
HI 3494
-1
end
HI 53062
-1
end
HI 20199
-1
end
HI 61327
-1
end
HI 5731
-1
end
HI 57205
-1
end
HI 91254
-1
end
HI 47933
-1
end
HI 48835
-1
end
HI 47696
-1
end
HI 60957
-1
end
HI 6775
-1
end
HI 75143
-1
end
HI 42223
-1
end
HI 94781
-1
end
HI 56400
-1
end
HI 13498
-1
end
HI 15131
-1
end
HI 8033
-1
end
HI 75020
-1
end
HI 90653
-1
end
HI 588
-1
end
HI 63460
-1
end
HI 79616
-1
end
HI 76695
-1
end
HI 24403
-1
end
HI 35867
-1
end
HI 18634
-1
end
HI 48797
-1
end
HI 32660
-1
end
HI 11313
-1
end
HI 44077
-1
end
HI 43487
-1
end
HI 58203
-1
end
HI 43120
-1
end
HI 55546
-1
end
HI 37661
-1
end
HI 40670
-1
end
HI 21775
-1
end
HI 4802
-1
end
HI 58677
-1
end
HI 61532
-1
end
HI 53495
-1
end
HI 41509
-1
end
HI 31236
-1
end
HI 90135
-1
end
HI 2779
-1
end
HI 77929
-1
end
HI 67824
-1
end
HI 78845
-1
end
HI 37777
-1
end
HI 9476
-1
end
HI 86150
-1
end
HI 94993
-1
end
HI 91339
-1
end
HI 41080
-1
end
HI 30165
-1
end
HI 6455
-1
end
HI 13625
-1
end
HI 19898
-1
end
HI 4418
-1
end
HI 19199
-1
end
HI 47335
-1
end
HI 64517
-1
end
HI 85999
-1
end
HI 46810
-1
end
HI 70969
-1
end
HI 86914
-1
end
HI 98469
-1
end
HI 4071
-1
end
HI 95689
-1
end
HI 65013
-1
end
HI 18786
-1
end
HI 99185
-1
end
HI 39556
-1
end
HI 12356
-1
end
HI 18498
-1
end
HI 42848
-1
end
HI 47811
-1
end
HI 7135
-1
end
HI 28255
-1
end
HI 33212
-1
end
HI 85045
-1
end
HI 99787
-1
end
HI 65412
-1
end
HI 84523
-1
end
HI 3010
-1
end
HI 42438
-1
end
HI 16443
-1
end
HI 54209
-1
end
HI 29479
-1
end
HI 3232
-1
end
HI 12673
-1
end
HI 74899
-1
end
HI 43997
-1
end
HI 36749
-1
end
HI 59165
-1
end
HI 95000
-1
end
HI 87912
-1
end
HI 25607
-1
end
HI 88367
-1
end
HI 79695
-1
end
HI 36344
-1
end
HI 88788
-1
end
HI 700
-1
end
HI 60376
-1
end
HI 8556
-1
end
HI 74575
-1
end
HI 30407
-1
end
HI 51973
-1
end
HI 36719
-1
end
HI 51723
-1
end
HI 63617
-1
end
HI 52781
-1
end
HI 63301
-1
end
HI 3070
-1
end
HI 41049
-1
end
HI 9932
-1
end
HI 67243
-1
end
HI 68196
-1
end
HI 4661
-1
end
HI 62781
-1
end
HI 26149
-1
end
HI 11895
-1
end
HI 46361
-1
end
HI 35924
-1
end
HI 45693
-1
end
HI 85761
-1
end
HI 59229
-1
end
HI 70861
-1
end
HI 72414
-1
end
HI 21188
-1
end
HI 44376
-1
end
HI 63183
-1
end
HI 74520
-1
end
HI 94274
-1
end
HI 42837
-1
end
HI 51738
-1
end
HI 42985
-1
end
HI 8416
-1
end
HI 56189
-1
end
HI 56522
-1
end
HI 22971
-1
end
HI 54977
-1
end
HI 53020
-1
end
HI 61493
-1
end
HI 40196
-1
end
HI 58635
-1
end
HI 34539
-1
end
HI 18500
-1
end
HI 81877
-1
end
HI 3557
-1
end
HI 58780
-1
end
HI 90215
-1
end
HI 6101
-1
end
HI 77512
-1
end
HI 21719
-1
end
HI 23750
-1
end
HI 1421
-1
end
HI 91917
-1
end
HI 25116
-1
end
HI 66449
-1
end
HI 57067
-1
end
HI 40106
-1
end
HI 61109
-1
end
HI 79706
-1
end
HI 66509
-1
end
HI 74149
-1
end
HI 14916
-1
end
HI 8662
-1
end
HI 95310
-1
end
HI 66652
-1
end
HI 70982
-1
end
HI 59584
-1
end
HI 48891
-1
end
HI 42147
-1
end
HI 43970
-1
end
HI 44447
-1
end
HI 334
-1
end
HI 92711
-1
end
HI 46007
-1
end
HI 41866
-1
end
HI 83763
-1
end
HI 78566
-1
end
HI 59114
-1
end
HI 4219
-1
end
HI 113
-1
end
HI 85052
-1
end
HI 41244
-1
end
HI 66845
-1
end
HI 53924
-1
end
HI 57680
-1
end
HI 43547
-1
end
HI 203
-1
end
HI 25408
-1
end
HI 41069
-1
end
HI 77536
-1
end
HI 13668
-1
end
HI 85192
-1
end
HI 65838
-1
end
HI 19222
-1
end
HI 28177
-1
end
HI 29507
-1
end
HI 80062
-1
end
HI 79880
-1
end
HI 3372
-1
end
HI 57009
-1
end
HI 32463
-1
end
HI 52991
-1
end
HI 90018
-1
end
HI 60749
-1
end
HI 78619
-1
end
HI 74288
-1
end
HI 21251
-1
end
HI 85072
-1
end
HI 16964
-1
end
HI 16090
-1
end
HI 90897
-1
end
HI 73266
-1
end
HI 15539
-1
end
HI 98398
-1
end
HI 90137
-1
end
HI 91212
-1
end
HI 97704
-1
end
HI 67892
-1
end
HI 32681
-1
end
HI 92046
-1
end
HI 29988
-1
end
HI 91188
-1
end
HI 74806
-1
end
HI 47300
-1
end
HI 89196
-1
end
HI 67043
-1
end
HI 9793
-1
end
HI 6264
-1
end
HI 60320
-1
end
HI 78173
-1
end
HI 89873
-1
end
HI 12153
-1
end
HI 62048
-1
end
HI 12919
-1
end
HI 64804
-1
end
HI 60949
-1
end
HI 65432
-1
end
HI 83287
-1
end
HI 40858
-1
end
HI 94874
-1
end
HI 52035
-1
end
HI 13288
-1
end
HI 40758
-1
end
HI 64984
-1
end
HI 31275
-1
end
HI 3906
-1
end
HI 47298
-1
end
HI 14583
-1
end
HI 45996
-1
end
HI 94585
-1
end
HI 52630
-1
end
HI 67673
-1
end
HI 79109
-1
end
HI 79767
-1
end
HI 98290
-1
end
HI 81665
-1
end
HI 35562
-1
end
HI 53440
-1
end
HI 50216
-1
end
HI 75422
-1
end
HI 61531
-1
end
HI 85527
-1
end
HI 96540
-1
end
HI 44833
-1
end
HI 96333
-1
end
HI 44192
-1
end
HI 2567
-1
end
HI 8788
-1
end
HI 70116
-1
end
HI 72335
-1
end
HI 12024
-1
end
HI 60950
-1
end
HI 69136
-1
end
HI 59651
-1
end
HI 11307
-1
end
HI 5554
-1
end
HI 5160
-1
end
HI 66277
-1
end
HI 52189
-1
end
HI 56631
-1
end
HI 4608
-1
end
HI 56339
-1
end
HI 46429
-1
end
HI 58596
-1
end
HI 47417
-1
end
HI 74050
-1
end
HI 63144
-1
end
HI 27681
-1
end
HI 97328
-1
end
HI 35721
-1
end
HI 61924
-1
end
HI 32925
-1
end
HI 36861
-1
end
HI 72374
-1
end
HI 29102
-1
end
HI 55845
-1
end
HI 6757
-1
end
HI 582
-1
end
HI 3760
-1
end
HI 47554
-1
end
HI 85623
-1
end
HI 26476
-1
end
HI 98119
-1
end
HI 36138
-1
end
HI 41041
-1
end
HI 91972
-1
end
HI 53038
-1
end
HI 52923
-1
end
HI 14594
-1
end
HI 94422
-1
end
HI 66267
-1
end
HI 54092
-1
end
HI 31706
-1
end
HI 25373
-1
end
HI 35843
-1
end
HI 6081
-1
end
HI 77860
-1
end
HI 73304
-1
end
HI 2430
-1
end
HI 27647
-1
end
HI 61507
-1
end
HI 43331
-1
end
HI 30183
-1
end
HI 83781
-1
end
HI 32919
-1
end
HI 41840
-1
end
HI 35223
-1
end
HI 92068
-1
end
HI 75797
-1
end
HI 95940
-1
end
HI 31070
-1
end
HI 98038
-1
end
HI 84285
-1
end
HI 9132
-1
end
HI 62830
-1
end
HI 43439
-1
end
HI 20700
-1
end
HI 84452
-1
end
HI 88972
-1
end
HI 16019
-1
end
HI 17904
-1
end
HI 66312
-1
end
HI 94972
-1
end
HI 8785
-1
end
HI 96315
-1
end
HI 64736
-1
end
HI 25452
-1
end
HI 80489
-1
end
HI 77995
-1
end
HI 99931
-1
end
HI 75817
-1
end
HI 38089
-1
end
HI 76176
-1
end
HI 65440
-1
end
HI 23933
-1
end
HI 8106
-1
end
HI 55744
-1
end
HI 16172
-1
end
HI 8873
-1
end
HI 48589
-1
end
HI 45421
-1
end
HI 86323
-1
end
HI 86922
-1
end
HI 50294
-1
end
HI 51238
-1
end
HI 45499
-1
end
HI 39669
-1
end
HI 14432
-1
end
HI 87567
-1
end
HI 21752
-1
end
HI 19613
-1
end
HI 84642
-1
end
HI 69227
-1
end
HI 9108
-1
end
HI 41595
-1
end
HI 28534
-1
end
HI 90579
-1
end
HI 67148
-1
end
HI 96086
-1
end
HI 43447
-1
end
HI 60918
-1
end
HI 22610
-1
end
HI 67690
-1
end
HI 29639
-1
end
HI 65407
-1
end
HI 48944
-1
end
HI 49902
-1
end
HI 40098
-1
end
HI 91835
-1
end
HI 63654
-1
end
HI 60909
-1
end
HI 23188
-1
end
HI 21397
-1
end
HI 48392
-1
end
HI 75995
-1
end
HI 55694
-1
end
HI 58732
-1
end
HI 55911
-1
end
HI 52029
-1
end
HI 21587
-1
end
HI 69981
-1
end
HI 30187
-1
end
HI 69225
-1
end
HI 51918
-1
end
HI 29054
-1
end
HI 19230
-1
end
HI 92361
-1
end
HI 61971
-1
end
HI 9
-1
end
HI 18359
-1
end
HI 38280
-1
end
HI 90200
-1
end
HI 25826
-1
end
HI 55688
-1
end
HI 23034
-1
end
HI 46992
-1
end
HI 77605
-1
end
HI 82209
-1
end
HI 82126
-1
end
HI 70792
-1
end
HI 92278
-1
end
HI 6386
-1
end
HI 19966
-1
end
HI 5542
-1
end
HI 58610
-1
end
HI 61039
-1
end
HI 53470
-1
end
HI 93969
-1
end
HI 13924
-1
end
HI 81190
-1
end
HI 6443
-1
end
HI 29637
-1
end
HI 39170
-1
end
HI 38946
-1
end
HI 49116
-1
end
HI 678
-1
end
HI 70879
-1
end
HI 5841
-1
end
HI 59892
-1
end
HI 50057
-1
end
HI 25834
-1
end
HI 36761
-1
end
HI 34085
-1
end
HI 94008
-1
end
HI 72759
-1
end
HI 80291
-1
end
HI 52236
-1
end
HI 77830
-1
end
HI 33387
-1
end
HI 96320
-1
end
HI 8704
-1
end
HI 98985
-1
end
HI 74723
-1
end
HI 39176
-1
end
HI 85720
-1
end
HI 54155
-1
end
HI 61357
-1
end
HI 17539
-1
end
HI 17632
-1
end
HI 84073
-1
end
HI 75776
-1
end
HI 28749
-1
end
HI 36913
-1
end
HI 89936
-1
end
HI 84278
-1
end
HI 25831
-1
end
HI 14566
-1
end
HI 77143
-1
end
HI 69554
-1
end
HI 78060
-1
end
HI 14403
-1
end
HI 64632
-1
end
HI 90473
-1
end
HI 49577
-1
end
HI 31846
-1
end
HI 68071
-1
end
HI 1823
-1
end
HI 3721
-1
end
HI 92769
-1
end
HI 4671
-1
end
HI 16708
-1
end
HI 39716
-1
end
HI 38961
-1
end
HI 50884
-1
end
HI 83711
-1
end
HI 98861
-1
end
HI 10277
-1
end
HI 7233
-1
end
HI 32279
-1
end
HI 24149
-1
end
HI 19218
-1
end
HI 35026
-1
end
HI 64798
-1
end
HI 34390
-1
end
HI 18909
-1
end
HI 19254
-1
end
HI 50251
-1
end
HI 74426
-1
end
HI 11605
-1
end
HI 40160
-1
end
HI 55107
-1
end
HI 84072
-1
end
HI 59675
-1
end
HI 81044
-1
end
HI 95469
-1
end
HI 8543
-1
end
HI 49405
-1
end
HI 86748
-1
end
HI 62900
-1
end
HI 75212
-1
end
HI 493
-1
end
HI 86948
-1
end
HI 24663
-1
end
HI 152
-1
end
HI 5456
-1
end
HI 56616
-1
end
HI 47059
-1
end
HI 3385
-1
end
HI 38818
-1
end
HI 35904
-1
end
HI 81691
-1
end
HI 43001
-1
end
HI 73038
-1
end
HI 36450
-1
end
HI 93699
-1
end
HI 784
-1
end
HI 47283
-1
end
HI 81591
-1
end
HI 68911
-1
end
HI 15219
-1
end
HI 79918
-1
end
HI 88733
-1
end
HI 14970
-1
end
HI 76946
-1
end
HI 75535
-1
end
HI 52635
-1
end
HI 17387
-1
end
HI 55168
-1
end
HI 16381
-1
end
HI 41946
-1
end
HI 29940
-1
end
HI 35547
-1
end
HI 21082
-1
end
HI 49286
-1
end
HI 28467
-1
end
HI 80839
-1
end
HI 72491
-1
end
HI 3354
-1
end
HI 50001
-1
end
HI 60422
-1
end
HI 3002
-1
end
HI 43426
-1
end
HI 57095
-1
end
HI 51524
-1
end
HI 96197
-1
end
HI 79481
-1
end
HI 63755
-1
end
HI 88061
-1
end
HI 15863
-1
end
HI 15704
-1
end
HI 61727
-1
end
HI 66611
-1
end
HI 22536
-1
end
HI 85148
-1
end
HI 2884
-1
end
HI 79977
-1
end
HI 88236
-1
end
HI 95523
-1
end
HI 51388
-1
end
HI 79840
-1
end
HI 1676
-1
end
HI 63219
-1
end
HI 87976
-1
end
HI 4092
-1
end
HI 54116
-1
end
HI 58335
-1
end
HI 2022
-1
end
HI 10625
-1
end
HI 65281
-1
end
HI 15128
-1
end
HI 31075
-1
end
HI 72681
-1
end
HI 56124
-1
end
HI 63004
-1
end
HI 62464
-1
end
HI 30705
-1
end
HI 79303
-1
end
HI 62611
-1
end
HI 71582
-1
end
HI 98509
-1
end
HI 20532
-1
end
HI 89758
-1
end
HI 68206
-1
end
HI 82430
-1
end
HI 28266
-1
end
HI 52916
-1
end
HI 98393
-1
end
HI 58186
-1
end
HI 31518
-1
end
HI 85502
-1
end
HI 90117
-1
end
HI 91080
-1
end
HI 38448
-1
end
HI 67820
-1
end
HI 36366
-1
end
HI 73119
-1
end
HI 59669
-1
end
HI 57146
-1
end
HI 84817
-1
end
HI 67417
-1
end
HI 44360
-1
end
HI 25621
-1
end
HI 69779
-1
end
HI 29253
-1
end
HI 33987
-1
end
HI 51200
-1
end
HI 9027
-1
end
HI 25571
-1
end
HI 1675
-1
end
HI 5433
-1
end
HI 70595
-1
end
HI 93527
-1
end
HI 24629
-1
end
HI 2256
-1
end
HI 79957
-1
end
HI 81258
-1
end
HI 1535
-1
end
HI 48215
-1
end
HI 9116
-1
end
HI 49326
-1
end
HI 23548
-1
end
HI 14933
-1
end
HI 61933
-1
end
HI 94035
-1
end
HI 72574
-1
end
HI 72836
-1
end
HI 63375
-1
end
HI 40687
-1
end
HI 70891
-1
end
HI 44544
-1
end
HI 59844
-1
end
HI 19609
-1
end
HI 19956
-1
end
HI 58056
-1
end
HI 59766
-1
end
HI 18030
-1
end
HI 75222
-1
end
HI 32396
-1
end
HI 35275
-1
end
HI 5505
-1
end
HI 86802
-1
end
HI 86901
-1
end
HI 50758
-1
end
HI 93148
-1
end
HI 82608
-1
end
HI 80635
-1
end
HI 68528
-1
end
HI 24830
-1
end
HI 42668
-1
end
HI 80912
-1
end
HI 18768
-1
end
HI 18941
-1
end
HI 29444
-1
end
HI 83325
-1
end
HI 54628
-1
end
HI 78148
-1
end
HI 17822
-1
end
HI 76259
-1
end
HI 4395
-1
end
HI 93347
-1
end
HI 71717
-1
end
HI 47325
-1
end
HI 77684
-1
end
HI 20480
-1
end
HI 15670
-1
end
HI 83615
-1
end
HI 4563
-1
end
HI 63525
-1
end
HI 48726
-1
end
HI 52985
-1
end
HI 54939
-1
end
HI 49641
-1
end
HI 34304
-1
end
HI 73958
-1
end
HI 47116
-1
end
HI 42673
-1
end
HI 43180
-1
end
HI 41574
-1
end
HI 43735
-1
end
HI 77727
-1
end
HI 93058
-1
end
HI 51862
-1
end
HI 21342
-1
end
HI 62214
-1
end
HI 88201
-1
end
HI 11674
-1
end
HI 49670
-1
end
HI 11541
-1
end
HI 37213
-1
end
HI 59173
-1
end
HI 15719
-1
end
HI 88158
-1
end
HI 25906
-1
end
HI 59289
-1
end
HI 23522
-1
end
HI 3289
-1
end
HI 98094
-1
end
HI 25890
-1
end
HI 53409
-1
end
HI 64185
-1
end
HI 62704
-1
end
HI 52558
-1
end
HI 39567
-1
end
HI 92372
-1
end
HI 78128
-1
end
HI 84767
-1
end
HI 56763
-1
end
HI 87389
-1
end
HI 37155
-1
end
HI 63930
-1
end
HI 74477
-1
end
HI 92944
-1
end
HI 50090
-1
end
HI 70987
-1
end
HI 60421
-1
end
HI 47936
-1
end
HI 23619
-1
end
HI 17010
-1
end
HI 75545
-1
end
HI 21091
-1
end
HI 9383
-1
end
HI 48554
-1
end
HI 83549
-1
end
HI 73037
-1
end
HI 49132
-1
end
HI 51901
-1
end
HI 75170
-1
end
HI 77438
-1
end
HI 77170
-1
end
HI 18038
-1
end
HI 13792
-1
end
HI 68032
-1
end
HI 26110
-1
end
HI 71563
-1
end
HI 82230
-1
end
HI 9721
-1
end
HI 26501
-1
end
HI 57123
-1
end
HI 86615
-1
end
HI 82433
-1
end
HI 50059
-1
end
HI 10412
-1
end
HI 10439
-1
end
HI 91674
-1
end
HI 27186
-1
end
HI 76266
-1
end
HI 94311
-1
end
HI 29293
-1
end
HI 59527
-1
end
HI 37492
-1
end
HI 44324
-1
end
HI 94113
-1
end
HI 12645
-1
end
HI 19893
-1
end
HI 5100
-1
end
HI 61287
-1
end
HI 79309
-1
end
HI 30122
-1
end
HI 55556
-1
end
HI 50031
-1
end
HI 85129
-1
end
HI 13462
-1
end
HI 87792
-1
end
HI 78636
-1
end
HI 60181
-1
end
HI 83722
-1
end
HI 46727
-1
end
HI 64059
-1
end
HI 98
-1
end
HI 33333
-1
end
HI 10144
-1
end
HI 80742
-1
end
HI 32193
-1
end
HI 58620
-1
end
HI 67047
-1
end
HI 67034
-1
end
HI 8843
-1
end
HI 63297
-1
end
HI 15745
-1
end
HI 65965
-1
end
HI 68610
-1
end
HI 87636
-1
end
HI 29764
-1
end
HI 2369
-1
end
HI 41539
-1
end
HI 54197
-1
end
HI 59767
-1
end
HI 12583
-1
end
HI 31080
-1
end
HI 11119
-1
end
HI 84832
-1
end
HI 47483
-1
end
HI 68761
-1
end
HI 66343
-1
end
HI 67550
-1
end
HI 1732
-1
end
HI 78867
-1
end
HI 69275
-1
end
HI 82666
-1
end
HI 92752
-1
end
HI 49951
-1
end
HI 13012
-1
end
HI 99102
-1
end
HI 67631
-1
end
HI 5139
-1
end
HI 25859
-1
end
HI 74256
-1
end
HI 98555
-1
end
HI 9991
-1
end
HI 56254
-1
end
HI 63634
-1
end
HI 7463
-1
end
HI 96472
-1
end
HI 34305
-1
end
HI 98874
-1
end
HI 73579
-1
end
HI 21076
-1
end
HI 8006
-1
end
HI 72563
-1
end
HI 12511
-1
end
HI 63539
-1
end
HI 41128
-1
end
HI 69680
-1
end
HI 78762
-1
end
HI 30630
-1
end
HI 96731
-1
end
HI 86215
-1
end
HI 2646
-1
end
HI 48070
-1
end
HI 37594
-1
end
HI 28033
-1
end
HI 72198
-1
end
HI 34728
-1
end
HI 60021
-1
end
HI 24558
-1
end
HI 36469
-1
end
HI 31212
-1
end
HI 74716
-1
end
HI 36936
-1
end
HI 53614
-1
end
HI 69264
-1
end
HI 44171
-1
end
HI 26568
-1
end
HI 88930
-1
end
HI 98737
-1
end
HI 18067
-1
end
HI 8496
-1
end
HI 28350
-1
end
HI 43038
-1
end
HI 45047
-1
end
HI 26935
-1
end
HI 84921
-1
end
HI 38685
-1
end
HI 33815
-1
end
HI 27535
-1
end
HI 9957
-1
end
HI 33040
-1
end
HI 60746
-1
end
HI 67985
-1
end
HI 34451
-1
end
HI 36921
-1
end
HI 2824
-1
end
HI 45995
-1
end
HI 44667
-1
end
HI 81552
-1
end
HI 79188
-1
end
HI 53288
-1
end
HI 87753
-1
end
HI 50997
-1
end
HI 10229
-1
end
HI 73059
-1
end
HI 21483
-1
end
HI 90040
-1
end
HI 26611
-1
end
HI 38434
-1
end
HI 5535
-1
end
HI 26179
-1
end
HI 40884
-1
end
HI 8502
-1
end
HI 77364
-1
end
HI 90525
-1
end
HI 95849
-1
end
HI 26069
-1
end
HI 55288
-1
end
HI 44619
-1
end
HI 4948
-1
end
HI 48013
-1
end
HI 15025
-1
end
HI 99725
-1
end
HI 91518
-1
end
HI 14857
-1
end
HI 30696
-1
end
HI 41347
-1
end
HI 60480
-1
end
HI 99660
-1
end
HI 80726
-1
end
HI 99466
-1
end
HI 56051
-1
end
HI 41716
-1
end
HI 20228
-1
end
HI 29811
-1
end
HI 9232
-1
end
HI 89526
-1
end
HI 28028
-1
end
HI 80229
-1
end
HI 71077
-1
end
HI 12389
-1
end
HI 52962
-1
end
HI 85381
-1
end
HI 38550
-1
end
HI 86752
-1
end
HI 20864
-1
end
HI 8597
-1
end
HI 7208
-1
end
HI 63546
-1
end
HI 23388
-1
end
HI 80830
-1
end
HI 62815
-1
end
HI 80530
-1
end
HI 42852
-1
end
HI 84312
-1
end
HI 99087
-1
end
HI 5323
-1
end
HI 30506
-1
end
HI 22744
-1
end
HI 53167
-1
end
HI 51231
-1
end
HI 53057
-1
end
HI 27605
-1
end
HI 32467
-1
end
HI 68529
-1
end
HI 35365
-1
end
HI 63254
-1
end
HI 4829
-1
end
HI 2966
-1
end
HI 85230
-1
end
HI 66202
-1
end
HI 46187
-1
end
HI 84404
-1
end
HI 50244
-1
end
HI 6718
-1
end
HI 89190
-1
end
HI 2083
-1
end
HI 6858
-1
end
HI 98624
-1
end
HI 75893
-1
end
HI 83571
-1
end
HI 18695
-1
end
HI 52720
-1
end
HI 53310
-1
end
HI 18926
-1
end
HI 46121
-1
end
HI 46173
-1
end
HI 21462
-1
end
HI 82099
-1
end
HI 26371
-1
end
HI 11983
-1
end
HI 50669
-1
end
HI 80516
-1
end
HI 70180
-1
end
HI 27599
-1
end
HI 28634
-1
end
HI 52444
-1
end
HI 78064
-1
end
HI 2678
-1
end
HI 8513
-1
end
HI 65409
-1
end
HI 41601
-1
end
HI 78035
-1
end
HI 43852
-1
end
HI 83668
-1
end
HI 29516
-1
end
HI 12394
-1
end
HI 74225
-1
end
HI 43263
-1
end
HI 61063
-1
end
HI 28159
-1
end
HI 21540
-1
end
HI 65888
-1
end
HI 36625
-1
end
HI 98425
-1
end
HI 3210
-1
end
HI 18130
-1
end
HI 17430
-1
end
HI 93326
-1
end
HI 49110
-1
end
HI 21556
-1
end
HI 85664
-1
end
HI 14287
-1
end
HI 99163
-1
end
HI 62062
-1
end
HI 33487
-1
end
HI 90975
-1
end
HI 98628
-1
end
HI 13877
-1
end
HI 87973
-1
end
HI 87934
-1
end
HI 97627
-1
end
HI 50272
-1
end
HI 78997
-1
end
HI 99045
-1
end
HI 17888
-1
end
HI 99871
-1
end
HI 94431
-1
end
HI 39777
-1
end
HI 36008
-1
end
HI 58914
-1
end
HI 81956
-1
end
HI 88302
-1
end
HI 60801
-1
end
HI 61776
-1
end
HI 12764
-1
end
HI 1232
-1
end
HI 19659
-1
end
HI 17177
-1
end
HI 54753
-1
end
HI 5857
-1
end
HI 90900
-1
end
HI 40520
-1
end
HI 78646
-1
end
HI 92271
-1
end
HI 5667
-1
end
HI 28309
-1
end
HI 76864
-1
end
HI 29730
-1
end
HI 92198
-1
end
HI 94622
-1
end
HI 3254
-1
end
HI 8606
-1
end
HI 67094
-1
end
HI 15631
-1
end
HI 8769
-1
end
HI 85655
-1
end
HI 84641
-1
end
HI 71230
-1
end
HI 27028
-1
end
HI 23692
-1
end
HI 26893
-1
end
HI 87267
-1
end
HI 68252
-1
end
HI 10714
-1
end
HI 63142
-1
end
HI 8032
-1
end
HI 20655
-1
end
HI 45954
-1
end
HI 37475
-1
end
HI 67305
-1
end
HI 21224
-1
end
HI 5876
-1
end
HI 4226
-1
end
HI 88364
-1
end
HI 10505
-1
end
HI 37878
-1
end
HI 25532
-1
end
HI 28877
-1
end
HI 93182
-1
end
HI 46108
-1
end
HI 1491
-1
end
HI 17155
-1
end
HI 8038
-1
end
HI 23234
-1
end
HI 39639
-1
end
HI 27238
-1
end
HI 91668
-1
end
HI 92467
-1
end
HI 79371
-1
end
HI 36003
-1
end
HI 28046
-1
end
HI 89643
-1
end
HI 96427
-1
end
HI 11186
-1
end
HI 43885
-1
end
HI 84878
-1
end
HI 52625
-1
end
HI 66457
-1
end
HI 82017
-1
end
HI 52344
-1
end
HI 50833
-1
end
HI 34136
-1
end
HI 91871
-1
end
HI 17653
-1
end
HI 38169
-1
end
HI 73799
-1
end
HI 12637
-1
end
HI 3295
-1
end
HI 92363
-1
end
HI 5678
-1
end
HI 48593
-1
end
HI 25779
-1
end
HI 19974
-1
end
HI 78099
-1
end
HI 95764
-1
end
HI 49561
-1
end
HI 83692
-1
end
HI 76328
-1
end
HI 79092
-1
end
HI 77669
-1
end
HI 29214
-1
end
HI 94337
-1
end
HI 70375
-1
end
HI 53807
-1
end
HI 46838
-1
end
HI 55355
-1
end
HI 84347
-1
end
HI 36652
-1
end
HI 96369
-1
end
HI 29659
-1
end
HI 13801
-1
end
HI 70120
-1
end
HI 5411
-1
end
HI 26822
-1
end
HI 95637
-1
end
HI 16390
-1
end
HI 58135
-1
end
HI 79575
-1
end
HI 52897
-1
end
HI 67361
-1
end
HI 27110
-1
end
HI 72464
-1
end
HI 70849
-1
end
HI 65993
-1
end
HI 96416
-1
end
HI 39412
-1
end
HI 78261
-1
end
HI 20039
-1
end
HI 98219
-1
end
HI 77293
-1
end
HI 97514
-1
end
HI 28721
-1
end
HI 42748
-1
end
HI 31813
-1
end
HI 67623
-1
end
HI 77687
-1
end
HI 16820
-1
end
HI 58116
-1
end
HI 99694
-1
end
HI 87284
-1
end
HI 82508
-1
end
HI 76778
-1
end
HI 96881
-1
end
HI 85905
-1
end
HI 25751
-1
end
HI 56065
-1
end
HI 11270
-1
end
HI 90642
-1
end
HI 85510
-1
end
HI 93321
-1
end
HI 72877
-1
end
HI 1941
-1
end
HI 94860
-1
end
HI 63842
-1
end
HI 17633
-1
end
HI 10351
-1
end
HI 90185
-1
end
HI 10083
-1
end
HI 86815
-1
end
HI 96250
-1
end
HI 54673
-1
end
HI 53034
-1
end
HI 93867
-1
end
HI 80805
-1
end
HI 47616
-1
end
HI 82929
-1
end
HI 56211
-1
end
HI 40265
-1
end
HI 58417
-1
end
HI 16517
-1
end
HI 52496
-1
end
HI 45220
-1
end
HI 44765
-1
end
HI 93966
-1
end
HI 67764
-1
end
HI 35934
-1
end
HI 22421
-1
end
HI 6229
-1
end
HI 24813
-1
end
HI 64355
-1
end
HI 3695
-1
end
HI 42179
-1
end
HI 82843
-1
end
HI 96388
-1
end
HI 79084
-1
end
HI 78913
-1
end
HI 87656
-1
end
HI 44252
-1
end
HI 10820
-1
end
HI 30273
-1
end
HI 57863
-1
end
HI 44999
-1
end
HI 63458
-1
end
HI 93641
-1
end
HI 86568
-1
end
HI 31704
-1
end
HI 76012
-1
end
HI 66589
-1
end
HI 42621
-1
end
HI 87098
-1
end
HI 75745
-1
end
HI 72409
-1
end
HI 3214
-1
end
HI 61325
-1
end
HI 71332
-1
end
HI 98988
-1
end
HI 66811
-1
end
HI 95152
-1
end
HI 5022
-1
end
HI 3607
-1
end
HI 22825
-1
end
HI 73901
-1
end
HI 48400
-1
end
HI 60947
-1
end
HI 77645
-1
end
HI 76706
-1
end
HI 15731
-1
end
HI 18297
-1
end
HI 94916
-1
end
HI 16833
-1
end
HI 62974
-1
end
HI 17952
-1
end
HI 78635
-1
end
HI 2660
-1
end
HI 84065
-1
end
HI 64435
-1
end
HI 93053
-1
end
HI 67876
-1
end
HI 98640
-1
end
HI 91925
-1
end
HI 94680
-1
end
HI 96496
-1
end
HI 47945
-1
end
HI 94849
-1
end
HI 66413
-1
end
HI 36066
-1
end
HI 48725
-1
end
HI 11125
-1
end
HI 88525
-1
end
HI 54943
-1
end
HI 32357
-1
end
HI 63603
-1
end
HI 77924
-1
end
HI 83676
-1
end
HI 38426
-1
end
HI 72085
-1
end
HI 32093
-1
end
HI 46065
-1
end
HI 62818
-1
end
HI 65743
-1
end
HI 51101
-1
end
HI 61770
-1
end
HI 91563
-1
end
HI 27577
-1
end
HI 43221
-1
end
HI 31567
-1
end
HI 96263
-1
end
HI 38326
-1
end
HI 1791
-1
end
HI 27250
-1
end
HI 74044
-1
end
HI 35631
-1
end
HI 35357
-1
end
HI 81114
-1
end
HI 82314
-1
end
HI 31724
-1
end
HI 57250
-1
end
HI 62345
-1
end
HI 20654
-1
end
HI 18706
-1
end
HI 78743
-1
end
HI 44649
-1
end
HI 67080
-1
end
HI 85221
-1
end
HI 32382
-1
end
HI 52582
-1
end
HI 8136
-1
end
HI 24271
-1
end
HI 3060
-1
end
HI 98891
-1
end
HI 62627
-1
end
HI 86416
-1
end
HI 89418
-1
end
HI 34124
-1
end
HI 67619
-1
end
HI 78340
-1
end
HI 744
-1
end
HI 61235
-1
end
HI 87995
-1
end
HI 70475
-1
end
HI 95670
-1
end
HI 90106
-1
end
HI 4087
-1
end
HI 13411
-1
end
HI 599
-1
end
HI 65501
-1
end
HI 46613
-1
end
HI 27810
-1
end
HI 49432
-1
end
HI 97877
-1
end
HI 22423
-1
end
HI 13052
-1
end
HI 26372
-1
end
HI 36310
-1
end
HI 69532
-1
end
HI 98146
-1
end
HI 65068
-1
end
HI 87870
-1
end
HI 47349
-1
end
HI 96607
-1
end
HI 67273
-1
end
HI 93328
-1
end
HI 74307
-1
end
HI 48752
-1
end
HI 90961
-1
end
HI 46720
-1
end
HI 52715
-1
end
HI 1001
-1
end
HI 42105
-1
end
HI 59632
-1
end
HI 24713
-1
end
HI 9678
-1
end
HI 1480
-1
end
HI 22939
-1
end
HI 38710
-1
end
HI 85067
-1
end
HI 30032
-1
end
HI 93669
-1
end
HI 4372
-1
end
HI 27660
-1
end
HI 56819
-1
end
HI 17891
-1
end
HI 62521
-1
end
HI 3958
-1
end
HI 80358
-1
end
HI 4990
-1
end
HI 11576
-1
end
HI 54698
-1
end
HI 56464
-1
end
HI 25549
-1
end
HI 98183
-1
end
HI 18194
-1
end
HI 48227
-1
end
HI 69506
-1
end
HI 74005
-1
end
HI 81602
-1
end
HI 92665
-1
end
HI 31390
-1
end
HI 86912
-1
end
HI 24617
-1
end
HI 2336
-1
end
HI 24758
-1
end
HI 34183
-1
end
HI 65770
-1
end
HI 33565
-1
end
HI 90302
-1
end
HI 34763
-1
end
HI 80447
-1
end
HI 99970
-1
end
HI 8219
-1
end
HI 15255
-1
end
HI 60089
-1
end
HI 2173
-1
end
HI 7450
-1
end
HI 77688
-1
end
HI 11836
-1
end
HI 85716
-1
end
HI 26714
-1
end
HI 54481
-1
end
HI 41816
-1
end
HI 72069
-1
end
HI 98895
-1
end
HI 45377
-1
end
HI 64183
-1
end
HI 33561
-1
end
HI 81885
-1
end
HI 77716
-1
end
HI 26211
-1
end
HI 80522
-1
end
HI 73744
-1
end
HI 30263
-1
end
HI 78779
-1
end
HI 94887
-1
end
HI 75915
-1
end
HI 32677
-1
end
HI 8983
-1
end
HI 21209
-1
end
HI 57265
-1
end
HI 85255
-1
end
HI 70215
-1
end
HI 32700
-1
end
HI 69602
-1
end
HI 31015
-1
end
HI 57963
-1
end
HI 91426
-1
end
HI 75154
-1
end
HI 50953
-1
end
HI 21512
-1
end
HI 79447
-1
end
HI 13231
-1
end
HI 19650
-1
end
HI 44263
-1
end
HI 82128
-1
end
HI 5585
-1
end
HI 91094
-1
end
HI 13624
-1
end
HI 47606
-1
end
HI 16350
-1
end
HI 50564
-1
end
HI 32676
-1
end
HI 17011
-1
end
HI 12358
-1
end
HI 56107
-1
end
HI 27809
-1
end
HI 5460
-1
end
HI 87856
-1
end
HI 75351
-1
end
HI 15509
-1
end
HI 52469
-1
end
HI 75038
-1
end
HI 9552
-1
end
HI 77615
-1
end
HI 45631
-1
end
HI 5008
-1
end
HI 92955
-1
end
HI 26034
-1
end
HI 72358
-1
end
HI 85622
-1
end
HI 76534
-1
end
HI 62259
-1
end
HI 39423
-1
end
HI 89414
-1
end
HI 41072
-1
end
HI 60475
-1
end
HI 11456
-1
end
HI 80778
-1
end
HI 506
-1
end
HI 17029
-1
end
HI 54383
-1
end
HI 75861
-1
end
HI 43388
-1
end
HI 79541
-1
end
HI 35688
-1
end
HI 24870
-1
end
HI 48893
-1
end
HI 59350
-1
end
HI 43875
-1
end
HI 24247
-1
end
HI 67364
-1
end
HI 6654
-1
end
HI 41828
-1
end
HI 43717
-1
end
HI 43109
-1
end
HI 56108
-1
end
HI 97922
-1
end
HI 99545
-1
end
HI 14163
-1
end
HI 43284
-1
end
HI 79276
-1
end
HI 69966
-1
end
HI 88723
-1
end
HI 85833
-1
end
HI 52291
-1
end
HI 64073
-1
end
HI 88821
-1
end
HI 34046
-1
end
HI 46
-1
end
HI 40661
-1
end
HI 19663
-1
end
HI 20828
-1
end
HI 53431
-1
end
HI 18828
-1
end
HI 29465
-1
end
HI 21712
-1
end
HI 91327
-1
end
HI 88171
-1
end
HI 30095
-1
end
HI 62254
-1
end
HI 974
-1
end
HI 60810
-1
end
HI 19249
-1
end
HI 56455
-1
end
HI 72308
-1
end
HI 1343
-1
end
HI 95325
-1
end
HI 6274
-1
end
HI 60171
-1
end
HI 88353
-1
end
HI 27771
-1
end
HI 54140
-1
end
HI 67114
-1
end
HI 11188
-1
end
HI 97638
-1
end
HI 28980
-1
end
HI 12626
-1
end
HI 93246
-1
end
HI 51477
-1
end
HI 23975
-1
end
HI 31933
-1
end
HI 39537
-1
end
HI 32084
-1
end
HI 9684
-1
end
HI 10466
-1
end
HI 33249
-1
end
HI 52869
-1
end
HI 66441
-1
end
HI 85749
-1
end
HI 67680
-1
end
HI 17264
-1
end
HI 72406
-1
end
HI 76903
-1
end
HI 70064
-1
end
HI 37977
-1
end
HI 19001
-1
end
HI 99507
-1
end
HI 63870
-1
end
HI 62911
-1
end
HI 46174
-1
end
HI 55681
-1
end
HI 73088
-1
end
HI 62514
-1
end
HI 22312
-1
end
HI 62179
-1
end
HI 30676
-1
end
HI 36649
-1
end
HI 2396
-1
end
HI 66440
-1
end
HI 26361
-1
end
HI 72265
-1
end
HI 91838
-1
end
HI 33684
-1
end
HI 75073
-1
end
HI 20094
-1
end
HI 995
-1
end
HI 9304
-1
end
HI 10759
-1
end
HI 99997
-1
end
HI 17124
-1
end
HI 43445
-1
end
HI 46590
-1
end
HI 44965
-1
end
HI 5907
-1
end
HI 94106
-1
end
HI 6236
-1
end
HI 24176
-1
end
HI 81670
-1
end
HI 908
-1
end
HI 85011
-1
end
HI 33610
-1
end
HI 7533
-1
end
HI 99209
-1
end
HI 34964
-1
end
HI 94280
-1
end
HI 63747
-1
end
HI 89879
-1
end
HI 5947
-1
end
HI 82601
-1
end
HI 13
-1
end
HI 16750
-1
end
HI 9164
-1
end
HI 94890
-1
end
HI 1902
-1
end
HI 91789
-1
end
HI 889
-1
end
HI 14664
-1
end
HI 80070
-1
end
HI 51992
-1
end
HI 95862
-1
end
HI 68683
-1
end
HI 57940
-1
end
HI 43747
-1
end
HI 53910
-1
end
HI 39251
-1
end
HI 42258
-1
end
HI 65808
-1
end
HI 73086
-1
end
HI 17693
-1
end
HI 48963
-1
end
HI 4910
-1
end
HI 27478
-1
end
HI 58192
-1
end
HI 50498
-1
end
HI 49079
-1
end
HI 76853
-1
end
HI 62530
-1
end
HI 16147
-1
end
HI 90638
-1
end
HI 87234
-1
end
HI 77106
-1
end
HI 29898
-1
end
HI 69489
-1
end
HI 40295
-1
end
HI 48703
-1
end
HI 74737
-1
end
HI 77535
-1
end
HI 54716
-1
end
HI 93693
-1
end
HI 61739
-1
end
HI 37044
-1
end
HI 90554
-1
end
HI 74995
-1
end
HI 34180
-1
end
HI 64402
-1
end
HI 76859
-1
end
HI 10827
-1
end
HI 84223
-1
end
HI 30105
-1
end
HI 85047
-1
end
HI 8296
-1
end
HI 60120
-1
end
HI 13010
-1
end
HI 40434
-1
end
HI 19373
-1
end
HI 33475
-1
end
HI 8902
-1
end
HI 8724
-1
end
HI 54367
-1
end
HI 97316
-1
end
HI 68590
-1
end
HI 75739
-1
end
HI 96133
-1
end
HI 1472
-1
end
HI 65381
-1
end
HI 26579
-1
end
HI 2299
-1
end
HI 97003
-1
end
HI 83530
-1
end
HI 54592
-1
end
HI 6085
-1
end
HI 63489
-1
end
HI 8397
-1
end
HI 52843
-1
end
HI 38053
-1
end
HI 96647
-1
end
HI 47164
-1
end
HI 72211
-1
end
HI 5815
-1
end
HI 72022
-1
end
HI 37076
-1
end
HI 88068
-1
end
HI 40659
-1
end
HI 27644
-1
end
HI 69082
-1
end
HI 36135
-1
end
HI 72454
-1
end
HI 82005
-1
end
HI 95886
-1
end
HI 5178
-1
end
HI 20444
-1
end
HI 15098
-1
end
HI 85638
-1
end
HI 46499
-1
end
HI 94016
-1
end
HI 58425
-1
end
HI 25699
-1
end
HI 79844
-1
end
HI 87168
-1
end
HI 89318
-1
end
HI 94212
-1
end
HI 11768
-1
end
HI 37369
-1
end
HI 72443
-1
end
HI 20369
-1
end
HI 22299
-1
end
HI 75229
-1
end
HI 92300
-1
end
HI 36001
-1
end
HI 87137
-1
end
HI 8791
-1
end
HI 96862
-1
end
HI 21244
-1
end
HI 7698
-1
end
HI 453
-1
end
HI 53887
-1
end
HI 74794
-1
end
HI 46232
-1
end
HI 41737
-1
end
HI 72677
-1
end
HI 68912
-1
end
HI 71417
-1
end
HI 20975
-1
end
HI 45626
-1
end
HI 32687
-1
end
HI 13022
-1
end
HI 93532
-1
end
HI 70735
-1
end
HI 89813
-1
end
HI 45943
-1
end
HI 79557
-1
end
HI 54093
-1
end
HI 27187
-1
end
HI 64473
-1
end
HI 25245
-1
end
HI 51695
-1
end
HI 83376
-1
end
HI 23063
-1
end
HI 39921
-1
end
HI 97819
-1
end
HI 49207
-1
end
HI 22959
-1
end
HI 12867
-1
end
HI 67507
-1
end
HI 46507
-1
end
HI 52908
-1
end
HI 72322
-1
end
HI 10174
-1
end
HI 59081
-1
end
HI 75261
-1
end
HI 59837
-1
end
HI 46657
-1
end
HI 2676
-1
end
HI 75486
-1
end
HI 20768
-1
end
HI 98808
-1
end
HI 92294
-1
end
HI 48764
-1
end
HI 12751
-1
end
HI 55827
-1
end
HI 7758
-1
end
HI 7901
-1
end
HI 80303
-1
end
HI 29108
-1
end
HI 3680
-1
end
HI 81867
-1
end
HI 69285
-1
end
HI 53713
-1
end
HI 63788
-1
end
HI 92761
-1
end
HI 20633
-1
end
HI 23964
-1
end
HI 30590
-1
end
HI 36865
-1
end
HI 57758
-1
end
HI 35641
-1
end
HI 26582
-1
end
HI 2661
-1
end
HI 21831
-1
end
HI 6740
-1
end
HI 92258
-1
end
HI 35196
-1
end
HI 23376
-1
end
HI 4024
-1
end
HI 99203
-1
end
HI 77428
-1
end
HI 96573
-1
end
HI 33020
-1
end
HI 63639
-1
end
HI 1754
-1
end
HI 57984
-1
end
HI 30978
-1
end
HI 75195
-1
end
HI 5459
-1
end
HI 76418
-1
end
HI 95622
-1
end
HI 16693
-1
end
HI 17066
-1
end
HI 52431
-1
end
HI 73760
-1
end
HI 44651
-1
end
HI 84503
-1
end
HI 79820
-1
end
HI 7287
-1
end
HI 12881
-1
end
HI 33453
-1
end
HI 98526
-1
end
HI 94551
-1
end
HI 97463
-1
end
HI 40971
-1
end
HI 7393
-1
end
HI 80651
-1
end
HI 67726
-1
end
HI 9436
-1
end
HI 92597
-1
end
HI 43218
-1
end
HI 70133
-1
end
HI 48584
-1
end
HI 17781
-1
end
HI 94258
-1
end
HI 65893
-1
end
HI 26676
-1
end
HI 775
-1
end
HI 37315
-1
end
HI 14791
-1
end
HI 86091
-1
end
HI 56931
-1
end
HI 29348
-1
end
HI 28328
-1
end
HI 38424
-1
end
HI 53041
-1
end
HI 39310
-1
end
HI 12465
-1
end
HI 32440
-1
end
HI 21207
-1
end
HI 83349
-1
end
HI 58518
-1
end
HI 79749
-1
end
HI 16538
-1
end
HI 2844
-1
end
HI 65300
-1
end
HI 73031
-1
end
HI 19608
-1
end
HI 76075
-1
end
HI 69825
-1
end
HI 94349
-1
end
HI 61967
-1
end
HI 78114
-1
end
HI 16920
-1
end
HI 27992
-1
end
HI 74016
-1
end
HI 93750
-1
end
HI 78721
-1
end
HI 75580
-1
end
HI 30406
-1
end
HI 17774
-1
end
HI 59368
-1
end
HI 78143
-1
end
HI 57894
-1
end
HI 32995
-1
end
HI 36231
-1
end
HI 33145
-1
end
HI 89311
-1
end
HI 93439
-1
end
HI 23611
-1
end
HI 16224
-1
end
HI 47218
-1
end
HI 60991
-1
end
HI 71449
-1
end
HI 95550
-1
end
HI 11388
-1
end
HI 65884
-1
end
HI 92437
-1
end
HI 99601
-1
end
HI 26769
-1
end
HI 98633
-1
end
HI 99488
-1
end
HI 43597
-1
end
HI 51762
-1
end
HI 75650
-1
end
HI 10713
-1
end
HI 3893
-1
end
HI 41152
-1
end
HI 48602
-1
end
HI 47357
-1
end
HI 81283
-1
end
HI 46690
-1
end
HI 94595
-1
end
HI 33345
-1
end
HI 79392
-1
end
HI 43783
-1
end
HI 59215
-1
end
HI 24719
-1
end
HI 76273
-1
end
HI 101
-1
end
HI 45398
-1
end
HI 9246
-1
end
HI 68562
-1
end
HI 62766
-1
end
HI 55660
-1
end
HI 58132
-1
end
HI 43420
-1
end
HI 86998
-1
end
HI 24981
-1
end
HI 1201
-1
end
HI 74798
-1
end
HI 47919
-1
end
HI 76264
-1
end
HI 73606
-1
end
HI 74368
-1
end
HI 89970
-1
end
HI 15974
-1
end
HI 45365
-1
end
HI 76486
-1
end
HI 8844
-1
end
HI 27096
-1
end
HI 38293
-1
end
HI 10023
-1
end
HI 55669
-1
end
HI 43220
-1
end
HI 98313
-1
end
HI 79478
-1
end
HI 5955
-1
end
HI 847
-1
end
HI 6353
-1
end
HI 66565
-1
end
HI 40022
-1
end
HI 98803
-1
end
HI 82658
-1
end
HI 9644
-1
end
HI 49793
-1
end
HI 94604
-1
end
HI 9200
-1
end
HI 55523
-1
end
HI 42308
-1
end
HI 49125
-1
end
HI 92009
-1
end
HI 1696
-1
end
HI 71163
-1
end
HI 20136
-1
end
HI 23463
-1
end
HI 29810
-1
end
HI 90747
-1
end
HI 9179
-1
end
