0
0
0
0
935643291
531921462
3519464
9131600
65823240
48379402
0
0
0
835725672
0
988439456
152645301
0
541155932
4827608
0
0
3264
85503924
174592033
0
0
66627624
0
527282668
0
3672768
724863193
0
147292065
0
0
671098976
1432104
0
341164093
0
443285353
6390048
0
0
0
0
431322216
0
0
318100392
622368961
410584741
6388992
324968168
393304379
765249120
0
568876903
0
0
0
0
155517621
297250983
568876903
0
252739200
0
0
0
0
636601510
1205184
765777639
129982962
55280221
0
4032
0
317368965
989965038
0
879560568
891120945
928382567
696872511
0
22163179
0
214351189
0
654810793
383933996
0
238722757
0
654009939
0
817031471
4389832
0
0
0
0
0
7275184
66816
592655152
557996340
553511639
633867318
0
0
0
423094100
379201448
87375672
0
0
0
7520
980726263
47381387
814433341
7275184
689115570
33004768
0
0
0
198074277
0
633307725
424696
959574642
0
0
0
530436
381232927
143930252
33678651
249870063
0
940163370
0
0
880202332
266832173
317337894
755179224
378831006
371529163
846689247
0
0
169036558
0
0
147292065
0
546515080
0
167741733
0
309603539
0
39528784
508917027
826678346
3801688
449710980
521314366
139275273
770778183
715555932
0
0
4633040
204383932
748011004
0
492070132
317337894
748323212
7693467
144938571
533661117
672003687
501056840
0
0
0
0
285799097
568876903
0
0
0
7486756
0
0
407402119
0
54167832
0
2464
0
849168787
458509276
0
105897789
935607649
0
0
0
258657149
33600
741795239
8046336
0
0
17248128
285197318
73326434
881572242
568
830425242
303537218
934720808
0
620840316
33004768
0
501929888
3020696
271374520
188255922
0
0
826372733
0
0
659886008
662627730
0
327811516
0
0
694079598
0
844129570
0
0
583799005
0
0
0
0
0
538057395
0
0
456939015
110904394
0
0
0
8046336
0
0
817456887
0
312559343
85944
0
0
0
0
336092211
950194628
0
37790952
914142124
391693050
403354228
118608705
423328
1424304
19346676
580639021
12668778
0
814433341
3313872
0
0
0
911584027
0
761014409
0
754861243
387841347
490376987
181261506
0
0
55381744
756745271
649836175
35861472
0
534566700
0
0
0
507131691
192333824
627362535
493035264
73685655
919529478
61702446
887574301
929547004
724769614
0
0
0
179091479
230173248
0
652365336
313678199
0
45936
0
0
0
0
508595025
0
457765814
807648098
275046578
753270175
0
2784
0
323481302
3003520
554034893
0
0
0
0
72448249
596540265
707846021
70145420
0
0
833551314
497449131
178724348
2590848
0
175956672
0
603928679
0
627743213
0
330175056
2643693
833184376
0
0
0
0
910797089
981302723
0
9103520
0
0
738870882
60727170
0
2378416
0
0
0
186647668
671318432
102530775
846689247
0
0
0
717899644
0
914142124
0
915546742
13983901
0
0
0
202872489
0
0
0
0
794252600
959629750
0
0
190800550
0
174485517
18624
37790952
261537213
338124553
432823142
326397993
0
914563554
636551993
168054876
0
0
802834571
0
4633040
1368584
0
0
0
0
0
861094653
515523514
2975674
0
0
0
118608705
0
0
694268980
9403680
22079136
689433048
0
0
510274905
24651664
246778006
927950400
403354228
0
0
0
0
0
111360
0
200100111
0
797503464
0
0
876237870
7520
0
0
977326427
0
0
10659032
0
2422656
211824
0
0
46748928
20632744
303188944
0
836779241
488337211
156842012
0
104832
169838462
935643291
19346676
2868048
981802863
609329185
70145420
0
85074991
152432496
487572057
911853684
123380
13300993
117563736
341412198
0
0
0
0
0
0
679044764
0
257749871
220440497
421833976
0
0
621490860
158602489
51512905
0
0
699893783
261254728
0
373986648
997442816
0
0
104653322
0
13427088
0
0
0
0
601224
0
71348404
0
615365649
0
0
26192
0
902469233
870751897
0
8064
754887092
0
0
716114154
7040
0
666057098
398296280
987777739
0
694268980
236141293
0
3672768
1536
486298246
1605643
236212268
0
509790425
0
0
144667446
0
973343951
201490523
0
951728927
0
879358874
0
0
110904394
424696
0
103360860
749202543
0
0
1368584
339563453
445440
0
762065756
162781140
284608
820514565
434807958
848042608
0
514766215
987777739
163291344
246778006
857396354
418099967
0
910700487
0
935717632
0
0
823943160
14333672
0
505413236
303188944
187253066
0
375976102
0
872705568
604034339
882513656
342637189
0
748323212
945988693
0
0
893399235
855199656
0
0
350627121
0
0
594048
919448359
586327990
441006064
0
0
91184040
7759872
830803126
2864208
114228570
160568657
0
216940710
974812124
418896
707248885
528507392
0
0
0
0
481501308
0
333335105
0
293349838
799611726
746208
393426849
0
543981495
57888
0
0
0
299812528
0
0
0
50033544
148958870
0
600287975
19541556
6700544
0
0
433131182
849275673
0
0
730410249
267108686
0
0
0
0
0
238722757
0
807552
0
389453831
988281394
554034893
410263084
951682047
4880640
0
0
0
6627264
57888
291578079
621244852
592655152
222720
163291344
0
451580585
590675583
778859554
0
105837045
0
0
0
0
0
914145242
0
740845728
0
831492553
655450202
0
160568657
35569231
22079136
0
0
598617743
1103544
228879130
0
895308795
929462780
675030432
0
0
37232385
437630344
2657113
2223828
738870882
0
218590513
200448
0
443285353
287449857
274725126
0
0
0
390527512
930385320
0
0
0
62984047
0
0
0
911584027
0
50810832
203243328
17248128
0
197464032
0
0
564635989
0
0
0
537679088
21224
251928
153528742
1445040
855872600
310202560
290953263
0
162105598
0
702660503
0
140400
4032504
140883160
0
0
0
0
23136
327867192
0
210284894
786920816
0
297250983
3840
312559343
179665560
0
0
146608514
0
972004868
0
0
745944
0
134276149
509790425
594144384
0
267108686
0
3518316
628993538
0
861591800
645017110
0
0
819677104
29601514
0
0
0
0
0
0
61702446
0
1424304
0
0
37232385
210284894
334177247
0
323707347
0
0
74419255
0
210408
92505865
461472
0
0
299812528
286217863
950194628
0
5184
0
67411900
2657113
792856266
13255488
0
0
0
342682615
748323212
0
58639345
2868048
133632
0
0
0
0
0
0
0
44390590
331440333
350702288
0
0
0
56520576
156011913
0
154907904
23726960
0
138996528
0
592655152
0
393599685
785178890
0
0
1280
678372452
0
0
0
7790928
0
0
602206312
182236886
0
311225542
0
876364221
720414567
756537614
1424304
0
0
0
959574642
757453332
0
410263084
640098160
0
797960567
896894149
338980491
0
947076606
19068116
0
265460512
0
213869132
0
410263084
0
0
275504559
199505705
540533894
0
13087872
0
0
0
581789926
8706859
0
0
0
73415911
235439040
0
0
409322545
366366060
72607544
0
0
0
37164888
813507828
0
229323135
0
160
600136830
0
0
824128326
0
0
440059794
757942813
667049358
0
140390747
0
0
0
413876196
0
10740880
561503731
0
785137847
0
0
0
0
0
0
9403680
3518316
0
0
0
293054091
644916357
0
613476457
0
912411798
0
0
0
991298169
708372961
303537218
419761172
554034893
0
0
54167832
651843976
212887150
2592
977740734
486298246
0
385063911
561974330
0
0
0
188676700
165363520
443392
68936472
339551738
50810832
0
870755785
0
591686743
0
53975120
0
749932422
96
2868048
103360860
18560557
778859554
3313872
0
608785479
458509276
107417155
0
50875160
311141724
0
17039018
0
0
893399235
733507780
554034893
0
129982962
532393792
0
0
77926848
0
0
0
0
0
958969842
0
96
251120
48659032
879373638
477616913
0
40320
0
0
946069008
0
0
7520
145396469
0
947609246
290150803
0
0
0
852264105
183682481
0
0
0
665574403
0
0
0
826198915
365437815
823495216
0
0
581964027
99392
2228928
0
0
929462780
0
0
74934310
0
610103118
225954793
371200
0
0
84417264
0
12758064
0
174315568
0
26208
213017240
230173248
0
49936642
0
329143057
0
957868580
0
0
820617803
88041936
0
0
390392717
1368584
297268612
159359280
920484140
2464
262157573
222213744
0
516665278
812788776
0
32025622
772270744
0
111360
490657184
403471814
353858252
423469822
0
0
0
0
4447656
0
0
0
0
0
0
0
390242311
882513656
0
26641656
3072
333335105
0
0
757453332
0
0
368967339
0
3955512
77356
0
523518618
0
0
783840722
0
659886008
0
0
215208
0
0
0
964777144
0
3914872
0
288355920
909952848
68427758
696046286
0
0
814691822
0
0
111012688
0
0
833088875
183016563
549270146
0
70260928
73326434
662402190
680646895
0
98907907
1113600
505413236
0
0
140728015
329313285
828262361
167741733
0
0
929462780
5810112
959574642
931216874
466400
278901541
0
0
0
239065608
68936472
15648199
602495151
708372961
0
870751897
691945733
0
855199656
0
0
0
409387609
655770054
390873709
144053201
0
0
0
0
205487628
370033044
0
0
492070132
0
546515080
0
3940372
272715343
880202332
778859554
2378416
381232927
0
3313872
0
0
0
826198915
9023616
0
0
0
0
0
0
439979328
0
0
0
250309143
0
140893056
0
0
0
0
50679636
133499733
166020896
67232
0
443285353
34773432
0
926864433
0
267264
0
612849050
927950400
669256507
631934135
861591800
183550421
0
0
248539628
0
142007248
0
0
979968
0
0
329383167
519683858
0
0
0
0
0
0
0
0
126941976
436960967
590529415
0
0
2864208
0
0
0
183506170
338416536
658709435
683737059
0
725385276
754261572
187326321
0
0
0
425307869
1658880
912411798
183121246
0
385063911
0
0
4128
0
0
844443615
826198915
527702438
0
0
0
606605006
0
823073446
289891068
372343966
0
0
368676889
0
0
280905050
286924600
121634533
448854444
0
0
654323014
437254914
140173774
0
4391560
0
0
947353387
405853516
471633398
192997702
441302315
0
0
0
0
0
542327769
274725126
914214653
0
786121362
0
746442324
0
706263931
0
0
0
0
15239720
621490860
0
772214073
0
0
2422656
0
797933128
400896
0
192997702
98779487
203052328
0
137024392
549270146
0
218590513
323967376
772214073
81281586
0
0
0
349427557
0
328500619
0
800161507
21224
39528784
401887003
936481608
0
0
0
0
0
945448158
0
0
0
323481302
0
0
0
0
0
0
0
584653380
390631380
0
0
2657113
95997696
911853684
845445160
0
324886837
13627284
0
675514344
599526835
0
464313626
13736
0
210052762
581001342
153276827
0
0
403354228
0
277259992
132786992
0
0
0
0
738870882
310202560
0
0
548459769
0
959574642
3363044
0
668064
0
0
0
950194628
0
0
0
0
0
0
0
0
317164940
0
0
0
0
108375213
0
0
3264
56809627
211281599
0
0
778131972
0
0
29702852
0
505405366
0
0
0
0
24573456
420586414
0
549270146
0
302791028
0
0
0
0
38446880
0
61702446
0
0
335503030
0
148958870
0
312559343
949147790
0
374143965
375216610
0
954296197
0
0
0
0
864908805
760166474
0
0
452948041
524048705
35196816
220694064
0
668064
606585030
0
0
704933489
68467044
328427227
0
0
899023644
896894149
0
0
74934310
104675904
168604688
0
3521192
9403680
661577805
0
159860304
0
756745271
19068116
854577855
439979328
0
452560318
311225542
0
398768612
831546363
448979150
0
0
14671950
0
586537552
742759800
0
0
310494053
19594176
199505705
3313872
0
238949548
954340681
380468509
0
0
899700326
57850881
0
760573826
384
640090359
0
0
515854651
37790952
0
617084053
879373638
0
0
0
0
6971712
218590513
403232664
0
821241962
0
0
265749696
491313314
432000
118608705
0
264273600
99005520
0
774927500
0
390392717
915723441
0
0
508339729
0
807648098
823073446
0
104653322
0
938370862
253445957
176309860
0
0
0
0
0
495120
166319580
473918738
0
188255922
0
0
315576286
2273616
0
758008549
0
0
480344739
0
0
0
34678164
0
84417264
0
0
38175432
649836175
496167484
483417061
0
438479002
0
0
644594233
0
3955512
190545780
718884403
787658364
1845888
519561941
164638060
238722757
186647668
757453332
111360
409322545
567936597
0
0
0
285949556
52064
0
0
0
5540400
4320
0
218590513
893399235
250787144
0
214351189
322527456
590529415
167745363
947353387
0
9791104
0
73326434
0
48575027
0
0
0
96686974
0
0
879560568
0
318060856
490842928
190545780
0
527496
63578576
707283234
452732111
0
329420774
883168096
787714532
249483700
0
983703185
0
0
0
0
0
729096764
542327769
0
0
746914922
0
393729262
0
0
0
0
823943160
0
0
867030457
356663573
0
951682047
488427735
581789926
90109172
0
0
0
329143057
0
0
24768
0
104832
0
787168470
220694064
0
656429853
1424304
0
2942752
666057098
368676889
7275184
772270744
0
353858252
934879649
198347687
0
9235662
0
889656902
1536
130754008
37790952
0
830803126
203243328
0
787288244
460135076
0
0
0
132651043
0
0
0
0
458011225
0
0
664432882
68032
299266010
658709435
826198915
0
836291968
86006154
223913488
0
864493674
0
0
1424304
0
423366085
862624762
469868774
18718269
891120945
756620478
0
214351189
10496
32978162
0
0
526059513
11321632
0
0
0
979897049
904164833
370033044
17248128
0
138927328
96
0
439772968
486016119
826713417
1536
987927800
254838562
0
0
10110733
44252160
639441216
0
0
218590513
110772400
0
0
882756428
0
146129736
230629873
0
0
0
11677408
106094395
31335230
978567749
0
703676655
0
318060856
69794361
44738910
392526892
843161565
118100577
1536
0
154623871
602924983
287449857
15239720
0
908304448
4447656
0
704477343
26210949
0
486522465
664715746
6204067
0
489259606
568239320
59736
0
0
0
0
0
282783365
0
0
0
807750556
0
423684
107220838
903928341
297268612
203243328
10420274
640405457
403232664
0
592655152
0
0
542580871
527004918
736997648
0
0
740943180
0
535127344
0
0
414769314
0
0
926864433
0
237049925
980408358
0
0
131995880
1368584
0
3521192
0
203115274
0
0
0
155517621
0
525042642
187326321
0
0
614449800
96
252117124
0
600136830
0
0
140893056
0
0
556880290
152432496
282783365
0
384
299812528
368667360
0
7520
0
0
671079468
238792
314018415
0
798350602
0
903502020
0
612520236
780856837
532393792
761002081
449742638
9941616
779154000
757942813
37232
878931339
0
710090924
0
255181478
0
44252160
0
319009520
146608514
0
407043619
219946901
0
779154000
668064
678562219
512412000
0
0
299812528
58075776
0
0
0
0
0
893206809
609443021
807029163
596029808
761006825
0
829152483
0
0
826198915
14259064
0
0
509790425
0
0
317164940
78946963
0
662627730
0
0
458509276
0
333846796
0
0
464368518
0
0
9791104
702957858
977740734
785135535
13129248
880202332
406793466
62984047
0
0
0
0
0
307192199
346887940
0
69164512
2560
82631606
368967339
0
876237870
3072
391851791
50810832
602495151
423469822
15239720
0
0
0
0
168202988
130944
0
43998400
50810832
0
0
666057098
0
409668477
0
255640390
0
0
0
688865505
854577855
0
909584200
155517621
0
286924600
291812729
0
764712887
199471493
0
0
403232664
0
518890296
530391744
200448
145396469
0
0
0
0
937868141
606605006
28438694
0
0
0
875012694
758611564
335611664
290984411
880246631
280905050
0
870755785
0
33004768
384
147299852
0
0
0
124531683
0
0
0
0
0
0
0
567936597
462459481
443146787
432000
0
11982180
0
139131304
690817033
441302315
0
0
0
244992
0
8260128
0
0
4362624
74432972
2626188
465550090
0
180402431
0
891120945
0
0
0
756319679
879086641
547330274
0
460430259
880916135
0
837792
675631139
0
0
192
0
929735034
356663573
46267267
0
0
393672096
138927328
0
0
0
318914445
403232664
753358783
205110736
531591133
151705394
306371881
37790952
715555932
746914922
0
608500897
0
6243776
0
439772968
70693097
203243328
0
0
87656712
141573324
0
0
679632306
0
0
0
57397061
91461008
0
0
0
0
0
0
489984
28438694
0
0
519414456
684400839
2624304
983060842
14904
1155048
0
21408192
329383167
947076606
111360
358812817
8192
390392717
370033044
0
153528742
436960967
9182520
0
0
0
10224
0
0
0
0
65754400
194537352
379335781
156842012
37392000
0
389000696
0
0
0
79241256
147292065
5413788
3518316
121174328
0
864
0
0
0
0
0
31803888
94364
358242075
68936472
0
907731701
1378816
607476065
75783685
33678651
0
0
324538560
0
50810832
724863193
812672
187326321
985256448
0
342417331
0
497449131
0
740376723
0
994126848
593031820
0
22319712
0
0
0
65857505
0
0
445440
216145261
974812124
0
412427898
914563554
200100111
0
0
831683261
0
961418429
526488
0
488337211
231679100
0
864
0
43378824
66216792
0
548459769
0
0
0
0
0
0
405853516
882035439
17734980
0
546288139
0
50810832
0
0
0
0
882035439
765984
7275184
0
0
0
970862394
681992256
621490860
98207309
26208
0
603928679
0
0
728644180
0
0
658709435
439252464
0
496863740
0
0
424696
0
339097239
0
640250512
384
745460854
181040
0
2624304
484073087
307829048
0
532229718
0
0
0
883168096
0
794252600
0
178724348
0
837792
863291691
131908080
434958742
431932959
0
0
23615184
0
8046336
675514344
0
10740880
106008
932770088
0
0
0
708075419
39230332
4391560
140883160
662402190
0
34678164
285799097
0
800796
448979150
0
0
751809505
38175432
788284091
658709435
0
553645020
0
970716328
369255967
0
151705394
2136456
0
168604688
11677408
0
0
338980491
3313872
677693593
0
899700326
3313872
124887808
0
564635989
0
0
801480488
86624
338301494
0
0
706490326
0
173543834
2626188
845578214
0
169789721
71692982
0
504122400
357839111
28248893
59731962
554034893
368967339
9941616
0
0
703485196
0
0
0
338980491
77356
0
0
0
0
392526892
0
277712
215208
0
0
0
780773160
0
210408
0
708372961
0
4032
1324640
418099967
838853180
559346662
757453332
530442961
746208
2784
311141724
336256764
0
0
106094395
314731543
148958870
88156607
358504324
315576286
710090924
478722769
54389736
681698869
0
0
0
708372961
403354228
0
0
568813196
512
195148
3955512
953115527
0
334974551
385063911
0
848866544
0
164146874
685140905
0
935513259
0
4633040
0
2052000
650117401
811525044
1432104
0
415000171
0
0
0
3020696
445688107
602495151
0
746442324
448495457
0
393304379
50088146
527004918
0
0
0
0
0
111833760
0
0
381005896
0
349427557
79357852
851031640
0
0
885653493
957789882
586823826
0
0
0
0
0
602928381
584886928
0
0
31838250
0
942648285
68936472
369346885
0
0
797503464
0
563400096
0
456939015
0
169435452
876166115
601224
126459395
16912360
5002272
3955512
149999250
528663893
0
0
0
542309813
0
423146094
321352135
337832474
563416255
508312440
3020696
0
251700657
0
0
0
592560
0
329420774
136711594
0
0
253288
708075419
0
0
0
0
182017001
204383932
828262361
785135535
756319679
0
23316
0
0
0
0
890486259
0
254909508
633307725
983634095
58302110
28438694
0
0
0
0
0
0
101296623
179091479
42607411
0
143930252
837212868
744439483
338416536
98254079
4543530
700201828
0
0
131545256
90391010
0
303537218
0
790907549
0
96892217
0
0
0
5456808
0
578268078
2809124
0
0
0
322527456
0
412427898
312051534
505107040
0
0
0
0
390271281
31014262
541429152
0
610735488
0
299886683
0
0
0
876681927
0
0
40320
26208
299812528
539693960
504342056
708075419
198074277
246778006
0
14772792
0
91461008
37790952
0
0
0
0
379201448
0
338543823
238722757
0
0
0
124063624
7520
0
0
152432496
0
63389667
778907559
0
176949479
354512180
403232664
338301494
323707347
27696744
269254594
126195783
0
163718671
0
0
738171234
520432782
424696
200100111
140304501
351642985
0
49976105
807648098
797503464
879358874
37790952
55010688
154391197
0
651339757
0
0
1277056
812788776
354263101
707137361
16104024
0
0
0
0
171816
192333824
943015767
0
0
2624304
203658467
0
679321639
0
26837496
0
0
359993684
265195872
0
312559343
542327769
134297461
987264
263508607
443285353
3726006
62984047
6688092
0
4447656
0
25408
0
26423960
27929836
297250983
267572065
574709639
987264
740943180
0
8540894
358812817
503443792
684044749
983060842
307613705
0
311141724
50810832
442440886
0
758008549
0
204448392
41755521
838853180
0
0
0
180402431
0
0
1813184
321982042
608500897
0
0
654323014
0
326944644
594515025
37790952
797514165
831777054
0
740943180
0
0
761880904
0
931922442
527702438
740943180
0
0
973343951
645226134
0
641870639
0
493035264
0
748011004
420816
0
421891347
611441737
757942813
0
204177969
0
0
0
180574384
0
0
42240
639441216
802234434
403776
0
272763408
442440886
0
35143289
163028449
0
0
958969842
4391560
313448477
233466985
0
0
0
280905050
0
754160229
0
0
143838067
384
3615552
504257179
0
0
211906888
0
0
349427557
0
26103460
0
4032
0
712515462
9403680
384015077
0
606605006
633307725
0
343072
0
7154056
0
82719265
85944
923438943
0
0
546515080
0
5252376
0
299812528
216145261
91190164
0
32115884
0
0
0
3518316
0
0
0
0
40146359
559114536
96686974
498697654
0
0
853381390
531122570
507131691
42607411
0
704477343
0
0
299266010
0
0
0
929547004
0
48657600
640250512
0
592960404
313692556
186647668
307192199
757614879
834012446
500208768
0
0
0
755179224
0
508024
19541556
372915475
0
138060386
441006064
4543530
35209176
69775752
0
375071737
983703185
457602147
7520
377938946
721689115
0
0
0
0
84085832
568239320
0
0
0
0
873805483
44911478
384164662
26208
0
676887724
1845888
0
928712707
0
947624481
735263223
0
0
0
274568091
0
0
338980491
0
0
0
0
559114536
398765578
548459769
1424304
671098976
0
0
975506458
0
1093776
331711628
565794438
0
0
812546603
262157573
289891068
0
0
689034861
578268078
1920
0
286217863
242552945
528663893
0
88156607
0
23671632
0
0
130011748
817031471
942623818
181040
668064
0
94185936
909668120
0
299812528
0
0
0
801980358
0
163912839
0
0
32025622
63428257
0
540750676
0
312051534
0
439979328
0
7790928
497449131
0
0
480999309
0
672816261
126811145
11854776
0
0
369255967
914142124
1424304
0
824128326
981802863
0
682708418
708372961
0
621490860
0
198347687
729476162
564856471
0
244992
122192430
0
692779779
0
584886928
233805174
0
299473297
0
864226211
299812528
666506586
218590513
315708024
586327990
861591800
0
0
0
801480488
0
0
0
0
543020956
443285353
0
333487324
0
94185936
0
5252376
0
0
299812528
1663696
54167832
0
0
0
0
0
63578576
7520
0
0
0
0
0
22319712
491313314
488427735
468264808
105751351
313678199
574709639
2643693
337761380
733699789
249870063
384
0
0
24518049
0
689643264
261537213
936481608
0
0
830850755
973343951
0
58465013
0
45605104
303639452
563000903
0
0
631419242
0
582367615
0
2136456
467766753
1378816
99005520
0
0
0
45883221
50810832
0
842584014
0
102530775
676887724
0
741892593
225792
0
611413912
0
0
0
826667521
0
696046286
757614879
351245037
0
742400
688865505
95997696
745944
0
0
418896
0
0
744921895
368676889
0
242358431
505234459
192
0
0
0
569858574
0
0
0
0
0
678038063
739434761
772214073
603928679
255181478
0
0
604034339
873595868
424372320
450386431
0
2890792
0
0
829440
0
1664000
0
48657600
0
166292332
0
0
49860224
1434024
511956755
0
890975634
738870882
14259712
0
758611564
288342778
0
334740311
0
994334939
4128
0
639441216
136711594
0
511316733
0
0
740943180
145648
104832
0
461472
265749696
68032
0
9103520
0
0
107991242
0
0
111031269
1249656
319009520
901878466
424256447
82631606
0
0
188255922
476544196
436738736
0
63578576
542580871
80836604
375336352
52416
0
0
347512
0
570548046
0
0
807750556
0
300388098
0
975506458
596205066
1029744
0
0
0
46217550
0
0
0
826667521
7486756
0
0
312051534
678038063
820617803
0
33479568
770007514
124887808
0
579711960
0
879358874
0
0
648113263
0
988439456
606585030
7520
0
389775093
0
487608505
414769314
0
192
455566537
0
469868774
831492553
328423882
4393288
410584741
0
0
203243328
7207880
16092672
779154000
443285353
0
0
242358431
0
0
369664477
0
371200
181261506
0
473918738
0
0
111360
347940749
0
57888
723869651
0
0
2688
170379603
322855869
0
0
0
0
138927328
3020696
2033088
349427557
0
0
0
158721141
0
0
81201102
0
403354228
0
0
0
863515669
0
0
192877614
92102336
0
312183014
0
645226134
0
931805679
293349838
3256200
129982962
0
958969842
671685368
0
0
0
0
0
105837045
62310714
445688107
0
0
0
0
0
0
267572065
0
319720608
801792
186647668
0
770778183
0
480344739
84266887
80441356
0
21241434
222277104
0
0
4633040
0
55010688
140304501
32110058
729332312
3672768
200880
275046578
0
0
863190962
0
0
0
0
7987840
0
232777091
0
0
0
92102336
41670394
0
5108544
952821560
0
0
403776
334413721
231992671
344513958
0
0
1985832
0
707283234
410263084
368255047
12777984
390242311
0
0
97760
311141724
278267408
152432496
400896
32025622
0
0
203243328
947373304
488337211
215208
0
836927023
0
0
0
0
0
0
0
109250134
476544196
461472
303639452
294068425
0
919448359
523964219
0
446341729
0
754160229
0
2560
0
344513958
0
512
0
0
0
689643264
123938865
0
50810832
963603666
778859554
880680913
520100023
130011748
0
163763356
0
0
0
0
554034893
193295018
8208432
0
0
0
870755785
94185936
59731962
0
0
404161382
0
0
231989265
147292065
739069720
1296
0
931988089
0
0
0
0
0
987264
9791104
1344
0
0
230254603
0
226230993
127017645
514594920
3313872
811342711
598421543
0
0
69775752
577084617
0
532272455
945988693
511956755
319848632
168202988
341675952
149999250
561974330
823073446
0
0
0
923063172
0
4384
879265429
702660503
799611726
0
0
0
2592
0
140951336
0
124949569
0
0
974305100
602924983
8706859
915006563
123641200
242552945
0
430501644
0
0
219015377
188369520
27929836
11286165
0
0
0
6192
50033544
205110736
0
0
83748693
187326321
0
0
654323014
801480488
880202332
0
124887808
0
0
46217550
688245686
0
832939262
603928679
0
0
0
221209015
144667446
0
0
0
79285276
870976057
0
0
0
686073602
0
151461191
134417347
312292800
854222807
606605006
1920
681992256
44911478
21397291
0
339559152
554034893
0
806138355
18560557
0
1424304
952821560
14904
0
689112630
0
0
0
616914207
64773732
448854444
86006154
8955312
0
723827253
0
255585216
0
423366085
244616114
0
0
1845888
0
0
0
342637189
222213744
0
27119960
0
899026660
0
0
61963098
0
73685655
0
0
562098679
0
50810832
0
134492664
0
68936472
220440497
0
708075419
0
776207045
0
101621664
14904
0
21120
0
117067018
688865505
10740880
0
0
0
1017336
621244852
425769998
0
0
914507570
11408550
0
124949569
0
0
448297
733507780
0
0
34016
0
385063911
804786656
688854189
155904
0
0
0
715555932
0
0
0
284608
0
689276281
22079136
777901060
190570911
7486756
310202560
645226134
56585264
0
0
0
105113567
0
0
271170315
0
0
109250134
0
0
0
0
0
95997696
0
0
153347162
636894237
940893851
31014262
0
568239320
49860224
0
852264105
452948041
56520576
0
0
814171209
238722757
29555725
0
265460512
248539628
0
0
295709120
0
311141724
0
511316733
0
939112080
898641592
0
0
310851912
0
0
3313872
133574989
116992
4575744
187326321
203243328
40732014
497487252
376300925
66816
26208
145648
755322340
301197968
389355228
0
765984
460135076
0
38110039
0
706704654
27610753
0
0
175249440
0
0
0
0
0
0
168054876
0
16727264
0
0
0
0
0
0
484073087
0
0
483876293
0
0
250686604
0
0
706704654
0
2560
2738704
0
403776
192
1387920
226512
473405975
0
443285353
223913488
0
639534075
0
0
0
99328075
248195288
79241256
22079136
0
225954793
0
177288390
167741733
717378057
0
24480
393729262
935643291
505234459
0
0
0
0
544847084
0
0
203243328
770778183
124887808
599488508
0
0
0
269368411
0
24003941
0
0
0
0
2864208
0
152052610
0
0
0
2838080
14367088
0
0
666428849
429905324
0
0
0
317337894
0
0
0
0
0
0
59531377
86624
0
221696
0
0
153528742
0
133456756
369346885
989983415
708372961
0
914507570
372343966
0
0
0
0
599193519
422213350
0
324886837
51260128
222213744
0
0
0
418981279
0
0
178433003
729652873
0
225916692
0
169789721
0
0
546515080
600823070
844129570
0
70693097
329383167
311141724
204448392
326944644
623576286
1411488
77541715
0
262735652
717899644
814691822
362212280
770778183
402738670
0
6971712
0
0
0
0
0
0
0
0
324538560
41187252
0
52416
680509841
0
16912360
353858252
162781140
0
548631521
0
0
0
610735488
111328824
0
0
0
23671632
0
1093776
863515669
35569231
196862773
648545275
0
0
125770272
510411320
0
274725126
0
0
1119148
542580871
319009520
266938831
0
528230185
0
0
0
38988368
148958870
554362594
615829781
0
242552945
443285353
47612600
604034339
0
0
113615384
26210949
183121246
418099967
800265205
0
0
198708923
2005704
633296028
0
265749696
564459232
0
735263223
0
0
0
670107077
679477468
0
0
0
970156853
0
526488
0
0
837792
464411213
0
0
0
111031269
404390080
34773432
104653322
0
342685565
3940372
854021816
0
979968
656429853
12780096
175956672
0
62310714
0
167210538
736997648
6851029
0
0
0
0
0
57888
0
924196104
403156591
0
0
34154472
738171234
0
658621957
0
0
0
468264808
0
707137361
677693593
346779433
0
329383167
0
0
830850755
867030457
97376
285799097
194496214
6627744
40732014
467766753
631419242
0
1424304
424984975
44639424
788857469
452044959
0
155904
284271120
246431047
666775140
0
0
0
2942752
490376987
0
0
0
238489112
350702288
348130096
3003520
0
0
0
518911796
957172829
854021816
738870882
8192
648545275
982561410
541648
0
173641409
231955930
677693593
218590513
0
0
105897789
0
0
153276827
0
280905050
0
854021816
34304
572239164
760573826
386741228
890624555
0
153528742
42723814
0
631813804
0
0
6390048
0
0
37232
110772400
527282668
0
0
0
0
558543505
0
149999250
169036558
339559152
0
0
154828744
0
0
0
531588661
0
0
93595163
0
604034339
0
315576286
0
79357852
3313872
0
385063911
1205184
0
979968
0
7693467
0
811340308
599526835
646656896
95760912
0
0
0
691849227
0
8064176
461472
299473297
297250983
717378057
287449857
0
0
505234459
633867318
413939556
0
799611726
0
0
949032000
0
541079410
94185936
662627730
69456
511956755
0
75625979
0
2033088
711967560
174629623
677693593
0
77363461
12668778
486151204
297250983
511937328
0
770778183
826372733
0
80842921
0
820514565
0
0
0
52220172
164857828
731447132
0
0
0
201573312
0
545155055
0
893269379
0
0
402465391
37232385
0
0
731447132
0
742101275
51260128
0
419761172
0
0
0
703676655
0
317337894
0
23615184
480552405
299473297
0
915480567
0
0
801480488
0
1017336
530442961
0
565047079
0
633296028
0
206597196
216940710
789301340
0
0
233518177
0
0
485692703
0
0
417036263
226230993
0
93595163
0
202225800
885865968
12217764
0
621490860
526194642
172622596
249870063
528663893
700201828
525042642
54565716
451297952
0
564856471
509968436
927467725
982561410
563416255
0
617096151
328012080
370033044
667724503
65815600
0
658709435
699001026
608785479
576238704
0
0
0
979968
3264
463596355
974812124
369623301
192877614
58465013
344513958
5456808
531247733
25718506
0
0
59731962
381232927
81201102
180574384
0
285799097
338416536
0
238722757
14904
825703320
264273600
443392
0
214421886
18718269
665111639
0
390050340
17248128
642054120
0
787288244
0
0
744439483
36637792
0
139131304
931852830
0
0
874126415
0
805710101
247923380
0
269368411
549270146
0
0
338301494
0
215208
990955608
0
0
0
478435458
264273600
0
405853516
0
798350602
5406336
540750676
233200
0
0
0
0
600244065
785137847
0
0
299812528
826198915
1667424
231679100
717395460
0
801792
0
0
0
215208
111360
288
851460
0
502338745
0
0
674206674
0
212768200
0
677693593
368255047
0
654323014
793091705
303412
0
824429763
0
573401724
81281586
615376220
0
0
0
0
249446217
130011748
57888
86006154
0
547504608
366366060
0
178724348
838922326
0
0
699600
757312742
0
118829548
0
0
295651131
474663160
731378041
0
0
0
0
838853180
0
834206020
0
0
656853228
937961102
0
80836604
0
277259992
163291344
483876293
210284894
534566700
0
563000903
0
0
482395064
16128
296998167
511548483
222473847
77356
11677408
767487242
2868048
736997648
147080192
0
0
0
59576
550080720
0
711373980
0
0
0
111360
8017440
74432972
166020896
378831006
746208
0
0
96
0
238722757
741892593
143930252
621490860
533485480
111360
0
0
667049358
0
218590513
0
369255967
0
0
516665278
602924983
0
0
28438694
512412000
333110549
815958536
324323704
0
0
118776269
0
0
927424510
0
0
0
0
496526021
439845133
0
0
0
250184039
922732717
650662075
0
0
0
44639424
280326795
0
0
0
276900318
103562016
41143997
480552405
0
503400362
0
930312181
0
354973603
48896
3518316
0
0
578861159
0
146129736
41366847
26720
3227840
0
0
68936472
0
464871794
546515080
427618158
16727264
495596929
432154712
10224
0
648545275
169838462
746914922
0
147080192
379201448
0
255585216
0
208207055
881255906
535748831
0
271261096
278267408
37790952
854577855
0
0
0
0
0
198347687
144053201
0
0
111360
0
200100111
71443417
0
0
804484291
984744
1384416
439772968
0
0
0
104653322
0
248991976
786576
0
505234459
0
388703333
851031640
515523514
745944
959574642
386132074
294068425
671318432
0
0
903895705
7275184
215208
813134761
0
30209106
33678651
144053201
903502020
0
0
291578079
563000903
72610712
577194504
0
684044749
0
5084960
0
936008696
0
319492935
180675271
0
0
0
0
44390590
7486756
0
0
96132566
326944644
113751336
787288244
13037984
0
407690143
837792
0
0
221285800
1089144
89386912
708075419
910700487
714834877
89841054
2798632
73685655
862276528
0
890486259
921454564
0
268209801
323967376
690314026
334177247
121174328
0
62310714
0
1605643
215324401
880749576
0
0
0
0
0
421891347
116642949
294068425
176144000
0
358597145
0
183121246
757942813
0
0
517422374
567936597
271079120
81201102
878906149
0
0
194793392
0
148958870
369255967
116776
0
0
0
0
82631606
12758064
42723814
0
166020896
119791034
997442816
0
1424304
745944
0
674786494
4447656
0
0
2798632
96686974
873831982
369623301
910700487
352693012
814433341
0
961289694
896035539
470314501
0
0
774751374
0
14701800
0
0
0
233200
0
334177247
0
0
0
0
0
639441216
671318432
0
0
132786992
744921895
0
298662022
153347162
328012080
280905050
0
0
0
306049540
0
0
611441737
272857180
0
0
2223828
0
873595868
211904769
458011225
0
388263956
888686857
32986976
637623348
0
319720608
0
403320087
905072570
0
159359280
0
0
0
7101248
21224
0
0
678562219
350055073
0
736997648
0
54167832
36410144
1480896
418896
388263956
0
0
842584014
1324640
0
863614979
0
111962888
0
320064
365437815
1093776
71692982
0
0
992337385
0
0
970423176
0
0
975506458
41755521
299997806
0
0
0
594416000
0
45605104
0
0
466400
800796
0
0
0
299812528
338301494
514817102
2868048
0
706006710
946069008
0
311141724
0
0
784807036
50534032
0
0
0
0
19068116
0
65664
10740880
346366885
0
93595163
80136660
0
284608
994126848
0
167130735
0
0
0
343951075
0
0
0
140865804
577194504
0
0
584886928
211824
814433341
26208
571879011
56809627
159860304
351606866
93595163
329143057
0
13804093
0
210284894
0
303537218
186647668
15040
938370862
0
405517096
0
288871641
0
0
280473214
7275184
0
0
0
0
42931934
231989265
0
54167832
3313872
0
0
4543530
483417061
512412000
0
0
410263084
0
592655152
0
339551738
176144000
431932959
0
0
0
216145261
0
6889596
0
0
861591800
295241792
1002720
383667205
64080
652768876
0
0
928105518
929233752
0
57552
421891347
0
31335230
812156030
561641875
203243328
0
50339411
27929836
880246631
0
0
82719265
222277104
0
943015767
0
0
0
50810832
606400519
0
3521192
432
0
0
0
7790928
148958870
0
0
421891347
740943180
0
608785479
152432496
0
954333945
79285276
581949972
0
339297170
675514344
423469822
756319679
0
0
939723317
846689247
0
7486756
381797255
0
192
0
303188944
0
3336463
800278939
479427632
0
0
37790952
0
274008808
0
0
0
0
0
836434990
3518316
238792
0
0
0
549270146
891367047
0
895308795
0
0
382806388
318914445
0
0
81424632
600096859
0
0
1445040
0
27263584
871122021
0
202872489
194496214
520502709
26208
3283248
0
75707123
571354327
0
0
172096427
662402190
0
0
2136456
923964442
166206129
297250983
163512637
80441356
0
94185936
334974551
0
959574642
819842621
0
658709435
0
74419255
139131304
2005704
977711107
0
0
0
0
0
666775140
0
0
143930252
0
0
3336463
0
0
0
323277821
874126415
28438694
0
90391010
15239720
654810793
20208
33600
3313872
915576827
0
0
0
0
230187033
68790898
0
101296623
147080192
0
300705696
0
658723659
396557433
467766753
581240193
203380599
214403406
183550421
0
0
0
521010863
635885205
0
0
2849832
0
66816
949049576
225792
491313314
0
1628568
339948872
38269659
0
116642949
0
806138355
0
0
0
0
272857180
286924600
0
958730797
362432743
318593928
0
11159856
0
0
354052718
0
0
616914207
896503237
3168960
172859894
0
104832
251120
206144793
558543505
0
0
62106024
2273616
467544533
0
96
47998848
0
0
188255922
63578576
0
569613313
0
0
0
879560568
97760
0
27929836
50267208
942623818
25416
62984047
699140528
0
0
111833760
0
0
631171384
0
339559152
277440962
0
0
987777739
712991665
14904
818488030
435414573
0
0
0
98526170
101621664
0
838258303
0
0
0
0
0
648598576
493035264
0
297250983
409771307
1368584
0
0
0
439252464
764331316
58075776
957376181
393304379
600136830
0
3840
3940372
0
0
177482768
814691822
607211144
700177208
160568657
0
928780254
258250172
37089296
509968436
0
707283234
308552032
0
7987840
0
2784
0
31189664
794252600
0
0
0
454106823
0
947731096
2404864
0
0
0
882035439
0
703485196
0
838258303
214351189
416017006
108375213
899023644
221186814
355934753
0
0
0
0
0
421581308
645627249
134384
0
0
0
922718253
77769680
939412399
66627624
0
104675904
459772754
731447132
101621664
356934460
1536
0
0
1920
805474405
659020417
140304501
3518316
462571847
38269659
2864208
9056
198074277
223913488
0
0
0
163763356
0
170379603
0
648113263
0
460430259
879373638
4389832
0
0
1368584
0
0
0
0
0
0
79357852
0
48379402
388526168
0
248195288
437254914
26720
0
505234459
533485480
0
146129736
0
866931288
0
922048470
0
54046951
717395460
710633506
0
0
0
0
0
0
33600
631934135
490657184
9216
0
181261506
303188944
621490860
490657184
148958870
505234459
0
2864208
35209176
848866544
0
0
772718947
200100111
0
37534970
850862545
364173549
0
96
2223828
151777235
0
0
0
238722757
826198915
650671838
0
0
0
0
617096151
0
957789882
118409076
32025622
0
294068425
0
0
0
957257284
512412000
305362164
0
820514565
268209801
162781140
0
0
0
515523514
384
0
2624304
34154472
505234459
525106416
677693593
0
679477468
0
0
0
758015497
1368584
468264808
4032504
0
464411213
0
0
0
571354327
0
0
0
0
303537218
0
50810832
0
0
437069218
957376181
0
0
880202332
432386680
293349838
0
190048303
0
89301600
0
762340891
0
0
0
0
434725309
297250983
405517096
0
0
0
621490860
542439506
895308795
0
0
403475861
461285274
989368544
0
0
556654465
977711107
0
0
861591800
334974551
0
0
772270744
359687725
0
3020696
0
528198038
0
600033681
0
0
0
0
743238521
0
242358431
0
676887724
10867358
50088146
0
0
770778183
0
785137847
4393288
694228725
0
0
0
0
276480
736909717
0
272946164
0
0
0
0
351606866
0
0
35569231
0
718336
293007625
512
385063911
0
0
820617803
0
0
390050340
0
592655152
0
590859988
15895144
385063911
378757861
20632744
0
244931387
338301494
717293411
148218731
0
1424304
0
874399282
0
0
0
897353094
581789926
0
26542205
1095216
864493674
313448477
0
0
310347023
0
71348404
65823240
339563453
610656402
772270744
2018128
817585314
794021522
0
0
0
0
403354228
294068425
0
0
2064
983060842
0
0
901850681
0
502605871
28763137
617084053
0
0
4920768
202453112
0
0
0
124063624
0
339551738
422405727
28263264
782179737
2864208
0
264273600
2880
0
0
947373304
85074697
48657600
0
0
313678199
923964442
0
554034893
218590513
861591800
0
0
0
0
623576286
500709419
0
357956224
921545494
592655152
0
0
674786494
602495151
0
163291344
0
0
617096151
0
0
0
0
658621957
0
525299575
0
437254914
54389736
0
820210810
0
67702876
526177368
0
0
0
0
0
565047079
0
528198038
0
0
169789721
0
0
286924600
0
597407341
0
30991444
221209015
231679100
0
984424003
3786984
0
9941616
569991774
0
0
811342711
0
649536010
0
0
634835941
0
836415564
0
110064497
264273600
661577805
254909508
0
0
512412000
0
569613313
0
324886837
414769314
327098640
0
0
0
0
0
0
0
4447656
0
0
154391197
520432782
606802675
0
0
3264
0
140304501
0
443415377
807750556
0
0
690314026
0
0
0
797514165
684044749
462459481
21408192
801792
464871794
0
193114464
338301494
0
3313872
770778183
467766753
842206273
0
0
0
35442544
3519464
0
0
0
412427898
200100111
0
168819485
16968456
0
0
0
346779433
0
0
0
459772754
0
0
716945589
0
448278381
384
4220784
488427735
269474852
204177969
0
542327769
149160596
0
238722757
303537218
568977622
0
0
262157573
977326427
3518316
831777054
0
260083891
169036558
3895464
0
40146359
0
0
0
0
0
478435458
0
0
0
814670448
0
58496
0
0
170095410
0
0
0
3518316
25408
3256200
45605104
0
879358874
0
0
0
0
0
936807982
0
0
0
812788776
0
0
0
2464
0
664715746
0
730410249
0
0
94364
0
892435672
554034893
0
0
640
681992256
403471814
129982962
0
27929836
169838462
0
0
0
0
0
686101628
0
0
19594176
753667299
0
50810832
38269659
395016579
0
29685104
115776
457192010
0
0
103360860
288871641
0
0
251008820
702660503
617084053
553511639
0
0
0
230187033
603928679
8192
542327769
0
0
6170196
14701800
0
890486259
0
146608514
41945940
478435458
652365336
210889286
0
0
0
0
951728927
429220247
0
708075419
623616
192333824
573520411
740943180
219895374
0
0
0
952286989
834545564
6170196
14306488
354263101
466400
0
432
0
2880
383679576
756319679
0
256848959
0
255181478
0
0
0
0
0
651128849
660792
40859645
507131691
105837045
576238704
112574448
508595025
0
0
0
0
85944
0
0
6627264
881640
192225958
0
0
0
72604376
838258303
526194642
600132145
0
72610712
5704128
923063172
0
0
0
0
181261506
922944
780856837
673884
710633506
600033681
0
242552945
216145261
0
152036748
977740734
679477468
101621664
919448359
0
879358874
0
446432871
668064
0
0
251706533
3518316
272715343
675489987
0
6243776
0
244932563
0
0
0
1424304
919203486
0
703676655
27552
0
59107739
744337867
0
10420274
713746182
265460512
848031119
26208
0
0
141573324
0
0
0
885653493
368967339
101621664
773740383
3003520
998289342
144793782
3840
0
505234459
954296197
677484236
203243328
977711107
134276149
758015497
650662075
0
111360
240539106
0
983703185
126594768
0
1317600
0
0
899023644
0
0
0
845214056
0
322210910
947076606
610741515
0
229713066
274568091
437069218
0
470314501
323481302
0
0
0
0
675514344
567936597
0
0
0
0
0
0
50810832
0
785137847
0
0
830803126
11159856
0
499054109
48639084
75625979
862276528
974812124
876530575
0
0
29729289
0
0
0
0
0
0
0
192
2459916
0
479580912
26423960
0
0
0
0
988281394
6390048
5181530
20683336
143674054
746208
0
882440491
74739232
641055025
405853516
0
93595163
0
0
0
0
0
344092198
476123941
0
0
39648
384164662
0
0
24518049
990789675
414720
700177208
0
882227908
503400362
490657184
0
389775093
0
404372546
384164662
5902920
0
631171384
914142124
3775837
569613313
384164662
690831318
0
1089144
537679088
0
864226211
0
0
220440497
307829048
0
0
26006973
0
731771661
969007891
891326759
0
5252376
625583016
301688
35662893
214403406
0
0
817031471
4393288
482395064
230254603
51282977
957868580
0
0
166020896
0
983634095
0
497449131
0
0
62310714
97760
86907456
5108544
339551738
0
129933600
111833760
876530575
881640
233620
465911944
568
327200266
357399741
879373638
673884
73685655
0
0
0
568813196
96
65823240
0
549639401
4633040
0
231513901
0
0
4436544
0
0
0
1667424
922611553
0
96686974
0
0
0
13248
570794886
231679100
778859554
3914872
62091376
0
249870063
351606866
40006999
0
873805483
788499239
741892593
188255922
90704136
60091552
0
0
66216792
0
0
762065756
0
770778183
322210910
193040471
0
0
0
174629623
957789882
0
0
0
238722757
0
295941193
0
77356
351245037
0
671685368
0
810863840
0
283774699
940218960
189696657
385063911
186647668
563264624
46267267
180675271
62091376
0
881640
74419255
0
29782460
218590513
348802475
700201828
4447656
265903666
333335105
0
0
0
807648098
412427898
0
0
0
0
0
0
530436
0
140883160
0
72260
386132074
711967560
3168960
542580871
0
0
111360
215208
1424304
0
203243328
0
0
893299254
505413236
96
0
35143289
23729380
0
420846878
2459916
0
531247733
801980358
0
460430259
167745363
903793170
0
391306460
0
472492718
2422656
0
0
1368584
0
0
383667205
0
0
0
683737059
368676889
36262816
106094395
0
0
424984975
974812124
334592
30171232
0
602263082
0
421200
0
0
0
0
38988368
452919013
460185014
163028449
676887724
0
0
0
344257598
834672718
579711960
0
0
0
0
0
149999250
932725034
33993696
18837960
0
368967339
118224
0
103320
0
251928
203052328
0
83748693
291546022
151461191
0
738870882
0
26208
0
8640
0
39648
852264105
253288
284271120
908304448
0
0
0
0
147299852
0
512
0
0
280326795
0
0
0
681992256
0
0
636894237
1836384
0
49976105
52064
0
0
403232664
441302315
0
0
0
90109172
27431008
431932959
883594483
302791028
0
0
0
72607544
0
111360
563000903
0
152645153
844129570
0
0
201573312
66234072
0
101621664
265977146
0
158602489
0
0
0
0
392475711
0
929547004
0
607211144
139131304
0
0
0
0
25718506
0
0
338080
189719169
0
350055073
2422656
596540265
231989265
163512637
398296280
140173774
0
891120945
560217422
386760302
0
65754400
0
3519464
783750804
0
0
0
0
0
427562670
0
915546742
288342778
0
0
0
0
57966648
645017110
0
0
0
0
0
0
0
0
0
333529489
988281394
610656402
0
0
0
1434024
0
421342272
571298016
251700657
0
0
0
0
0
0
0
660792
233825879
0
169789721
0
0
0
39648
0
0
2464
0
132597936
249793794
102530775
111328824
0
0
140390747
689276281
853381390
216665680
13161334
1205184
266832173
328500619
633867318
502605871
731447132
0
256999461
320
338416536
1985832
28902379
966509850
424984975
3840
0
0
0
13983901
0
0
0
3313872
0
951682047
0
0
0
0
0
0
580480
6627744
0
0
958969842
0
0
85944
0
267108686
0
3979008
903928341
927043326
0
249920816
878931339
0
480955882
0
0
824621918
937868141
95004213
0
0
0
909491120
0
0
617096151
891120945
66216792
0
14671950
0
0
778859554
0
107604
554034893
0
255908189
0
12668778
807552
210889286
0
94185936
73326434
443285353
728701956
0
0
708075419
467766753
962173466
37790952
4393288
873805483
793091705
0
71998272
0
0
0
578268078
0
21408192
12668778
0
854577855
15239720
0
320
246778006
178724348
939412399
0
579711960
0
0
475865642
0
224755387
8129976
0
569613313
201820929
0
46742108
344257598
0
0
0
398765578
384164662
299812528
991298169
0
0
813954830
0
586327990
960
146174179
0
0
0
0
18837960
244931387
659886008
2223828
887574301
557992213
977740734
0
0
23615184
0
0
194537352
0
0
0
648000
130931315
0
829152483
0
0
32920021
0
0
40547540
8192
267264
29259504
0
0
413085967
490657184
520432782
0
0
3040
0
0
511316733
543981495
0
0
348130096
694268980
0
32072832
2464
594144384
0
89301600
264273600
0
0
260803757
442653529
71853152
845708629
3168960
403475861
0
772270744
0
215208
996330376
47998848
118608705
0
0
719806113
62310714
190545780
182017001
989965038
848866544
0
0
690831318
807750556
265460512
991287349
694079598
964777144
882035439
0
0
29702852
1434024
0
820514565
0
0
0
65823240
748011004
174315568
0
748011004
778047070
770778183
0
0
498792510
0
0
0
0
0
0
409387609
0
0
0
297250983
158602489
403320087
0
6192
27929836
92102336
0
14910720
443003107
0
24518049
432154712
849168787
509790425
0
170379603
790132119
1368584
369255967
863515669
0
954296197
0
0
0
9774720
0
3256200
681992256
0
960037801
0
0
0
796601156
0
0
467544533
589915029
0
740943180
988382073
0
319412263
78276230
20590592
0
0
880916135
0
256813743
0
246778006
65823240
28438694
0
37534970
0
0
41600
389000696
0
788954974
641870639
0
0
389355228
24480
0
1093776
0
957257284
522365748
0
0
0
265977146
0
708114354
461472
1605643
0
0
74739232
235062170
0
0
57111264
0
417554823
920966979
4895552
388996704
0
217651682
7239722
57888
0
547167420
941629722
615829781
0
658709435
0
1536
0
0
0
488049945
0
7520
1698504
462245419
0
0
0
69775752
362212280
0
799822690
541429152
0
573520411
356711330
0
2626188
0
0
410584741
98779487
662752053
0
406884227
0
152432496
547330274
72604376
0
0
330175056
974305100
0
43328
72927592
371633503
384253376
0
642054120
101621664
403471814
0
0
55672
0
0
0
750647550
366571241
0
0
167210538
0
73326434
0
445440
77356
251706533
0
0
0
180402431
4701840
0
0
609920418
863614979
155904
3955512
35616432
0
0
6474320
0
0
0
136704
0
830425242
107604
766384347
3264
439252464
1987488
476123941
259052908
201820929
651339757
0
214200
995160996
479427632
0
0
602206312
9056
514817102
0
57552
0
0
251700657
17248128
836280
0
931828573
0
0
144987183
5952
0
3072
0
0
1017336
0
0
0
599193519
0
238792
0
679305504
443285353
32986976
0
19346676
0
0
0
0
192877614
0
0
47998848
851031640
706006710
902469233
982441609
0
514766215
0
0
411833339
262157573
0
0
0
32025622
0
813507828
186647668
0
0
0
731978496
0
385808876
878906149
911853684
331440333
0
0
25408
0
29685104
716513128
0
0
0
43135184
0
0
5376
0
0
274725126
700201828
64080
0
16302632
0
142007248
0
56656176
0
0
9907776
0
854706552
0
0
621490860
0
351245037
32986976
0
203243328
0
104832
0
215208
0
0
320
0
0
130011748
0
814171209
0
0
0
0
0
0
0
1665344
51260128
946717274
210408
735688533
0
0
0
50810832
785137847
259052908
879358874
580593487
151461191
0
541732694
152510677
0
0
0
0
707283234
992492757
0
0
132726708
671685368
624742135
462697630
18718269
159860304
882440491
0
873595868
979968
0
0
0
0
631934135
52220172
497449131
0
794021522
59576
554362594
27552
11759968
397938366
0
79080396
31189664
122958231
656429853
721309568
0
0
299266010
0
0
342486937
1124064
706263931
931922442
404372546
912393423
8955312
80441356
0
231679100
0
0
0
0
899026660
0
745460854
515197532
567936597
0
154828744
0
0
75636792
0
820514565
0
0
1461312
0
2624304
267022160
442440886
0
0
0
0
0
0
0
642054120
379335781
755179224
0
831676444
105837045
307469750
557996340
19704
3979008
0
0
50088146
0
527496
890246642
140883160
68672313
992018018
540750676
648545275
104832
315099983
276612856
1411488
0
275046578
51260128
0
0
384
0
0
0
0
574085223
0
902360153
0
0
0
264273600
445440
0
488427735
0
113615384
92792923
0
225792
329383167
6607744
26208
1424304
0
855112555
0
0
0
9235662
206703615
0
443285353
369623301
215208
493035264
0
255585216
0
0
0
0
763298116
573520411
0
103360860
326397993
307892166
969033016
271170315
269474852
525481621
1368584
480344739
0
794252600
0
470314501
0
0
789033236
32986976
0
685350654
0
443028868
14762304
16302632
29601514
15060400
0
0
142800
894849663
0
1628568
817456887
20240354
0
563400096
0
202218090
156842012
761614077
0
0
0
563264624
870755785
589560948
670046943
74122486
0
27431008
826667521
559754013
174628457
0
0
0
1698504
360101656
27401476
654323014
0
0
938033876
0
177175184
720975030
0
0
0
720975030
0
0
557328045
50810832
514594920
0
0
5184
0
0
307469750
0
317588064
679321639
1432104
0
0
371490864
187326321
0
623616
443285353
209525811
797514165
0
0
382294384
34678164
0
0
0
0
230187033
0
0
32943330
601224
894849663
4393288
147475512
3336463
48575027
0
688865505
169036558
244992
586327990
0
420816
633867318
0
0
140883160
932770088
5084960
163718671
0
0
15648199
0
467932976
689112630
0
0
0
2422656
136919482
105113567
988439456
218672577
86907456
211645808
0
0
718446476
0
0
0
600033681
0
163763356
658621957
914563554
648804202
0
461472
32025622
0
0
0
0
403475861
0
0
0
730561676
0
557996340
0
556654465
140830652
800265205
313678199
0
294068425
785630789
141311731
0
238792
605281531
0
0
0
8192
849305754
132751792
297817484
230099886
0
0
0
0
0
0
0
921454564
0
450386431
0
235162835
111360
0
541378984
0
0
7693467
780449249
510990822
423684
0
132651043
742101275
0
274568091
214351189
875226177
994334939
622368961
0
0
0
200448
0
535417406
952821560
503190213
0
678372452
176309860
0
0
3313872
874399282
136704
893741038
0
1507396
780449249
762340891
0
9791104
0
957991041
736909717
801480488
0
0
574085223
0
0
0
837254366
0
0
0
89841054
866474768
0
0
579639636
219946901
0
23999424
0
0
46748928
0
0
85944
742989325
0
679321639
0
46748928
0
0
0
1432104
0
104675904
95200
338080
0
0
0
0
0
735432593
0
0
0
0
220694064
0
988439456
32986976
0
4633040
0
0
0
559150279
0
983703185
351642985
0
0
4096
4389832
165363520
0
101621664
580480
169838462
3518316
799611726
0
0
66203474
7693467
600823070
0
0
600244065
0
491313314
418896
890246642
0
0
627743213
14259064
708075419
571879011
0
0
0
0
0
213705845
290826364
124800
28438694
0
0
0
480344739
0
0
765412816
0
0
681698869
0
44540
465638820
0
0
350243776
0
32986976
0
0
870976057
0
748011004
762876307
329143057
0
954782443
0
0
256661664
0
32986976
202109666
0
800265205
2228928
495609711
0
0
0
780449249
140883160
943015767
358504324
0
0
218152575
168604688
812546603
636627374
0
0
91184040
188369520
0
378757861
471158860
0
551340389
0
2784
297268612
661900
0
35143289
617096151
754160229
0
951719700
0
836779241
0
7520
0
0
335318198
0
3336463
303537218
763165306
659886008
291546022
974369370
0
422405727
2136456
749008533
775976464
0
820210810
0
4633040
0
295709120
546515080
0
463758104
3940372
0
0
0
165425288
714834877
0
801480488
307829048
0
85944
0
0
257044497
0
0
0
0
0
0
0
0
27500
12668778
0
0
762065756
0
826372733
0
0
174315568
0
622499556
333123456
359848745
72604376
724769614
153276827
0
1227424
0
0
62984047
0
686073602
773278058
0
93595163
0
0
999120557
974812124
390242311
580480
28282528
0
317368965
896537538
0
0
15239720
0
977711107
289294682
0
964777144
0
293349838
0
118608705
0
0
884477695
0
3615552
0
927950400
0
0
541648
3518316
879373638
0
26720
125738228
0
229542712
46748928
0
0
0
104653322
0
73415911
0
2688
338301494
325334837
787325970
571354327
0
0
761880904
788857469
0
639534075
797446153
0
778859554
261254728
0
675489987
416017006
303188944
0
631419242
831492553
0
940893851
0
480552405
0
0
1155048
543981495
0
0
0
0
0
0
0
0
690831318
0
0
845708629
390392717
558291603
0
0
0
0
0
202872489
0
0
0
0
514210900
0
0
0
0
0
0
0
0
0
32986976
147002337
0
927043326
190471596
962012017
189719169
0
0
0
788631217
65857505
0
443285353
951682047
0
505234459
0
622368961
820514565
0
2864208
505234459
118409076
770197144
11321632
445688107
987264
347139762
622368961
0
0
52416
672706823
423469822
0
0
0
0
3007872
0
855214135
654810793
0
52770958
0
44252160
0
0
966509850
192333824
215208
511112264
105897789
275504559
9182520
235439040
0
970423176
606605006
343299487
391924422
0
607036383
354512180
811525044
97692540
685350654
548630826
26720
133300249
774000602
323707347
275504559
32986976
0
0
4389832
0
0
3040
0
0
177135324
0
0
327665801
947731096
872977756
203049017
0
0
0
118829548
183682481
54111431
383890198
658709435
226512
533485480
633296028
41755521
0
0
0
140304501
0
0
807750556
0
0
689112630
0
3256200
0
295191672
0
439252464
0
0
210666818
410263084
145648
843161565
434706944
0
838922326
0
81574033
0
136704
0
0
835952882
0
603497138
0
350702288
25408
119107267
0
0
0
7790928
0
0
0
0
0
0
1572552
601151812
0
163763356
427618158
542327769
0
0
333110549
0
29685104
0
146174179
0
0
463758104
878931339
0
0
801480488
0
31189664
0
74934310
800265205
717395460
333123456
304317264
880749576
76290288
242552945
0
327312479
7887104
39528784
369255967
0
0
615829781
44518224
756620478
0
0
856766102
229295745
0
47600
0
0
0
0
893850483
0
655450202
0
0
0
97692540
0
0
823943160
220694064
307829048
828583401
384
0
0
420417790
0
280473214
690162015
42607411
0
105897789
0
0
431158292
0
0
653242930
2624
727360552
0
467766753
689115570
0
100010558
934505108
0
27929836
3256200
19068116
299812528
0
785178890
994126848
0
202872489
329383167
2660720
192333824
0
0
882440491
0
617096151
417955925
37790952
21224
0
58510208
0
0
0
374450885
383933996
0
2459916
0
7520
0
384
0
0
0
0
4391560
0
9791104
815958536
36916208
15040
95997696
0
0
0
0
297268612
914142124
1480896
562537855
0
837792
0
368967339
0
28763137
882440491
77769680
0
0
0
0
901850681
70260928
580690460
272715343
0
0
703676655
0
0
0
218590513
27929836
378919785
0
205697856
1702848
557333871
401887003
552848394
0
864493674
610656402
27431008
1155048
16966296
4827608
557992213
964777144
0
541732694
0
202225800
0
0
423469822
885653493
0
0
801792
855214135
0
417036263
0
742989325
0
0
2660720
1411488
101621664
181040
0
0
626499386
0
288355920
0
0
0
0
0
0
861591800
0
2422656
0
4543530
507131691
439845133
0
610827448
2643693
0
0
517568211
614479477
831777054
1411488
0
1836384
0
2868048
0
734753574
0
606585030
425307869
0
293007625
0
94185936
190443679
0
686073602
0
0
552192
421342272
52064
0
0
0
0
265460512
661577805
0
0
136919482
833551314
905072570
338980491
660074098
0
0
230254603
0
0
326397993
0
445576992
0
515523514
0
650117401
0
267108686
726587139
478722769
0
64080
0
169036558
1017336
807750556
0
46748928
0
0
170095410
0
267364040
0
710633506
103360860
215208
6607744
0
1527464
0
0
0
654188709
0
81574033
0
0
384
0
0
270690289
0
0
0
0
669256507
642054120
0
194022032
567936597
251700657
0
796601156
188646731
0
188338430
384164662
251700657
551340389
507131691
1211328
53897536
19068116
6627744
290150803
0
231989265
579711960
9403680
45691360
0
633307725
0
0
706704654
693768538
0
0
0
1152
13300993
569613313
691945733
0
797446153
824048
374143965
677693593
579711960
0
33678651
134417347
148958870
425517570
950194628
0
0
72448249
6983552
591512714
0
40042948
18718269
0
0
0
854577855
25526052
0
50033544
753582883
740845728
4224
654126179
563400096
0
690817033
19564192
682100585
0
530442961
0
770778183
0
0
0
0
519683858
0
265749696
203658467
400002709
262550809
0
0
891907799
0
140304501
264273600
721309568
0
3801688
636627374
745460854
492070132
0
0
0
0
0
683737059
418896
0
0
103320
303412
0
1665344
596750953
917864262
0
0
0
0
0
932231021
0
388096
0
84266887
398560913
0
95997696
0
0
0
5952
278267408
0
829152483
0
0
0
0
242358431
0
0
0
655450202
0
150986210
0
33993696
0
0
0
85074991
0
66816
930292392
211904769
910798096
600287975
794715794
857396354
0
0
437630344
0
672644716
369061764
0
0
184289331
667724503
1277056
4362624
0
737504180
678117619
0
165425288
0
962774863
0
182906951
0
195439602
610741515
0
0
170225813
0
55381744
497449131
647290215
0
0
0
0
0
1424304
0
0
179665560
0
0
297250983
220694064
688923438
0
611413912
251008820
0
324088829
757453332
685350654
496419223
0
432
617096151
0
299812528
444932305
0
0
757453332
0
923721481
0
1424304
801480488
1424304
807552
0
443285353
369124389
0
0
142800
659886008
0
339948872
0
0
0
0
0
0
0
0
400946284
0
4391560
0
356934460
312559343
14333672
0
0
439252464
639244
0
354263101
0
0
0
290150803
705794199
0
0
0
785178890
677693593
0
358242075
171336929
35569231
0
0
675514344
0
393426849
675514344
297250983
844129570
0
43378824
111328824
621490860
0
0
0
568813196
0
235439040
708075419
0
0
951728927
0
988382073
33678651
0
650662075
0
0
755322340
0
0
3518316
219015377
418896
54167832
0
39648
588510463
2005704
0
5055028
0
0
914563554
3168960
307829048
921669353
27552
0
216940710
5108544
297250983
160568657
512412000
970862394
0
0
46748928
32025622
937868141
3521192
0
96686974
51260128
762876307
93257487
50088146
0
0
150986210
621490860
879086641
0
0
365072
2586624
626499386
606802675
0
0
0
903029901
13248
654323014
333529489
996654712
0
2560
0
7693467
0
0
543020956
707137361
0
8846032
0
409771307
5810112
0
0
0
286924600
732279048
0
106008
0
434958742
693768538
0
3256200
0
938192906
0
306049540
880162949
0
0
461472
954333945
0
724526461
0
0
0
0
220539467
3979008
0
0
386132074
754085706
0
0
0
1018344
610103118
864493674
0
760166474
0
639441216
639902164
807750556
0
0
771960649
0
325338630
1192289
564856471
633296028
0
505234459
0
983060842
0
0
0
484070716
0
105113567
25408
0
0
0
0
0
0
987777739
0
0
0
103360860
0
613836040
32025622
487047579
248539628
0
744936
405853516
0
239241860
0
0
0
0
0
95200
0
0
0
14333672
975506458
0
830425242
0
0
205487628
539693960
0
0
0
828000121
0
385063911
46748928
76290288
317337894
0
0
0
266486264
0
442833390
299812528
854021816
496167484
0
0
344092198
0
0
284271120
742101275
3895464
0
0
0
940218960
0
0
131545256
0
489984
0
0
3615552
661577805
0
24835949
0
0
168604688
323967376
603928679
0
696846151
834685706
0
57850881
0
0
162781140
743576927
0
0
0
0
0
764971774
102668317
0
42647412
0
307469750
0
0
0
0
2129664
15239720
495120
905877599
154623871
1836384
0
200032261
0
617084053
173543834
104832
313678199
15040
454610921
3979008
754861243
662402190
318792268
364941150
0
820404482
52416
0
708075419
4032504
2592
8706859
0
136704
0
79297869
0
43378824
2657113
0
0
964777144
0
1920
0
701271558
0
4447656
358242075
756537614
875226177
0
535417406
69456
28438694
0
617084053
19068116
676959789
0
943015767
0
923001527
333123456
505234459
54167832
569613313
0
0
0
638526530
927561660
0
0
37392000
0
867319579
88156607
0
359993684
607036383
85392
344257598
0
0
153276827
989983415
50088146
65857505
0
0
865827563
0
319009520
0
929462780
0
59576
0
505324269
1793940
826198915
15648199
0
64773732
505413236
687568549
0
0
190048303
0
0
557992213
0
0
0
891907799
303537218
299812528
0
836405642
0
0
2688
55280221
1920
3040
4447656
0
857396354
0
0
0
514594920
0
724526461
754861243
286217863
297250983
312292800
627362535
0
0
0
0
467932976
0
286924600
504488544
335611664
687101205
755179224
4447656
0
645844584
382806388
640792499
922611553
27552
338980491
5456808
852771939
0
598114272
0
0
0
293054091
0
0
230406586
761006825
0
85503924
96
0
347139762
834012446
0
546515080
0
192491029
0
0
0
0
0
520594407
319009520
0
504122400
140173774
299812528
0
0
885865968
0
85392
564856471
0
0
206339552
7790928
71998272
20576
0
884597392
168202988
398768612
0
0
291578079
0
287581808
669256507
218590513
0
54167832
0
960907669
0
495516554
772214073
0
0
254838562
855199656
0
0
324088829
0
0
633296028
3040
70366068
1112800
0
999032036
399312
0
263228755
7520
862172528
731400291
688865505
0
563416255
664465906
294839575
50088146
0
1507396
276480
0
0
0
1029744
691945733
724863193
50810832
42723814
444747482
0
782721691
73326434
0
554768321
957789882
649232693
740943180
0
983060842
206320899
1044864
0
526488
0
0
667753482
0
0
0
919529478
398296280
893517200
0
0
56520576
708075419
507131691
470314501
0
333529489
0
0
0
812546603
850862545
0
0
1432104
177996927
306811922
0
0
17248128
209525811
641870639
957257284
45605104
882035439
980899058
626144100
438245123
0
930385320
44890639
0
0
0
84417264
677693593
0
980899058
5456808
424696
0
410263084
0
314731543
505234459
537679088
0
140883160
0
0
0
0
434958742
0
0
658709435
600136830
0
0
41366847
403354228
327200266
732885497
9791104
408292
0
0
0
0
251700657
795007906
51383988
0
425307869
0
916885558
27431008
601492084
718884403
0
653242930
52299672
0
771621945
0
0
0
15239720
0
0
743238521
0
0
935513259
0
25741904
844443615
0
0
0
389592870
472850994
413085967
303412
1845888
134173010
745944
942990759
72448249
0
3801688
78624
194793392
974812124
278267408
0
0
0
491313314
144793782
0
788857469
843161565
0
0
167741733
416017006
0
0
975506458
0
26208
0
0
2459916
0
0
0
487063800
218590513
681698869
338416536
170095410
987082169
197464032
0
52220172
0
972004868
590511743
649836175
0
878384
0
557992213
1280
681992256
800265205
0
28902379
0
490376987
0
0
0
32025622
166020896
76236934
155904
234200136
0
368255047
878931339
0
387841347
961418429
0
839127318
0
875226177
0
0
656429853
508024
418089048
0
297268612
233620
0
0
74934310
0
28763137
452732111
476123941
0
653232748
603497138
0
39528784
303639452
0
879358874
0
837363218
0
0
4447656
0
462571847
0
671318432
151927937
876364221
107452642
104034592
7207880
0
817031471
466400
698044524
0
421891347
0
0
5704128
91480712
11778016
0
26208
3979008
826198915
340723369
445440
541876716
0
453445849
920484140
403776
192997702
92505865
0
587227126
16912360
203243328
0
169789721
0
272715343
834672718
601492084
0
0
0
0
568977622
50810832
0
573520411
403354228
253445957
0
272976638
116776
837792
29738531
0
3521192
141573324
0
686101628
0
0
225792
190048303
0
0
606605006
2864208
0
0
671079468
273628736
565257941
527004918
533896875
0
0
43287901
636601510
0
0
928382567
731447132
600136830
495596929
360101656
0
206320899
246922104
562098679
0
0
0
0
450528680
180402431
0
0
323481302
0
0
528507392
6624
42794751
238792
3840
964777144
600033681
850862545
265903666
0
452560318
568813196
265460512
691984766
0
0
0
383667205
914145242
421891347
0
0
37961323
0
0
0
826198915
0
734976
927561660
0
453555314
0
231992671
0
0
9403680
0
26208
660792
0
286924600
1424304
0
190570911
7207880
1227424
0
0
757191121
0
762876307
121816896
0
278649744
13255488
275046578
977711107
658709435
11159856
615829781
0
403475861
0
0
0
298662022
0
855872600
785178890
276096
461472
0
879358874
5215643
20683336
94185936
84085832
826198915
767527312
0
57888
0
408424566
707283234
647568632
0
488337211
277712
0
187326321
590859988
56656176
40042948
0
0
939915575
0
363436731
9182520
0
0
2459916
0
0
84505882
974812124
0
6390048
0
0
0
0
0
0
0
0
0
19068116
344055989
393304379
869022736
0
957257284
0
0
0
989965038
423071066
0
0
5345472
530442961
0
3955512
0
271170315
2688
0
600033681
0
167741733
0
0
0
482395064
0
318000960
187326321
0
0
147292065
0
54167832
0
0
249793794
55672
0
0
178724348
255908189
124887808
299812528
698255623
563400096
146186088
0
0
0
0
0
0
0
301688
0
826198915
0
72927592
0
0
989183294
0
0
650117401
299997806
0
836779241
230173248
0
0
258796181
483984197
0
650671838
814670448
450528680
24651664
226512
0
734976
0
3672768
529501640
615002489
395454208
82702036
418896
159860304
1939462
488049945
0
146186088
13300993
605441523
777901060
606605006
855112555
0
0
563400096
0
0
0
26210949
0
0
0
0
4447656
586327990
0
0
44252160
0
0
448278381
0
2464
768847895
777901060
0
0
601152535
0
980899058
859971652
384
0
461472
974812124
5451084
0
617963824
0
251008820
0
961498785
0
398669541
654323014
0
0
187326321
118608705
0
190203292
874156684
0
547330274
3283248
921545494
0
472711595
432000
0
0
893299254
0
0
0
24651664
300705696
496090044
0
231100
169838462
76255815
11159856
0
512412000
85944
0
0
0
0
91461008
996440125
111031269
107604
0
575170387
218590513
0
698690656
617096151
0
790907549
988281394
0
28763137
0
0
3040
0
0
2657113
0
81424632
0
0
56585264
27939092
740943180
34309784
79241256
764712887
0
288105456
0
887574301
0
0
0
12384
255585216
0
0
425994883
252739200
151461191
73326434
0
0
562431849
500854642
0
0
36234436
958969842
671456145
27929836
0
478671923
200100111
394167005
731978496
276900318
0
0
625982372
0
481501308
838853180
0
375216610
0
14671950
0
0
0
823073446
0
204994259
935549897
0
0
380738483
76615146
75176712
0
36250309
0
0
328012080
50832
911853684
0
0
0
313678199
43378824
509968436
861591800
730192433
0
0
800265205
210889286
338543823
0
1103544
441302315
303639452
0
192
47381387
0
62106024
0
382294384
0
0
0
404161382
369061764
923438943
276792556
15360
246289779
0
622368961
736909717
783501278
0
225916692
986380416
0
77918849
672644716
0
391924422
0
0
829440
744439483
6474320
941629722
0
0
361728
0
0
0
782782248
0
0
901784912
0
505234459
488450682
4389832
0
0
748011004
0
112514470
792039900
0
0
834672718
140521572
0
658709435
322990874
612849050
866474768
0
0
246673158
2880
690831318
778131972
581001342
0
0
0
0
0
0
0
656429853
0
0
837792
0
0
0
0
0
568
0
542580871
882035439
0
13983901
698690656
888575970
0
369255967
213869132
0
0
0
0
0
826667521
66816
192
0
0
60528
0
456300745
3313872
600823070
0
0
0
625600
463758104
18624
0
0
0
0
842584014
726587139
836779241
448146037
0
0
78073200
59736
898078907
0
947731096
0
445576992
0
7790928
0
0
535399440
2136456
770007514
831433152
0
516665278
505107040
0
0
0
32025622
132810464
0
0
0
0
940216746
0
0
0
1901376
0
290953263
264273600
0
192333824
274568091
802234434
865961475
597798656
7759872
595628781
0
294839575
0
579199332
3313872
0
372915475
66234072
126811145
295191672
962774863
0
707693858
648880355
147002337
505234459
667391125
0
796601156
0
290984411
811342711
862276528
0
0
0
731400291
775650081
432000
18924336
0
107712
330175056
0
0
0
46748928
3940372
0
308077956
540324508
875226177
11982180
899023644
596540265
170095410
0
0
0
0
757614879
786270036
0
0
15040
96
0
445576992
980726263
15360
153347162
0
0
0
16964136
478435458
736791978
108036200
23136
0
46748928
581377601
163291344
0
0
0
200448
0
0
0
166292332
136704
13037984
424696
845580709
0
0
870755785
0
981302723
373938347
951728927
113607428
0
0
56656176
7790928
493035264
384466441
0
6627264
148218731
4204928
0
344513958
124063624
338543823
699600
0
983060842
614020879
35569231
0
0
0
0
9235662
315576286
0
0
0
0
0
312559343
14701800
0
834012446
654323014
0
0
0
324968168
876166115
0
738730680
50029198
0
932770088
0
484073087
299812528
813507828
801958299
395017746
807750556
0
596129223
0
213132645
0
213705845
348906812
0
81561899
0
0
0
540750676
0
164857828
826198915
0
0
381005896
0
662402190
242358431
432000
478435458
14762304
0
641465638
0
133397291
480344739
316959570
73326434
1148556
0
0
0
961641816
0
0
59731962
323277821
0
0
697067962
11408550
96686974
3626368
313922240
763165306
0
959574642
0
542580871
793303792
0
0
0
0
443285353
0
648880355
0
0
177175184
0
378831006
113615384
0
0
0
0
305362164
1368584
617096151
45936
0
579035515
0
366571241
297817484
0
50810832
530488798
0
0
287581808
596129223
432154712
0
384
0
0
342637189
0
761006825
0
724769614
0
0
96
26208
0
0
0
215208
717899644
0
25526052
142576776
192333824
50810832
20240354
974034901
403354228
0
16727264
690948
13129248
727289066
0
203243328
0
0
0
917451555
788857469
32110058
0
0
998133510
27260944
274568091
114794880
0
0
1645792
0
0
7520
304317264
3521192
383018992
339559152
0
756319679
11509649
0
0
169036558
876166115
0
930358123
0
0
0
0
0
824048
294068425
547330274
81201102
0
0
0
2657113
547504608
0
432823142
0
473405975
0
0
0
0
530457477
338980491
620520959
0
0
552402800
0
0
20683336
0
281470828
855214135
0
0
106157671
0
0
123380
826198915
128160
0
0
921545494
23136
822865072
0
833551314
0
0
0
782721691
0
0
549270146
60528
0
19346676
801480488
556189019
42794751
0
0
557328869
606585030
606802675
699600
0
338980491
0
0
0
0
0
798350602
151705394
0
2422656
756620478
726587139
772270744
0
0
787288244
62984047
346366885
5704128
705794199
501590164
159860304
265749696
861591800
13255488
0
378757861
553645020
0
0
617963824
0
384164662
369255967
340491952
0
0
1536
0
347102764
851031640
0
372915475
0
0
969007891
0
2838080
0
774927500
26641656
35861472
577194504
0
0
5376
0
530442961
427618158
0
418981279
0
0
22713504
0
664097299
0
0
801480488
945034974
420816
188255922
0
463596355
0
847793553
288105268
0
0
836280
0
0
864493674
0
427562670
0
384
445440
582889221
111031269
480107586
0
838298422
19832712
188255922
18155680
0
112574448
68105240
188676700
5810112
13037984
7275184
259707356
261537213
0
633867318
4447656
528198038
995110617
0
531591133
251928
427618158
0
500872044
27552
0
662402190
220694064
0
953115527
886134563
0
0
211645808
0
311141724
0
87185728
817585314
0
379335781
9182520
507131691
0
2464
2560
447392674
0
0
36916208
0
0
3264
0
0
390014496
826198915
0
393599685
26423960
467667268
27610753
248539628
303908372
0
0
0
0
0
482395064
0
380738483
0
0
5504320
604034339
0
0
211904769
0
582972154
0
443285353
0
740943180
0
673672545
422090300
0
398560913
0
870751897
0
0
0
647821818
297268612
0
317337894
0
28912
0
809365629
821471241
866651697
3518316
759052423
0
271170315
546515080
0
194714504
0
168819485
177680
438826363
37790952
0
333123456
3895464
2592
987264
708114354
0
286217863
203049017
36234436
0
736791978
746208
354263101
2864208
107604
0
264273600
160595574
403232664
4543530
0
0
0
0
2208
26208
0
0
0
668064
0
880246631
0
0
1249656
151927937
0
0
765605900
0
264273600
5345472
890246642
0
0
0
0
0
253288
0
419761172
514313444
28438694
0
0
235580
79357852
0
983493533
146608514
215208
353858252
0
905072570
0
2864208
223913488
971966414
0
639441216
249870063
0
0
620840316
761006825
219735254
0
23729380
0
964777144
190471596
0
173097988
0
0
0
649836175
0
608785479
453445849
0
25408
0
155517621
44738910
6889596
0
0
923923667
0
0
488427735
651843976
290150803
0
0
560217422
0
167741733
0
0
0
0
0
0
728326442
647568632
1277056
654810793
356663573
12109504
85074991
264273600
37392000
0
0
226512
998133510
0
0
409322545
166292332
0
0
107604
0
0
0
213547610
0
334592
36410144
34436660
3020696
520724499
338416536
691945733
957789882
524048705
17248128
68032
0
35861472
103770024
0
0
0
1536
0
0
472850994
0
0
0
1026000
458898113
0
97692540
0
44738910
0
899700326
0
0
456950332
0
0
0
0
84505882
293054091
140830652
204383932
266486264
204448392
13255488
0
0
654009939
2059488
0
0
807750556
299812528
4389832
949147790
0
0
28438694
0
0
3914872
27500
574408
71443417
7207880
303537218
229713066
0
0
112574448
826372733
0
592799303
0
0
64080
389630558
207140629
0
218590513
0
0
0
782179737
88387182
592655152
386132074
934906262
0
121680
677693593
807552
0
271170315
0
203243328
381005896
690567338
0
0
0
559872483
303908372
0
0
16092672
230629873
0
0
804484291
0
202468
0
144667446
295651131
267731025
0
836405642
0
312292800
0
434725309
286924600
891120945
0
0
6170196
0
112640
0
0
0
0
0
0
959809636
203243328
0
3072
686073602
723869651
424372320
397938366
403232664
664246621
905181548
568
0
21654094
2583856
526194642
0
0
95760912
24661659
630056762
349416755
277259992
681992256
891326759
642494457
0
0
891120945
454106823
0
249870063
0
14671950
0
0
0
0
168604688
166020896
0
55075134
0
403320087
0
256770411
3979008
998133510
0
0
1249656
13255488
0
610927255
27431008
7693467
0
69775752
2033088
313448477
0
348130096
26208
0
64920
438826363
0
686073602
0
0
0
0
0
0
379809376
89928072
291546022
98779487
0
0
0
0
0
0
621490860
93595163
0
724769614
407096505
131545256
0
0
256268985
457844082
0
899023644
694268980
1662656
594416000
4845312
203243328
0
317140272
278649744
0
723869651
29782460
0
715555932
1939462
0
910798096
121634533
161012140
310218071
501929888
615002489
807648098
0
0
0
780915243
0
652364
9941616
0
101621664
605664
960
0
0
31335230
256996816
0
0
0
0
77356
0
361231833
0
0
390436746
210671136
124887808
0
2624
957789882
831676444
0
428278816
115776
0
0
0
153276827
0
0
0
180675271
980899058
167745363
0
330175056
0
0
244616114
932843319
82631606
134297461
0
0
829440
416977823
0
0
0
122192430
0
460917846
358812817
23099872
563264624
369623301
515457407
0
46217550
0
0
0
152432496
0
0
746914922
0
194022032
172622596
661262686
0
95200
0
826678346
0
437254914
0
0
0
0
497449131
712316190
728701956
174628457
746442324
1845888
274008808
3840
192
0
0
242988608
538057395
0
3840
1368584
0
0
16844708
0
542580871
354263101
2807816
650941258
37232385
121634533
439252464
6388992
0
891120945
0
806453318
0
5540400
52220172
20535040
953115527
0
410263084
998585740
0
0
0
0
182017001
37534970
0
0
870765816
0
3672768
0
0
0
0
318000960
371671734
0
166292332
740943180
71348404
0
54167832
746208
27929836
0
1089144
0
346912270
0
914145242
0
530442961
0
507131691
0
708075419
0
0
878906149
0
0
0
0
0
495120
4895552
0
50810832
312559343
224755387
576
823073446
378206868
0
0
0
53975120
0
0
0
238792
0
0
1424304
27209248
0
324538560
591512714
0
801792
870751897
267046573
639441216
0
0
0
0
567936597
0
0
621490860
1368584
422090300
621244852
34309784
879373638
885525915
0
41670394
475616490
0
0
235532584
0
15239720
961418429
0
911005496
0
403471814
1424304
0
290826364
497449131
1525248
0
116750599
0
0
0
322527456
0
47381387
0
37392000
505413236
0
286217863
565257941
541429152
0
118829548
866651697
0
267726295
977740734
0
849804031
693768538
631934135
275504559
0
946069008
651843976
199162303
0
554034893
0
0
0
0
373739418
0
0
8260128
367199422
0
549639401
126459395
849305754
73326434
567936597
374415609
0
568
0
218590513
0
0
2136456
369368649
0
210889286
738870882
0
109318658
0
0
498792510
0
688865505
0
0
641055025
12635728
0
0
123641200
0
94185936
0
741892593
0
0
738672921
0
177288390
0
0
535417406
254074439
0
800265205
0
0
4220784
0
567936597
0
0
225954793
0
0
0
0
0
280800
617084053
27640609
929233752
0
732885497
462459481
823073446
0
0
106157671
0
0
0
0
0
0
532407929
0
0
0
0
17039018
344881035
0
22080
312559343
157822486
0
0
0
0
193612485
0
818827739
1920
0
753582883
20240354
0
360322348
568977622
9850912
602206312
87656712
842405893
0
443392
0
542580871
0
65879489
0
685920174
7520
0
187326321
0
0
0
73326434
0
310218071
0
0
4845312
0
2807816
0
0
157981267
602495151
0
11408550
637426085
131545256
0
0
505234459
47781869
0
327811516
0
3040
0
36234436
0
0
0
0
0
2136456
983703185
0
156842012
0
0
2592
326397993
5704128
514594920
7154056
0
0
2592
344257598
704477343
153347162
0
0
407402119
0
581005223
159745833
5704128
0
132726708
327200266
354512180
0
0
386741228
515854651
649836175
0
0
0
0
0
286217863
0
870751897
0
822326852
987777739
0
551340389
970716328
0
761006825
61963098
0
861591800
187326321
582972154
0
293054091
82719265
193040471
0
517422374
0
943424
621490860
649862074
0
178336420
0
1845888
5053880
0
0
811342711
398339052
611413912
37790952
0
0
0
495596929
54167832
36410144
797503464
0
445576992
0
973343951
0
13087872
14904
80836604
983703185
421891347
13736
0
443285353
443545236
903895705
0
44818912
2059488
194343936
0
743238521
0
233518177
189719169
45936
0
0
315099983
420816
7987840
0
512412000
0
205487628
443028868
0
4436544
0
749202543
2688
60091552
564635989
709704643
0
0
747018851
0
0
884477695
0
541820124
0
45638690
77356
0
525481621
0
169036558
32025622
0
0
16968456
0
0
758611564
0
658709435
0
831546363
0
118776269
694268980
0
813954830
0
0
0
0
970862394
351642985
165811900
0
774927500
286924600
57850881
0
0
6192
194537352
0
0
0
0
0
378919785
313118705
9216
935549897
360828559
0
486298246
0
0
0
60026231
40320
844443615
831492553
350627121
0
0
0
0
507131691
0
1211328
0
562431849
757133792
50810832
0
50810832
0
0
0
231679100
202872489
695963161
0
148557937
738730680
0
880202332
0
0
24651664
48575027
876237870
903793170
761006825
778859554
873595868
4895552
0
0
0
0
568
603914548
113615384
541155932
47600
0
41670394
54389736
0
0
173097988
4391560
45605104
45605104
257749871
277259992
118608705
0
9791104
0
862058747
0
361728
0
8260128
881237571
0
898078907
0
0
0
0
0
892774395
86907456
57856
834198678
0
0
0
294068425
3521192
0
0
3313872
0
98526170
0
203243328
0
0
77356
347277340
920966979
0
0
0
0
0
124887808
346320228
0
0
750800898
0
0
26192
375719727
0
104675904
101524
242552945
1845888
0
0
169036558
0
0
484073087
0
0
406793466
0
0
0
444932305
0
215131260
174628457
823943160
0
0
0
0
907215400
0
0
760573826
0
0
609443021
210889286
0
0
32986976
488450682
361728
23999424
355392432
299473297
0
0
97351927
984240
974305100
0
0
0
0
0
0
668064
0
424984975
0
0
16036416
694079598
0
0
0
633307725
0
0
807750556
111360
0
193612485
0
140273475
0
0
21957496
872977756
0
958637091
0
0
5902920
6192
0
611321536
826198915
0
290953263
610103118
0
0
226512
546288139
378919785
0
0
0
0
0
0
0
0
0
0
0
342685565
73685655
783750804
0
0
471158860
0
572239164
987851392
0
419761172
0
826198915
159359280
498792510
3801688
0
790132119
0
0
836779241
0
1520
0
0
413939556
0
0
0
167741733
0
662752053
0
0
0
73326434
0
805474405
601224
0
0
0
727577690
0
0
0
0
7759872
0
0
101621664
0
25408
831546363
334080
0
747939835
0
11159856
0
0
96686974
514817102
12758064
773707009
0
95997696
1939462
864493674
751809505
632191445
0
1572552
271170315
0
14701800
79080396
0
797159244
179665560
290951744
384164662
707137361
0
0
104832
307829048
19539512
746208
731978496
839655921
746914922
351849200
622499556
959574642
262157573
0
0
908371232
94185936
530457477
10261234
729770808
384
274725126
0
316339924
0
433131182
0
412427898
932770088
0
532272455
0
334177247
617096151
287098252
94185936
4701840
418981279
0
989885036
266938831
977740734
0
0
0
0
0
903793170
6851029
735663813
413455607
268209801
97376
1542936
174145687
0
0
7275184
0
0
11321632
0
0
81806424
443285353
0
800796
0
58510208
0
650671838
640250512
0
35861472
1536
34016
0
0
576238704
122192430
0
760573826
0
0
0
0
20683336
45455344
178724348
23309456
327867192
0
0
0
14762304
72607544
923721481
0
80441356
0
674786494
4391560
346887940
107604
0
155517621
526061918
994334939
0
0
0
0
226512
0
0
0
0
880246631
63735154
192877614
3007872
5704128
0
557328045
250451420
907215400
626144100
711967560
596029808
192170651
0
151605167
0
0
306541850
424256447
0
999438371
0
0
3518316
616317408
0
0
0
734976
0
225954793
0
0
225792
0
0
0
0
0
0
0
0
539693960
8192
611321536
582972154
395016579
0
0
553511639
253288
688644438
0
490376987
920966979
4880640
443415377
747939835
405853516
0
0
0
339718560
40359134
0
0
0
0
0
571706379
335503030
2136456
3979008
0
213132645
0
647290215
0
0
0
6627744
0
99005520
0
0
105837045
0
14671950
823943160
3313872
105335568
12780096
524607583
0
754887092
291812729
6627264
0
205487628
319009520
0
975506458
951728927
0
0
0
23999424
483984197
836779241
0
569613313
921669353
0
0
0
88020816
0
507131691
855214135
658673003
810235674
0
504257179
87185728
0
59731962
0
789033236
3518316
445440
159265183
5120
0
374303119
404390080
249483700
0
294234621
0
500208768
150986210
255378665
0
0
681992256
443146787
0
23999424
0
209750070
0
0
289891068
0
1440
541079410
0
313281806
0
547062250
6192
0
266832173
931852830
54167832
788857469
0
0
390050340
122958231
0
0
0
288105268
312183014
783501278
52416
96686974
644916357
0
0
7275184
420586414
0
312051534
73326434
112640
0
413876196
0
0
13255488
395016579
0
293349838
403776
0
213869132
0
952671589
418089048
8955312
462697630
0
153276827
849846291
0
820210810
959988770
37961323
0
0
801792
0
0
0
418099967
458509276
0
0
0
0
267108686
97760
478435458
0
578861159
887574301
0
0
0
924400067
1044864
0
390014496
42931934
3955512
2422656
0
0
96132566
499522748
103383512
476123941
657922582
270335790
244992
0
0
802834571
1197072
18116
329481386
0
488450682
0
0
140951336
919448359
1698504
0
90243316
0
129982962
514210900
924196104
165629665
681992256
0
0
36234436
970393859
0
86006154
0
0
323277821
203243328
851460
0
935513259
0
664715746
1939462
0
531513936
0
0
308422218
18413592
658621957
0
0
0
0
208207055
0
0
0
0
0
592655152
392923760
861591800
0
974812124
959574642
953115527
53897536
0
183081625
661577805
58510208
616914207
0
0
756319679
0
403354228
0
153276827
138240
892435672
905018581
940216746
81806424
0
0
0
0
0
0
621490860
0
288105268
0
890246642
0
285949556
0
406884227
0
134297461
0
0
0
264273600
317337894
0
0
836434990
0
0
12948640
0
464205332
118923223
0
0
735663813
840338898
614449800
919203486
606605006
0
0
0
0
0
295941193
0
192333824
0
718446476
0
1836384
0
413085967
0
69775752
419761172
0
222720
54167832
959574642
0
0
384
0
129982962
0
10867358
0
435414573
1280
880680913
0
0
197871683
0
541079410
873595868
863648
0
1424304
508024
148218731
0
0
51260128
249448500
777099512
63389667
609329185
0
44416
557992213
400002709
0
819872404
410263084
249483700
0
0
0
225954793
138927328
173543834
44639424
960
0
0
344513958
0
0
0
567899204
0
0
349427557
746208
55010688
16302632
0
0
306541850
0
4389832
213547610
831433152
2059488
690314026
0
0
3931636
125738228
530442961
56520576
19068116
735263223
0
0
37232385
368967339
293349838
0
466400
525481621
0
2942752
215208
13255488
671456145
267022160
639060024
500872044
543020956
334413721
934628721
303537218
584886928
182906951
0
0
0
0
67730948
770778183
427646786
392475711
531513936
0
0
56585264
0
0
26720
0
0
0
655770054
329143057
0
0
147299852
617963824
0
160595574
0
0
0
0
0
805705788
542327769
0
480107586
0
0
409322545
0
321352135
0
349416755
796601156
574368956
0
205487628
198347687
32110058
462214187
0
115200
158602489
0
382294384
9888
0
0
280416
278267408
706490326
939412399
59731962
637426085
0
103360860
0
12780096
0
312051534
0
0
0
0
0
0
490842928
452919013
0
0
0
503400362
975193313
0
758241597
0
0
0
2626188
971951055
574408
0
215208
24518049
0
293054091
843400639
840338898
0
581789926
760166474
333123456
0
0
0
0
348130096
90109172
0
655450202
0
748011004
0
733507780
991557371
156842012
140883160
13129248
938033876
0
497746057
0
0
879560568
122958231
4993840
0
0
9652128
939112080
0
0
0
621490860
194022032
0
1044864
988281394
687568549
0
268209801
50810832
1424304
333335105
0
81561899
400212660
957789882
480955882
299812528
523798616
1224402
111833760
0
0
367181486
514817102
552192
526194642
159860304
0
294248503
0
23999424
443285353
0
46560900
403354228
688854189
0
323481302
0
0
384
0
0
534791631
23309456
0
0
507131691
348130096
959629750
9791104
562098679
171336929
459772754
82719265
0
861094653
611321536
354512180
0
503400362
962774863
0
73685655
7486756
582972154
67730948
34436660
444932305
524038686
0
660074098
0
0
0
940339442
234219600
0
826678346
0
0
0
536855132
45605104
0
0
0
200100111
788492121
0
70514993
0
462459481
0
539693960
568368
0
864459516
109318658
0
0
231989265
215208
0
33332208
0
403354228
205482866
0
0
328423882
0
0
238949548
175249440
0
83678832
0
31014262
0
770778183
0
0
774000602
313678199
297250983
319720608
758268821
267108686
0
3591216
60528
820662486
831433152
574709639
0
0
0
167234652
368967339
0
0
0
101519675
0
0
0
443545236
70514993
0
390545747
26210949
909668120
0
105837045
834545564
59664112
0
882227908
0
0
588510463
0
0
0
974812124
0
0
21264
0
484570844
0
378831006
0
0
552402800
443146787
144793782
21264
549270146
413876196
180312741
0
0
364941150
0
0
543084845
0
0
0
600136830
0
4895552
974812124
410923248
0
334592
0
0
0
177175184
604489763
0
52064
0
7275184
0
0
807552
0
681992256
272976638
393672096
0
324886837
220440497
113615384
26175744
562431849
1816992
288342778
548630826
403232664
263508607
105248
831683261
0
863614979
0
0
0
0
14259712
584653380
0
0
0
12217764
122958231
0
212768200
0
276612856
0
348130096
2800360
116750599
464411213
0
543020956
111360
0
285799097
346887940
0
0
542327769
0
617096151
19068116
0
333870135
0
28036416
0
0
801980358
197645876
0
0
347512
797933128
589560948
0
973343951
86112
1280
0
647290215
591512714
996330376
471158860
854054192
890486259
0
0
341675952
412427898
0
443415377
382294384
151461191
2809124
537074488
523518618
616191159
0
0
554816453
0
811342711
203380599
0
0
939412399
0
410263084
84266887
0
303537218
37790952
230406586
461472
6390048
327811516
0
984744
0
0
0
0
0
0
0
3040
688854189
0
231989265
0
0
0
0
753582883
655450202
0
0
90211532
695963161
438826363
281561075
0
0
188255922
200448
0
0
690567338
0
57709511
14701800
402364377
432000
384
1378816
0
927043326
0
190048303
2660720
0
905018581
0
0
917864262
13804093
0
8046336
0
773776722
797503464
46267267
0
602924983
55075134
943641440
452919013
250184039
601224
16092672
4827608
390343544
57888
0
0
558474292
567178138
0
260083891
0
0
981302723
327312479
0
0
957868580
708372961
0
0
491313314
849305754
406610160
0
467766753
480552405
631419242
826372733
0
410263084
81561899
459125592
0
0
0
831492553
55381744
0
491354838
820210810
192333824
0
226230993
717073
203243328
0
615376220
0
760166474
11321632
347512
288355920
521314366
233518177
0
134276149
801980358
2657113
0
423328
474207211
740721491
0
864736227
0
0
0
862172528
48575027
294068425
15895144
1445040
708372961
862053149
395016579
0
0
19539512
0
0
887574301
420816
0
0
0
4827608
92792923
492734780
0
0
24480
0
672706823
988281394
0
103360860
333075509
480107586
0
138996528
808102578
0
0
927043326
418896
8192
317588064
0
445688107
807750556
556615162
0
354374558
0
156011913
452560318
0
26006973
108492240
0
0
130011748
230406586
385063911
0
0
0
0
0
87375672
0
507131691
0
979897049
0
475914414
0
110772400
907215400
0
564635989
215830887
0
0
533485480
0
0
0
0
954782443
206144793
0
0
356671552
104832
981802863
599526835
0
0
0
210889286
507131691
0
658709435
0
0
878906149
0
0
0
0
0
0
111849762
0
0
761880904
403354228
0
0
0
891907799
0
667049358
5962464
82702036
0
101621664
621490860
0
0
0
462697630
472711595
352693012
175956672
0
403232664
2844072
0
109331528
0
462235968
197645876
0
0
251700657
755322340
48575027
0
18837960
532393792
167741733
0
854222807
265460512
0
0
169036558
0
0
5252376
301688
0
523518618
0
0
0
0
694079598
125738228
0
8192
1664000
0
0
775976464
734347643
308077956
0
757942813
0
0
0
0
16964136
0
0
460185014
0
71443417
0
649836175
0
0
0
172859894
569613313
427562670
782721691
0
0
133499733
0
0
59731962
565207126
662627730
650117401
0
2624
200448
0
530436
581377601
0
71443417
0
238441952
0
0
660074098
989449039
780773160
0
291017067
250451420
755322340
3979008
648000
627743213
0
0
2864208
0
0
4389832
0
0
0
278267408
0
434725309
0
111328824
495609711
403354228
591512714
0
0
0
0
0
0
740943180
0
0
0
528230185
0
0
11408550
893269379
0
567178138
0
0
0
0
0
554034893
98526170
229713066
0
225954793
0
0
215208
0
0
0
7790928
307829048
50267208
0
161442039
0
0
0
265693440
32978162
19704
50810832
0
731447132
0
318858637
597407341
744921895
924400067
479608121
681992256
0
0
0
844443615
0
333907243
135131890
602263082
348013805
0
0
5704128
675489987
475616490
0
0
159860304
0
958247405
0
160568657
487608505
0
0
520432782
0
0
0
0
817031471
0
319009520
403354228
0
0
479580912
15239720
735688533
0
543981495
201820929
0
101519675
136704
0
183566745
0
190545780
0
4845312
962774863
741892593
0
501149768
326838820
0
489267545
3283248
0
656429853
275046578
0
1527464
0
497746057
0
0
384015077
0
410263084
0
519561941
44252160
303639452
0
0
33479568
0
763165306
343616450
17248128
0
0
0
785178890
0
0
0
379335781
11759968
761006825
451297952
321352135
144793782
370033044
280326795
0
910798096
0
0
1520
549786387
3072
0
1019352
0
0
164452327
0
0
16964136
324323704
214403406
432000
184289331
0
755733525
93257487
647445607
329313285
0
874126415
7275184
690817033
590529415
0
0
0
919529478
594088816
250686604
210408
295709120
0
189719169
0
31189664
333066626
421891347
435414573
64920
861066098
862053149
0
557415764
476544196
435414573
340491952
0
104675904
738607618
0
0
7520
0
1277056
820514565
0
0
995110617
0
77918849
0
0
0
0
16192
0
280473214
0
111328824
77356
264273600
503899737
430800321
0
0
137114532
0
69775752
0
0
980899058
6889596
0
0
44639424
0
0
0
0
0
7130880
541155932
0
732885497
0
15060400
960588735
0
0
0
0
177532048
40732014
0
0
0
0
0
223913488
0
0
540324508
468264808
0
61771536
0
0
4096
507131691
891326759
299812528
0
708075419
0
0
704723807
0
554034893
0
205110736
864493674
0
0
959147732
0
0
269675473
225792
0
318858637
16128
0
0
0
32920021
882227908
700177208
929233752
783501278
639244
0
0
0
0
0
342637189
0
235062170
244680000
0
146186088
957789882
371671734
302486692
129982962
218590513
0
859971652
0
0
192
2688
61541064
0
431158292
0
264930576
0
44890639
313922240
297250983
0
24835949
0
0
0
0
336036139
519683858
0
0
0
0
973343951
112514470
0
0
0
149999250
180574384
0
331440333
0
3445560
382806388
338416536
81281586
511956755
0
210666818
0
0
0
328012080
0
0
664715746
997979905
3840
124063624
0
0
762065756
0
770778183
498792510
48468760
12780096
66516583
851460
0
352693012
393599685
721689115
427646786
0
0
0
766384347
368725835
0
200448
166020896
494427130
0
0
0
3072
760573826
0
351245037
843161565
111031269
0
0
0
0
37790952
0
159860304
599526835
0
1658880
0
327921131
505107040
604034339
0
0
228879130
37790952
416684772
0
0
0
27258304
0
53790524
0
200880
90391010
874750129
0
0
116776
333870135
98759232
253423705
337832474
342682615
0
0
384
837254366
0
322855869
0
0
0
0
0
0
0
443285353
0
391693050
0
603914548
0
0
0
662627730
175249440
3313872
193295018
118105090
863648
235160401
0
26423960
877040
0
0
233825879
0
0
0
0
729770808
0
403320087
552192
0
0
834012446
9850912
724769614
6627744
0
13255488
957320788
682100585
101621664
0
10710384
224373802
0
677693593
231992671
0
536855132
423684
0
746208
0
0
0
86496061
51260128
0
45691360
0
0
0
0
53975120
44026068
690162015
796064
0
203243328
302526352
5181530
0
799339790
0
0
16036416
465061247
188255922
0
0
191504808
817456887
691439679
136704
0
339718560
828000121
289625100
0
602495151
0
0
2868048
0
0
667724503
272763408
64080
21408192
0
932354538
0
2537608
337761380
919529478
880099478
0
26103460
871122021
788857469
942990759
730345855
0
826713417
71304819
24835949
0
0
75176712
0
0
190048303
697067962
52220172
811525044
695409058
0
52220172
927950400
176144000
0
3518316
224373802
970423176
0
879086641
0
538071065
0
308077956
0
225916692
205697856
0
0
440522603
0
3040
0
0
0
672816261
0
35569231
7040
163801928
756319679
0
0
215208
665111639
69775752
0
0
403232664
0
661900
0
120602765
662627730
0
0
0
28765579
0
0
0
13129248
510990822
817456887
977141468
673776
0
2784
0
0
65664
0
0
870751897
587224205
293054091
0
864493674
0
0
476084625
15239720
927043326
471158860
0
0
0
0
456868469
225792
0
0
2136456
15239720
0
381232927
0
2033088
0
203243328
138060386
0
426559516
882513656
50810832
825703320
0
5456808
496090044
0
796364972
276900318
0
0
44252160
480955882
876364221
830850755
0
0
0
26208
679321639
0
0
535794455
0
140893056
256999461
501149768
0
0
554034893
20951520
0
674206674
0
0
390873709
844443615
14333672
242552945
46748928
765777639
0
0
233620
708075419
0
247925006
0
0
0
0
28438694
0
0
0
20240354
708075419
0
500332451
0
1735344
985256448
596508073
0
607476065
140951336
0
800278939
0
538057395
0
898078907
0
658709435
0
814627696
12758064
0
294951261
250451420
290826364
0
0
509790425
0
0
0
262192
0
220440497
69631162
617084053
835952882
0
0
0
0
958969842
0
163512637
95004213
0
410263084
95760912
16832
0
0
820617803
0
272715343
0
0
23316
0
0
180036928
39345568
0
0
0
393729262
0
50810832
879358874
0
0
0
568
0
0
793303792
0
18756328
0
0
572766174
0
0
823073446
0
0
541429152
714329426
439845133
141763047
130199577
667345493
529024728
0
0
425517570
0
238489112
523518618
836779241
0
47998848
0
0
0
0
213705845
0
0
117563736
0
919529478
38400
62009825
505234459
2560
388746628
324323704
802834571
310218071
0
155904
339948872
0
0
11625682
23999424
997442816
0
0
761006825
349416755
0
0
420846878
0
338980491
352079837
0
132597936
531591133
13255488
0
36234436
0
0
139875524
0
0
626496481
324968168
0
0
724769614
0
0
25408
0
0
0
0
0
0
118752729
0
0
0
462459481
503443792
508024
996440125
0
577084617
0
893269379
0
544847084
988388425
319145553
0
487572057
54167832
25634687
826198915
0
765984
0
0
0
33993696
921669353
398765578
0
160568657
975193313
11007036
306541850
220440497
600033681
0
798355643
0
0
264273600
198347687
28529584
0
512
755733525
44639424
0
0
874126415
638526530
521314366
0
0
2592
0
177135324
528507392
0
133499733
688865505
210990088
140068913
0
627743213
0
0
378757861
3521192
0
0
0
1507396
667637645
2467440
0
0
0
786121362
977711107
686073602
186647668
0
0
0
55672
84942679
370283113
226512
0
15360
176949479
658621957
486298246
0
0
709704643
961418429
0
0
390014496
547062250
0
0
632995435
21224
0
469649089
15239720
527347169
716513128
49347160
397322716
0
72610712
0
0
299886683
514594920
0
742989325
129982962
0
443285353
0
620520959
0
503443792
0
14333672
957257284
746442324
137829988
0
171336929
0
0
4128
686073602
765984
0
12635728
322855869
0
609329185
0
14333672
708075419
286924600
614479477
0
526194642
0
344092198
0
0
0
420846878
101524
405853516
52375139
32110058
908304448
0
0
0
0
0
0
84085832
0
0
0
964777144
689276281
57888
218590513
658709435
0
50088146
686101628
0
236212268
0
0
350627121
269254594
0
0
105837045
54167832
629939270
0
0
901784912
47721951
0
52416
442833390
45936
0
997483103
8017440
766205076
281470828
847875448
392475711
0
652364
0
63120060
0
0
0
822865072
0
0
546515080
0
0
475564120
0
147903492
129933600
2800360
134276149
167741733
906682186
443392
854577855
0
2657113
398296280
457765814
0
79357852
112896
0
183081625
454119061
0
0
1211328
0
754768709
5252376
0
0
0
0
386741228
0
600287975
192225958
445576992
959310743
346469661
607476065
0
753667299
85392
72610712
535417406
3940372
1663696
0
810235674
0
437945525
787325970
0
0
218590513
43998400
4993840
838853180
156842012
685140905
688865505
180675271
290951744
12758064
66516583
11845800
0
0
88800318
306541850
54276384
0
0
1985832
1536
26208
0
0
0
205482866
0
0
0
449742638
511548483
354512180
788096076
0
199505705
206320899
425307869
0
138927328
0
454988506
321352135
192491029
791498804
3768
974812124
2688
0
0
586327990
591080792
298662022
0
318060856
287850210
0
0
8192
0
0
528230185
0
0
0
0
9103520
23726960
560635265
0
603928679
0
930385320
0
346366885
0
265693440
621490860
0
950194628
62984047
824128326
0
369255967
39528784
443415476
108036200
1113600
0
226512
384
0
401743948
0
0
327921131
116266017
0
443882328
0
50810832
0
1714888
140830652
85944
0
32457000
603273042
417955925
540750676
140883160
0
0
173641409
0
568813196
168604688
43328
50810832
171816
2223828
0
0
0
531397680
0
374143965
0
0
339948872
0
0
0
0
245317933
761006825
0
288147421
0
0
0
0
0
111031269
0
0
0
0
0
0
469649089
977740734
3840
0
77918849
696161497
1901376
0
705648262
203243328
741892593
369703008
0
547062250
828165450
0
0
33678651
26837496
891120945
0
5252376
0
0
4128
748011004
69234168
69456
210284894
84730877
621490860
290953263
9907776
76358846
805474405
0
944796534
589915029
0
423469822
203243328
0
0
4320
242552945
369255967
0
0
788857469
0
82631606
0
542580871
2273616
0
0
0
13427088
0
592313079
0
255181478
140304501
0
922944
866474768
0
151777235
0
8955312
671318432
0
27939092
543981495
367181486
0
0
0
0
274725126
0
244992
184289331
0
862605086
93286685
758611564
0
0
189922366
0
717899644
0
758611564
53975120
0
0
104675904
0
330175056
0
150986210
91461008
617096151
391924422
875226177
526194642
0
199471493
108492240
14391036
0
313448477
0
0
167255772
193295018
736997648
879560568
0
0
604034339
294951261
0
575542476
0
0
0
441006064
0
0
1418400
8955312
560973901
761867807
711373980
0
0
0
0
244992
521314366
320297877
403471814
801792
0
0
248991976
0
844443615
16302632
0
0
0
638305805
230254603
505413236
0
0
73326434
481501308
0
166020896
121174328
0
0
569613313
755651530
320297877
885525915
941432669
0
0
989885036
992018018
600132145
0
532393792
187326321
568397184
785137847
659886008
649862074
0
838853180
427618158
0
0
0
2459916
73685655
159860304
103360860
200236156
14259064
507131691
0
0
0
496090044
293007625
91461008
0
602206312
15060400
0
0
560973901
392475711
0
911584027
0
842584014
0
0
0
325334837
0
293054091
0
0
6951184
73685655
0
679632306
26103460
0
480552405
973214374
41755521
167210538
0
7486756
923438943
738870882
681880404
0
0
0
0
156842012
44890639
4032504
0
0
0
512
0
0
0
37790952
0
990672427
0
830481270
0
193040471
0
1480896
0
343297329
0
625600
11159856
0
0
0
0
213132645
746208
0
448979150
0
439979328
658709435
27610753
0
178724348
105897789
19704
0
681844062
0
0
0
21120
0
0
0
1424304
585642503
0
0
0
369255967
497449131
0
13161334
0
0
685140905
0
5108544
0
0
53790524
52416
0
0
0
7275184
383679576
0
812371273
691945733
0
0
0
567178138
0
724769614
490376987
820514565
0
634027385
427225222
292778751
5962464
615002489
924196104
380738483
0
28438694
0
699677904
0
988439456
0
772270744
0
0
0
41366847
203243328
170418164
0
0
1985832
23999424
108492240
617096151
42723814
0
258657149
329143057
0
515523514
0
0
339297170
0
945034974
0
574085223
0
0
7520
354973603
0
0
0
783501278
0
0
0
73685655
1103544
708372961
0
0
539693960
3007872
286924600
600136830
756620478
0
674206674
677693593
0
0
0
730100713
627743213
0
44890639
112574448
291812729
49347160
0
0
785137847
0
12384
0
0
0
117563736
0
0
0
0
0
0
0
570794886
0
923721481
54167832
760573826
0
1344
3003520
0
189893569
0
0
286924600
0
0
0
616191159
0
924400067
0
253445957
542327769
746208
0
0
505234459
0
0
0
891326759
907136602
154623871
0
669226294
45455344
862276528
9907776
899700326
0
0
0
0
0
675030432
0
192877614
896537538
514594920
0
0
607036383
544847084
7130880
0
736997648
852771939
0
583555505
0
76255815
286217863
104675904
0
600033681
669256507
27431008
0
421303880
732279048
0
0
589560948
592799303
742759800
260803757
0
171336929
0
757614879
0
199505705
70693097
54167832
959629750
0
88387182
117067018
857396354
81201102
0
0
0
977148041
0
0
0
756319679
785630789
443285353
631934135
823943160
63578576
0
0
0
0
299812528
800796
72604376
0
404161382
0
0
0
0
0
0
5108544
106094395
0
443455296
626144100
0
320297877
675514344
0
130011748
847875448
452732111
0
0
372343966
0
20590592
68936472
0
20683336
158602489
800265205
1018344
0
0
607036383
274725126
0
0
418099967
319412263
0
0
0
1882960
242552945
461285274
754887092
49936642
0
807750556
0
6170196
310202560
57397061
0
704298410
924196104
40042948
0
372343966
0
0
0
787168470
0
9103520
0
600823070
0
94185936
582972154
1536
0
0
51383988
152036748
0
922732717
0
975193313
0
307892166
0
175955117
548459769
105837045
310914384
0
101621664
293349838
362433980
898078907
0
7207880
755277160
0
292778751
0
358812817
959809636
0
0
128989
700201828
639441216
103360860
0
939412399
895731344
361307253
0
161442039
35209176
0
671456145
0
3256200
537074488
652768876
0
757453332
11759968
13465260
0
32025622
517231411
521314366
299812528
0
0
10740880
696161497
183506170
675489987
244992
0
333529489
0
385063911
717395460
3521192
814670448
0
62091376
0
919448359
0
712991665
658709435
0
563241707
174629623
0
0
828262361
213132645
199040381
320064
653232748
0
165363520
13335520
356934460
233200
862605086
0
0
118409076
0
474663160
767487242
512412000
0
886997548
390268980
0
11845800
0
0
990789675
0
708075419
691849227
0
375216610
0
0
0
544341609
596750953
820662486
0
163512637
403354228
432
0
0
1368584
0
66203474
42647412
67730948
0
0
733507780
0
831676444
312183014
675489987
837792
4362624
0
0
397807705
0
0
0
0
262735652
188255922
0
0
0
0
12444608
0
0
561974330
0
509968436
908371232
0
0
360828559
0
653595984
324588128
9403680
377028411
893517200
457602147
96
0
12635728
0
6388992
0
1402416
36637792
0
0
140521572
605664
760573826
895308795
0
8192
0
152052610
834012446
31335230
478586831
0
4389832
121680
0
290951744
579711960
44540
0
0
0
9023616
740943180
84505882
0
0
0
679044764
375031367
0
0
221186814
416390945
0
91737588
707846021
0
25932984
0
443285353
0
0
0
0
0
608785479
0
153276827
0
0
197464032
871175698
0
0
305708159
715555932
85944
0
210666818
300120053
0
0
104832
882035439
0
443285353
147752729
0
0
0
0
0
0
631934135
0
567936597
0
3518316
0
771310726
624191381
817456887
323421274
166787091
306541850
0
372915475
0
54167832
686073602
0
0
301197968
679321639
3672768
0
333529489
206320899
954296197
303537218
111360
0
745414960
0
462697630
0
444828994
649836175
489984
85944
44890639
762876307
425769998
753582883
0
0
104675904
560217422
879086641
454119061
658621957
677693593
0
0
0
0
0
0
0
0
879358874
959629750
515854651
236141293
0
788857469
32986976
147965377
0
0
36250309
785137847
86879377
505234459
49860224
596750953
785178890
0
76290288
0
0
19068116
0
20683336
723869651
0
0
386132074
0
596540265
131545256
32986976
0
0
0
0
0
0
0
28248893
299473297
0
666775140
0
0
675489987
0
297250983
0
676517755
14671950
192877614
295709120
930935528
831676444
92102336
0
595127356
977148041
872977756
0
0
73052040
495516554
467667268
0
959574642
542327769
0
7420080
915546742
0
862053149
0
0
640792499
410584741
982231652
0
367583674
724526461
0
107894795
0
81281586
0
622368961
92102336
0
54167832
0
621490860
27929836
0
6889596
298662022
312559343
80847168
0
259052908
0
983703185
457602147
0
0
0
0
969033016
0
441904336
93257487
168170844
0
708075419
0
1901376
792856266
0
114641479
0
0
738870882
0
18624
327200266
596578901
0
526194642
0
328500619
746208
0
0
830425242
18560557
0
0
412792733
0
2404864
219895374
287581808
0
219015377
0
65664
904164833
875226177
0
0
104832
152036748
617096151
0
0
588510463
798355643
0
174592033
50339411
870976057
40146359
0
145562949
0
0
0
606400519
0
3072
0
6627264
0
0
0
17192837
0
0
0
0
218880
0
0
0
505234459
0
0
326944644
0
228350047
297268612
2784
0
807750556
0
0
0
76236934
0
129982962
464205332
156194242
392475711
975506458
84085832
600096859
242552945
15060400
21654094
93257487
3979008
398765578
42723814
0
174485517
230406586
346912270
449710980
366571241
9235662
757224
0
699677904
416017006
0
736151957
862276528
23136
523518618
654810793
0
807552
291468778
0
530442961
210284894
86820264
950194628
20632744
990789675
583138175
194714504
0
40320
0
174628457
507131691
121680
4393288
0
0
142576776
501522054
855112555
1017336
200448
656429853
954333945
0
536532696
0
387841347
26837496
0
0
264037191
2464
594088816
862172528
0
0
0
0
686073602
748011004
0
419082286
539693960
334177247
0
0
0
0
19068116
138927328
324088829
0
59531377
0
88387182
0
0
0
0
0
3895464
16968456
156842012
320064
418896
210666818
4447656
206703615
779154000
0
849275673
50810832
265749696
0
0
4032
0
817456887
293054091
450572819
170095410
586327990
0
0
292778751
0
0
0
203243328
938033876
0
0
46748928
84505882
1424304
0
748095765
0
32063788
406063488
23999424
0
0
633867318
842405893
0
787515102
101524
0
0
0
67702876
849804031
4845312
0
0
0
312051534
0
2059488
952671589
111962888
0
64773732
442388784
148459571
0
0
0
928377572
0
0
951728927
547062250
696872511
209750070
0
0
748323212
778859554
653242930
0
192333824
636551993
0
0
54167832
929547004
0
443285353
286217863
94185936
0
0
0
0
599488508
865127103
0
0
0
395627562
0
397938366
29983849
400212660
682571417
765249120
2626188
656688661
294068425
157822486
378919785
0
563400096
307829048
1368584
0
921454564
0
0
41945940
0
0
0
54167832
243870796
412427898
313118705
0
0
668064
0
0
81201102
0
0
116992
20590592
772890033
740943180
72610712
252848512
0
1440
0
200100111
0
171816
0
753358783
0
50806944
0
738870882
349416755
0
0
943015767
562098679
0
38175432
880476373
0
90391010
313678199
117083789
0
0
188255922
0
3518316
0
0
0
469868774
0
0
0
0
830850755
0
0
696846151
0
0
851031640
210284894
57888
284271120
367181486
403776
338301494
0
0
0
186075563
275046578
0
44639424
385063911
0
516330762
0
654810793
328423882
921263585
0
0
107452642
220923578
16966296
0
0
0
156146400
0
790132119
10659032
0
156842012
0
488450682
431158292
0
0
0
251700657
741027942
299266010
407402119
0
735432593
0
11159856
0
0
233200
0
0
0
0
32986976
0
833088875
0
3831336
35442544
246289779
922255005
0
0
0
0
460185014
612849050
988281394
230629873
0
0
0
0
327200266
0
0
42723814
1709056
0
658709435
0
571298016
0
608418330
734846806
41143997
522365748
4701840
0
463758104
94185936
0
0
0
0
358504324
674786494
0
648545275
0
397938366
160568657
0
137310150
0
0
658709435
14254680
530442961
256268985
0
303537218
0
2838080
740376723
410263084
753358783
0
362212280
18624
806453318
0
0
0
121680
537679088
882035439
151912619
175956672
123380
27610753
989885036
0
339559152
334592
0
0
0
0
0
0
14904
107604
310851912
0
637426085
443415377
932843319
280473214
0
0
0
44890639
0
610735488
934906262
0
0
1920
0
3168960
556616481
896035539
0
718884403
780701644
293007625
0
0
0
0
615829781
531513936
0
0
58510208
0
0
27929836
826667521
0
0
72647548
0
0
879358874
957789882
0
0
0
1017336
455566537
0
887574301
54167832
2657113
0
319720608
628993538
0
644916357
107452642
2136456
707136
34154472
0
3313872
932725034
882035439
0
2688
0
0
362432743
0
1432104
0
2459916
39648
34016
0
46748928
830425242
0
438245123
0
0
0
0
0
318858637
830803126
709704643
177175184
0
0
0
0
258250172
50810832
12758064
324323704
0
742400
0
57966648
914214653
0
0
561962333
0
547330274
274568091
0
487608505
970716328
0
410263084
0
0
718884403
805861451
762340891
0
112574448
96132566
0
346779433
0
0
274568091
499314048
825034249
62976
596508073
265903666
0
612520236
0
450572819
175956672
0
621490860
66203474
0
0
76290288
0
880213286
0
0
45936
0
0
0
0
0
0
66216792
0
0
812546603
303537218
724769614
0
16128
0
0
0
0
856646483
773776722
0
97760
101621664
0
348288
907136602
753358783
645844584
400002709
0
0
0
131545256
299812528
0
0
404390080
107604
134173010
0
641870639
10224
432386680
0
0
0
0
148459571
0
115200
0
0
0
0
658620014
0
362608184
0
210889286
0
0
0
20683336
957789882
658709435
907430072
0
932770088
0
64773732
0
211906888
586327990
64080
184289331
0
0
0
1432104
0
124531683
0
0
601224
346779433
0
230629873
150986210
77363461
961498785
520502709
248539628
0
543981495
0
530436
526194642
0
715555932
0
0
543186773
707473783
1368584
531122570
825703320
0
532229718
36410144
0
32025622
433104
130944
0
198347687
0
83678832
198347687
637172020
887574301
397739838
328427227
0
0
773776722
0
8260128
923923667
0
0
0
0
0
40042948
0
0
746208
0
0
0
616914207
0
0
368725835
113607428
438826363
3040
0
101519675
0
5952
41366847
53897536
812546603
0
83678832
153276827
0
3283248
0
203243328
21120
865127103
0
0
0
0
439252464
2459916
0
0
0
759052423
53897536
436960967
0
236141293
0
433131182
1901376
0
72490399
0
975193313
0
85850827
0
384
0
0
0
2942752
198708923
14772792
706263931
72607544
729476162
264273600
40320
0
233620
294068425
366571241
797960567
311141724
0
709704643
299997806
0
0
0
0
0
0
0
4035240
4389832
628993538
605664
0
169789721
0
936481608
708114354
987264
0
0
323481302
0
0
0
4362624
0
86736
400944337
540750676
0
0
2592
870976057
226512
203380599
221186814
52769028
145648
0
0
3020696
0
584886928
166787091
0
0
0
0
151461191
0
912010479
0
0
50088146
989183294
0
0
0
491313314
0
974812124
0
0
1440
0
0
57850881
915680965
337353452
664097299
0
0
0
0
68916578
0
413085967
823073446
416927743
38269659
650117401
681869794
382806388
3831336
679305504
121680
569613313
3672768
819390968
50033544
0
0
295621372
440059794
551340389
0
940218960
1424304
0
0
50810832
0
144793782
578861159
435031581
0
554034893
3801688
610927255
580639021
601224
490842928
337832474
72927592
579711960
0
0
16092672
0
1536
0
0
0
615376220
858670912
405853516
0
879373638
0
2809124
1424304
90109172
0
312559343
997442816
0
650662075
771960649
842584014
0
0
26208
192029275
0
437254914
0
863515669
231955930
0
823073446
0
0
863515669
2404864
0
90109172
0
0
0
0
0
0
0
817456887
71692982
0
519683858
140273475
0
702660503
780701644
354263101
64080
615551478
0
3007872
0
606802675
0
638805612
398560913
437254914
0
0
713582285
505413236
0
0
0
0
0
18116
439979328
0
152645153
96
666506586
111328824
3519464
581001342
66234072
0
560217422
0
774927500
909668120
0
919203486
221186814
885865968
0
50832
658709435
893206809
0
0
0
256996816
624742135
725217769
118776269
0
8275366
0
0
0
144938571
0
0
0
616960001
0
621490860
788631217
0
240819984
898078907
10740880
0
197464032
564856471
16230744
0
0
57850881
296998167
44026068
0
0
670580508
28763137
139875524
0
0
0
0
0
0
0
0
0
0
0
0
0
0
0
0
0
836779241
0
18155680
798350602
0
0
0
0
443003107
584886928
220440497
0
104832
439845133
0
1424304
0
560217422
0
0
0
38400
452948041
0
801792
0
563400096
0
9791104
7420080
0
835725672
870755785
0
4895552
0
0
686073602
0
2136456
938033876
707136
0
34304
0
0
50267208
666428849
0
987777739
0
9791104
757942813
0
0
0
0
0
0
774927500
174628457
4032
2223828
0
0
0
0
987264
0
0
1440
0
0
0
0
907731701
0
25526052
0
870857996
751809505
855872600
243318960
0
0
666506586
0
849305754
263508607
0
831676444
0
0
85944
0
542327769
0
26192
21908882
0
0
281561075
0
0
133397291
3363044
3264
0
421824584
746914922
977740734
50033544
0
82176
0
111833760
50810832
870755785
729476162
306541850
0
0
0
0
0
0
0
0
68936472
223913488
0
0
0
242358431
988281394
786270036
773639570
0
0
982231652
55010688
867030457
826667521
0
50810832
0
582889221
178724348
0
398560913
9056
0
807139320
0
54565716
0
0
0
235439040
735263223
0
4220784
189696657
214402444
953115527
7171786
0
0
0
1387920
189401085
389355228
0
0
21241434
192
0
0
857966477
424981198
262524527
740376723
378757861
786121362
204448392
291649801
0
154837608
0
0
0
0
0
0
0
0
0
418896
51260128
0
825101268
406884227
1384416
323277821
0
576238704
82719265
0
432154712
0
39528784
347512
0
4320
0
2864208
183550421
0
926007409
0
947609246
606605006
50810832
0
85392
32986976
685140905
596029808
0
0
226973972
537953545
382806388
0
225792
3020696
311141724
72607544
0
140728015
0
358812817
443392
0
0
7520
339563453
219735254
0
0
730192433
0
0
144987183
286217863
895731344
600132145
104942737
0
0
14306488
990955608
760736377
145047412
256268985
44252160
0
914507570
93286685
999120557
492070132
153528742
0
0
4608
580480
0
518911796
15060400
915546742
0
0
0
0
0
35690176
778859554
0
823943160
403471814
0
0
0
194537352
757614879
64151856
0
0
0
403354228
0
602263082
783501278
0
0
113104023
359687725
687568549
778047070
376300925
0
0
0
0
854577855
0
250686604
758215078
1816992
0
0
959574642
0
0
0
54167832
43378824
0
26720
0
0
272763408
35209176
0
59576
0
682100585
0
256770411
0
682100585
0
7693467
0
0
846689247
489984
0
0
658709435
2583856
585642503
0
0
494758626
0
0
458011225
407402119
0
0
923063172
899023644
0
0
0
66234072
520502709
0
0
0
0
9907776
170418164
0
1572552
0
0
413288198
0
291578079
887574301
273628736
0
745414960
0
443545236
318060856
400245797
317368965
0
104675904
0
692779779
86006154
0
0
0
551340389
529501640
0
736909717
7040
0
0
6889596
0
597407341
799937137
0
0
0
54167832
0
0
0
25908056
0
569858574
3518316
0
881572242
849804031
83678832
885865968
13627284
68790898
64080
0
0
0
0
549639401
0
69775752
0
0
384
0
0
193295018
915480567
0
0
0
313448477
0
0
0
0
0
961498785
0
0
0
86624
23729380
0
935549897
0
592313079
0
2864208
0
0
0
167741733
708372961
0
0
70400
0
576238704
755277160
400212660
899026660
0
0
1845888
36916208
0
69456
84266887
0
741892593
947373304
0
664715746
0
0
350702288
0
0
807750556
814670448
774927500
104832
662627730
3072
699893783
0
0
134276149
138927328
310202560
147217713
0
0
0
0
0
23999424
0
544847084
823852033
639244
0
0
0
974812124
0
0
92505865
0
636627374
974812124
701277390
851031640
0
670513036
687101205
0
939915575
0
0
46748928
27431008
788857469
124639324
656688661
0
0
107604
0
0
799339790
988281394
6390048
901156805
771525690
596029808
187326321
0
670513036
873595868
0
127357560
84417264
130011748
983703185
0
723869651
0
515197532
0
369368649
0
113615384
0
829152483
0
470314501
569613313
0
797446153
0
0
0
303537218
1368584
10963424
2228928
454106823
837792
306049540
85074991
0
359687725
0
329313285
78073200
0
0
0
0
0
538057395
864226211
0
719077577
0
0
0
357839111
0
614479477
238792
693037540
0
95997696
443415377
0
0
903502020
213132645
0
287581808
467667268
0
0
0
0
639534075
774927500
375216610
830803126
0
0
134276149
811340308
143930252
0
830425242
0
0
0
0
902469233
2864208
194022032
5647296
50810832
845445160
825456
0
324538560
81424632
44026068
0
294951261
0
316411817
0
0
34016
195439602
659886008
107220838
528198038
180874205
0
301274920
92178252
0
349416755
252852099
0
350243776
134417347
0
0
121634533
319145553
600136830
0
0
0
829440
0
0
514766215
0
0
90109172
0
707846021
0
0
87375672
346779433
0
551340389
294068425
1654992
368676889
0
742101275
556189019
121680
7520
27431008
0
299266010
0
303188944
0
0
839430341
848866544
54509840
0
368676889
891120945
0
282781332
505234459
0
244616114
0
173472
28438694
0
0
368676889
309598868
0
0
0
0
0
215208
0
0
333858882
836779241
0
0
495596929
96132566
0
205487628
0
33993696
173613649
69775752
61771536
0
193295018
0
778131972
0
893399235
282781332
255585216
210666818
0
674206674
460135076
0
1152
504744
463184738
86006154
774927500
42607411
0
0
0
898078907
20590592
0
0
662627730
0
1026000
204177969
0
178724348
445688107
0
0
0
0
0
0
0
286924600
0
81667567
716513128
938033876
498873126
0
0
0
286924600
6888688
525299575
1029744
263485906
0
549270146
0
0
0
0
0
0
0
36234436
0
0
0
295709120
16727264
326397993
218590513
0
211645808
34016
0
158602489
393599685
312559343
0
530442961
780773160
823073446
891120945
0
0
0
0
255181478
0
0
988439456
738730680
339559152
0
0
861591800
0
645627249
0
0
745944
9216
0
242552945
0
854347278
0
0
274725126
0
0
104832
165802507
0
0
0
0
585601777
0
744439483
147033708
0
203243328
0
0
0
919529478
0
765605900
419082286
0
990467333
689276281
90391010
111328824
436642397
0
393304379
0
676887724
360828559
25718506
116992
0
631934135
72448249
0
0
0
870584147
431158292
0
0
213547610
0
16727264
317588064
0
783190484
0
0
343297329
0
290735014
0
504257179
0
0
758611564
0
384
4902304
0
0
310202560
701277390
0
136711594
339551738
0
0
0
0
0
511937328
947076606
914464774
0
0
0
707418169
238722757
55075134
0
0
0
111012688
299812528
14259064
0
4447656
492734780
923721481
535417406
0
5252376
0
621490860
7154056
0
0
0
0
779154000
690948
384
685890024
150986210
3840
0
0
0
0
50810832
756620478
6474320
0
603273042
0
0
418089048
666428849
514594920
421891347
0
229713066
88720960
0
15239720
809365629
0
938033876
0
0
658709435
432
303537218
816478731
0
0
961498785
0
0
0
0
238489112
285799097
0
318385386
3518316
0
0
0
0
639534075
0
879373638
3940372
568876903
0
0
0
0
0
107971682
101524
336092211
3313872
320064
623576286
0
660074098
6700544
0
0
0
0
0
977326427
0
139875524
754085706
0
0
0
670580508
0
0
257749871
0
21224
65815600
126612144
16727264
359687725
852771939
159265183
0
507131691
0
69775752
425307869
603928679
0
0
866931288
0
0
57856
107342479
951682047
287098252
382806388
0
0
203243328
0
0
0
599193519
0
0
0
0
0
170095410
443455296
129982962
0
0
0
797514165
317140272
293054091
134276149
317140272
18624
0
592655152
0
0
0
0
46748928
1525248
0
757453332
20240354
0
0
0
84505882
111833760
0
753270175
0
0
606526724
285949556
0
0
1816992
0
0
702660503
0
0
0
4389832
0
649862074
712991665
0
0
0
97692540
0
542327769
379335781
0
641465638
0
0
708075419
938345097
890486259
0
0
290735014
0
921263585
787168470
0
0
182017001
7987840
0
0
265460512
77918849
815184
427651480
0
409771307
118776269
738870882
0
435414573
0
715555932
600033681
361307253
755322340
249077592
0
772890033
0
103360860
4447656
343616450
0
831492553
753582883
301197968
89386912
0
0
971966414
820514565
0
460802592
669226294
825034249
0
0
0
686073602
3072
0
0
431158292
65879489
39936
0
0
0
0
0
0
732885497
0
0
0
527347169
0
166787091
527496
943015767
0
8955312
0
9804608
0
0
0
861591800
0
2136456
800796
0
386132074
164638060
0
38175432
658673003
27610753
0
0
0
0
0
358504324
0
0
0
358504324
0
874750129
794021522
1437280
0
785178890
778859554
641870639
914507570
0
735263223
0
723869651
15239720
342171472
55010688
0
0
607036383
919448359
168202988
0
807750556
4391560
677693593
0
0
0
0
0
922944
0
169789721
693635152
205110736
605441523
513160816
601344
280800
0
831676444
0
192333824
193295018
598421543
0
81667567
0
893741038
569991774
0
568765338
0
0
496419223
762340891
677693593
58775584
431322216
0
0
14671950
0
37790952
855214135
0
749202543
35143289
0
520502709
454988506
138927328
0
0
0
874750129
727289066
0
0
940216746
0
0
3256200
199507487
0
0
21120
2624
103360860
756620478
896417180
0
0
724526461
0
0
0
37790952
0
360101656
318000960
0
678117619
0
14306488
76290288
869936639
5971421
801480488
0
68032
762340891
797446153
10740880
171336929
64668453
140390747
382806388
0
820514565
358812817
565207126
248539628
709541235
0
0
0
0
801480488
184486044
0
0
901850681
738870882
378757861
792333211
0
322855869
199040381
0
0
89969246
0
485024670
940216746
2059488
631419242
0
0
416280
0
0
0
0
606182280
132597936
940218960
0
4447656
0
1296
774927500
3168960
518911796
0
528663893
0
928780254
0
0
512
0
0
223913488
0
576238704
369368649
0
0
8046336
86624
16727264
938345097
609329185
0
0
0
26720
318914445
92505865
0
0
0
0
0
0
0
66216792
36936053
0
685350654
203243328
637426085
209750070
962774863
4575744
3801688
555993980
0
59664112
0
649862074
424756059
870765816
39528784
666057098
507131691
0
297250983
104832
180312741
0
3020696
977711107
26208
276480
333123456
3518316
914150938
0
57888
652364
147236453
0
168819485
530391744
156842012
0
65857505
0
462571847
731447132
403232664
0
0
783510793
293007625
806453318
35209176
4389832
0
0
734846806
0
532407929
787288244
591512714
0
0
0
3313872
0
0
481501308
583138175
73685655
0
0
621490860
3256200
907136602
347512
0
1211328
0
110772400
313922240
0
2713024
159359280
448278381
0
831676444
0
0
707136
3955512
578861159
383679576
0
0
68936472
716945589
0
0
7520
0
9791104
463596355
0
0
0
0
1095216
269368411
797815108
256251516
8208432
0
0
0
0
671098976
644156670
903895705
90109172
0
206320899
96
0
0
218590513
0
32025622
1280
171336929
770778183
0
0
4393288
82287056
0
56089297
0
637623348
367181486
20535040
0
0
0
0
0
23136
708372961
3840
203243328
0
71443417
0
0
1321584
641870639
817031471
342486937
0
127017645
753667299
0
210671136
616914207
0
705648262
423469822
874156684
0
141311731
0
0
0
596578901
0
746208
194022032
281561075
681869794
527496
0
0
0
95368345
0
161004958
301197968
384
0
0
826198915
567936597
606605006
0
0
310914384
622499556
604034339
0
0
153528742
0
0
383018992
0
604034339
47998848
0
960
0
0
0
3313872
148958870
882035439
887574301
205487628
201573312
42607411
0
700201828
0
633867318
0
856634199
568368
438245123
41670394
151461191
557328869
68582417
0
974812124
113615384
439252464
248539628
0
190570911
0
0
0
176309860
0
992777432
765984
4384
177175184
64080
994334939
621490860
0
0
2864208
361307253
0
0
0
0
1698504
5055028
799937137
0
0
580480
0
0
23999424
787714532
3738448
685350654
289891068
969007891
0
0
742101275
8955312
255696304
0
0
690210462
0
421342272
0
0
547330274
0
382806388
708372961
4096
0
0
0
780856837
898078907
0
172497049
0
50339411
342171472
0
0
0
951719700
205487628
0
60565980
979968
392923760
0
91461008
0
0
770252725
0
0
831676444
281561075
0
718884403
0
0
16944
0
461472
667637645
0
866651697
615376220
0
0
693635152
859519827
323967376
194496214
0
176949479
508595025
798350602
696511530
0
0
0
0
555499281
0
0
3040
36265344
600136830
118923223
469407111
0
0
483984197
0
104960
0
0
579711960
590529415
0
13255488
572666076
486909958
782721691
194022032
0
0
417999952
580044397
0
746914922
0
0
0
0
0
0
870976057
0
877094263
0
667637645
0
372915475
0
50875160
0
0
0
893517200
0
0
562431849
236212268
235439040
41755521
0
0
0
568239320
0
95760912
77363461
0
92792923
213869132
554034893
409322545
0
429205824
7275184
0
308702842
0
656688661
119107267
922611553
117563736
0
594515025
935607649
73052040
381005896
0
0
658709435
0
532393792
27939092
0
0
863291691
0
0
26208
713582285
164452327
0
723869651
0
0
246922104
0
428278816
0
0
313678199
0
560333233
0
700177208
2809124
0
0
660363781
0
221186814
0
0
325044468
467766753
395016579
565047079
439979328
994334939
1424304
484073087
0
0
0
0
57111264
488427735
873711463
0
0
0
0
0
351096608
932207110
837792
959574642
851031640
11554413
2784
0
0
324886837
0
77769680
664097299
0
505234459
14175561
679510863
0
43287901
896417180
874156684
18116
16302632
0
6192
0
381232927
2800360
0
3363044
0
0
54167832
354263101
744921895
16092672
313448477
252072
0
0
0
0
343616450
0
648113263
658673003
0
967650734
390050340
864493674
134297461
0
541378984
794021522
0
0
154623871
633867318
0
0
121634533
757658981
0
0
0
0
378831006
988281394
0
0
0
0
0
0
248195288
0
44639424
0
614449800
244992
0
0
0
255378665
0
0
0
974812124
357839111
149160596
9403680
0
290951744
0
0
0
909668120
581604544
0
708372961
0
531588661
303537218
874399282
0
249870063
885847533
837669628
48639084
805806720
596540265
37232385
119723167
0
0
0
439979328
80441356
719806113
0
0
28902379
0
200100111
0
230187033
0
323481302
393896081
0
403471814
153347162
366571241
0
52064
480955882
0
0
609920418
0
0
0
0
807750556
0
0
0
557080056
226512
0
896035539
428278816
352693012
0
171816
0
28248893
63735154
140883160
0
879358874
2657113
6192
0
0
880476373
0
184289331
595716350
264273600
0
40732014
0
286217863
0
63389667
0
909584200
128679184
390271281
983060842
738672921
0
0
0
0
0
0
0
0
104832
0
0
707481700
0
462571847
244616114
0
244992
0
67347848
0
541378984
488427735
1437280
0
411130980
766384347
0
169789721
0
0
825703320
0
527004918
0
1321584
0
0
242552945
192
0
0
0
975332428
502994293
0
0
50033544
879086641
101586959
297250983
1536
941907271
0
193114464
96
340723369
959629750
403232664
754261572
0
431932959
0
0
158602489
72141912
105837045
0
246638105
31335230
560333233
398768612
0
656496
982561410
0
0
826615818
1205184
0
487572057
0
0
334177247
0
0
0
50339411
0
645844584
754261572
0
530273151
0
39528784
379809376
65664
762876307
0
0
0
0
515523514
0
476084625
0
787515102
0
328427227
833551314
12109504
104832
0
698690656
793091705
39648
301274920
0
289625100
570298147
0
995110617
0
59576
707481700
0
37790952
317560349
951682047
6170196
175956672
607036383
610103118
838853180
0
343072
0
4128
731447132
78624
3518316
21264
0
203243328
0
626496481
381232927
677693593
0
541378984
0
959574642
0
0
281561075
313118705
0
7520
996654712
288105268
636601510
392923760
138927328
64080
0
0
0
0
336092211
319779184
602924983
54167832
0
904807748
0
621490860
0
542580871
0
516665278
317368965
52235047
7207880
0
163763356
0
0
0
0
262157573
612520236
434854957
297268612
0
0
0
418896
508595025
947756688
214351189
54167832
3979008
0
0
901784912
317337894
679477468
0
0
677693593
14904
0
507131691
136704
0
0
75707123
172451578
711373980
0
977711107
840338898
696032
0
537679088
0
4701840
398765578
660792
852264105
0
0
0
0
914142124
0
0
254909508
437146995
743576927
980899058
0
0
443285353
0
0
491203791
79241256
0
351642985
40006999
554034893
77356
911005496
755651530
930312181
431932959
0
211645808
0
45455344
89386912
982441609
0
1572552
0
1802112
3363044
981302723
849305754
0
0
0
36234436
0
1480896
454883428
203243328
885865968
0
0
0
50810832
0
0
0
0
0
0
0
55381744
0
0
529661479
290826364
748535754
0
0
0
140893056
767487242
0
0
687568549
0
0
197645876
94216299
2807816
0
915546742
0
436960967
0
49860224
333529489
1321584
21241434
394400939
660074098
498792510
0
1387920
210889286
350549746
0
167741733
970716328
716513128
27929836
729096764
0
0
0
1044864
914563554
93257487
0
14391036
0
686101628
932770088
1424304
445576992
3072
469868774
0
0
36234436
717395460
49860224
751809505
299266010
0
0
0
896894149
1424304
385063911
252739200
684400839
621861300
0
708075419
0
209750070
803783330
0
590675583
932725034
0
373739418
597407341
0
0
0
334582896
40859645
0
443392
708372961
110969468
606802675
0
0
98526170
795880310
307829048
61963098
0
1192
0
0
765605900
437630344
0
432000
242552945
317560349
63804
500057267
0
940218960
0
132751792
0
0
369124389
540750676
203658467
0
0
88387182
47781869
203243328
0
366366060
76290288
6889596
966509850
939363402
0
0
567936597
136919482
0
0
0
577194504
0
0
731400291
0
740943180
0
43998400
975506458
0
0
0
105837045
0
0
685350654
189696657
560635265
764331316
0
357399741
0
0
0
987927800
0
0
0
981302723
458509276
0
532272455
0
0
0
0
450386431
603914548
27610753
658709435
7486756
730410249
0
55075134
348130096
0
0
0
0
646656896
0
1015740
0
156842012
811525044
511548483
0
0
0
299812528
0
0
101091073
0
164857828
13161334
689112630
537166439
54167832
0
866651697
801958299
260803757
0
0
0
658723659
0
554362594
0
770778183
457602147
940458150
2800360
738059786
542327769
668064
293349838
0
61963098
932025866
0
788284091
0
338615274
0
147217713
0
256848959
2942752
421833976
84942679
0
0
0
508917027
0
0
0
369061764
3147696
638805612
656853228
0
0
0
77356
911853684
281470828
180675271
0
225792
0
0
928712707
528663893
85074991
0
992492757
0
0
0
345225532
148459571
0
898341837
390268980
342171472
264273600
20683336
0
0
847492568
570794886
515854651
0
884477695
0
0
24661659
3020696
19539512
45605104
0
0
0
189893569
60091552
0
0
0
0
224755387
0
262692176
1296
18116
38175432
0
230187033
0
2464
267731025
0
568765338
0
930312181
771461607
789301340
773776722
923964442
0
0
0
826198915
3955512
623576286
29045055
533485480
16968456
192333824
318914445
0
0
47998848
0
0
738730680
843161565
3840
681992256
0
319848632
267046573
918416856
0
0
969033016
10659032
0
121634533
34790712
419082286
107604
901850681
0
0
8192
61702446
740943180
0
879358874
0
3840
708372961
434958742
784921577
141763047
1205184
0
0
130011748
0
0
0
0
275046578
0
648780
0
2798632
884477695
42723814
0
218590513
0
56745020
0
326367840
43135184
20683336
953115527
0
45691360
973343951
3940372
0
946841621
290735014
185164
248890527
452044959
203243328
220694064
0
0
0
251928
708075419
720414567
0
28902379
64773732
761006825
0
616191159
68790898
175955117
865127103
0
0
1536
360322348
0
65664
0
794021522
329383167
448979150
944796534
0
0
620530062
810863840
1424304
495120
371490864
234200136
265749696
807750556
493035264
940218960
371633503
347940749
144987183
50810832
0
0
0
0
556654465
0
37790952
607456428
0
801480488
0
0
639441216
7275184
386760302
39528784
310218071
58465013
0
505324269
0
0
930362519
0
861591800
472711595
620520959
672644716
0
174629623
0
844443615
4389832
0
291010600
0
893517200
36573032
0
816001743
580593487
122192430
203658467
0
462459481
778859554
0
645105660
852264105
0
277259992
0
0
0
907215400
14904
414769314
617096151
0
786121362
0
350468456
0
0
488049945
0
0
702957858
0
414769314
0
698118143
423071066
0
437146995
2472800
0
0
0
0
0
599526835
0
32025622
86879377
0
4389832
709541235
111833760
351096608
0
0
496863740
0
783750804
0
851031640
0
0
197464032
560973901
0
0
0
0
77356
194537352
437146995
30171232
347512
0
385063911
37790952
361383606
943015767
0
664097299
215208
0
0
44026068
96132566
66596208
0
710633506
89386912
274725126
448854444
0
27610753
885847533
0
687336680
452948041
432818409
247887795
614449800
0
0
0
783190484
0
0
0
530391744
600136830
256268985
559150279
525299575
0
851380201
83424
493035264
462697630
570794886
982561410
0
86624
0
891326759
231955930
119791034
736909717
0
133456756
0
0
0
0
12384
0
3626368
0
0
0
922732717
275046578
26175744
0
69234168
0
0
0
744921895
0
0
554362594
0
510274905
0
0
493035264
862624762
0
0
0
172859894
0
0
492070132
0
310914384
174315568
568397184
741657309
26210949
0
689112630
826198915
112896
0
64668453
0
0
526059513
44911478
0
236548233
11759968
0
433131182
0
0
0
0
7486756
447923084
823943160
8196144
384
0
105897789
346366885
161442039
126612144
0
421133421
0
748323212
191504808
0
184289331
658621957
68032
0
0
350055073
0
798350602
0
0
210889286
0
834198678
343951075
0
156842012
3283248
0
730410249
594088816
15648199
97566491
0
0
0
0
0
650662075
262157573
203764144
0
0
310914384
29685104
1437280
462571847
0
758015497
0
248991976
998133510
0
0
0
0
0
0
0
597798656
346366885
0
4454016
397938366
378919785
691945733
7130880
0
0
0
0
421581308
6700544
792055703
0
248991976
641055025
0
52235047
249920816
600136830
502605871
376300925
0
719806113
0
0
0
0
233825879
0
134276149
210889286
0
0
311225542
0
0
0
95997696
528564
849138183
0
458011225
0
846689247
656429853
0
294068425
132751792
0
898078907
951728927
113615384
573520411
0
0
718446476
12758064
351245037
0
392923760
0
921263585
554034893
745680
0
486298246
148958870
288105456
674786494
0
0
274008808
456564081
631934135
0
0
0
0
834198678
0
541155932
202872489
0
896894149
0
12384
0
903895705
0
346366885
151461191
79241256
327811516
4389832
0
0
0
761002081
576
0
4146912
873805483
5704128
0
773278058
198074277
0
0
140173774
291812729
0
45883221
0
929586645
329143057
295965024
0
775650081
116592
0
837792
418896
0
0
881640
0
0
0
725217769
0
529661479
360322348
0
172096427
334416076
2784
27939092
957868580
341675952
107220838
448297
0
0
30991444
25668216
9056
414720
0
0
521314366
326397993
140883160
0
26208
0
388526168
0
95997696
265749696
0
0
0
0
284608
40320
88156607
141573324
0
71853152
0
0
0
748011004
25408
0
37790952
0
1432104
233825879
0
2422656
113615384
0
873595868
0
0
0
536069397
0
83850342
0
448278381
556047015
0
0
246673158
0
0
107604
0
0
443415476
0
862053149
505296
174629623
717899644
96
0
0
0
333004413
2464
0
843161565
7520
0
631934135
0
57888
0
0
0
600132145
562537855
753248596
0
380738483
0
621490860
153528742
50267208
0
0
3726006
0
4543530
0
854021816
400946284
288
0
885653493
0
0
0
0
911853684
835725672
606802675
0
1665344
0
0
0
0
333907243
881525478
691945733
0
190203292
32986976
678372452
271170315
824128326
203243328
8955312
0
619683181
0
425307869
0
500709419
346887940
0
500195288
0
533661117
122958231
229109948
0
0
0
433091456
0
0
343951075
0
0
0
0
0
0
739069720
552192
3940372
0
52416
0
0
0
7275184
746208
0
0
0
0
0
12384
0
0
961418429
0
0
0
0
137829988
0
68936472
24768
1236756
273628736
0
101621664
0
780449249
596205066
0
0
699001026
13129248
116642949
320297877
28765579
0
0
0
424696
376300925
0
0
443028868
0
907215400
19068116
328500619
948099589
820514565
0
0
0
0
54744928
1525248
0
0
0
267108686
80441356
846689247
0
0
0
0
2864208
0
0
150986210
0
568876903
173097988
724863193
84266887
735130264
0
0
970716328
448278381
0
0
0
0
0
472711595
835725672
481932378
0
0
0
616191159
312292800
0
2864208
957172829
0
893543846
20208
0
677746580
452919013
0
921669353
267731025
168604688
0
290459768
322855869
0
0
82287056
824621918
0
6627744
4066176
445440
17039018
0
931216874
348130096
0
435414573
1113600
0
718336
29259504
621490860
572239164
299473297
0
371633503
203243328
858670912
647568632
0
32025622
0
0
0
7486756
0
893269379
389355228
0
0
0
4608
0
0
0
50810832
0
800278939
3615552
0
256813743
288105268
110772400
0
979968
5704128
546515080
557328045
602928381
0
762340891
0
0
740845728
0
0
0
913347806
0
597798656
390014496
0
760166474
707137361
9774720
0
0
115442924
0
217651682
62091376
0
15040
0
77356
23999424
281561075
0
420879813
0
737504180
170095410
0
56656176
701277390
0
0
0
3313872
0
0
202225800
0
124063624
0
0
195439602
861591800
674032262
86006154
689115570
386760302
810235674
31335230
16966296
0
879373638
0
68582417
0
617096151
889996986
0
947609246
0
13983901
0
0
529501640
0
962774863
0
602924983
0
0
0
0
3840
37790952
0
206320899
0
0
312292800
4389832
8046336
381232927
0
0
0
0
0
0
427651480
0
463596355
393304379
419082286
139275273
2228928
140304501
0
0
0
437370986
523360412
0
0
0
0
715555932
0
788631217
0
542327769
0
0
233620
85074991
654323014
256999461
603914548
439772968
0
0
531122570
250451420
0
313448477
947731096
7693467
947353387
0
0
0
0
13129248
5108544
266938831
779154000
0
0
8260128
0
445576992
0
602495151
0
433104
690948
140883160
820662486
0
0
0
7693467
0
194022032
0
0
959574642
507131691
0
0
0
678372452
0
865127103
0
2738720
3313872
760166474
891326759
0
0
0
0
181040
393426849
495609711
134289868
0
971966414
0
0
0
0
0
259022445
519683858
105897789
0
318000960
40732014
660074098
982561410
830850755
81667567
0
893741038
1017336
0
0
0
0
37790952
943641440
0
0
0
0
0
0
0
0
0
631813804
76255815
0
0
0
427225222
0
0
441006064
333123456
301688
269368411
290953263
148218731
622368961
0
0
393304379
242552945
262157573
0
696846151
452732111
915546742
6096
422090300
238722757
19230394
5971421
807750556
0
263228755
0
616960001
708075419
14333672
27431008
0
564459232
688981041
601152535
307829048
779154000
0
959629750
649602022
1321584
903928341
977740734
0
0
602495151
26423960
393426849
0
152510677
334080
0
602924983
0
831546363
407043619
797933128
0
0
249870063
0
596129223
1019352
0
0
39528784
603928679
1152
0
10261234
0
61241605
203243328
32115884
0
333803509
0
0
255585216
200100111
942990759
0
0
183550421
734481001
13087872
15895144
0
0
525114794
0
412427898
8640
0
25408
0
564459232
119107267
727289066
0
0
807750556
544847084
0
0
0
0
305672205
864908805
0
405853516
0
0
43613024
445440
0
287849649
0
935549897
377924404
660074098
301387467
18047232
0
0
12948640
554362594
390683267
0
136711594
293697136
0
292778751
43287901
771461607
7693467
523360412
0
438245123
264273600
640405457
0
0
678117619
738804954
205697856
0
0
0
3521192
0
0
923923667
1205184
74419255
0
874167354
65857505
0
0
31014262
0
656429853
464205332
0
45605104
580480
0
170095410
352693012
532393792
0
0
831546363
0
0
0
371633503
0
0
0
238722757
0
0
989368544
0
210666818
785630789
418896
0
0
654810793
0
0
0
0
0
0
633296028
23076464
0
0
0
344881035
181040
714612969
0
68032
398765578
1566720
0
0
0
0
500208768
812672
610656402
948873963
0
265597558
914464774
0
654810793
13129248
0
0
284608
0
0
419761172
44890639
0
36250309
0
0
0
180675271
532229718
0
14391036
599526835
873595868
0
0
0
318000960
310218071
69775752
404161382
0
0
617096151
2942752
267228344
984240
0
27696744
592655152
152052610
1424304
390014496
0
628993538
834672718
0
0
1249656
0
0
952821560
46742108
293007625
791498804
508917027
0
0
974305100
530436
0
264779629
952912010
699893783
281561075
7207880
788857469
902469233
673672545
0
0
14671950
970862394
0
0
0
0
940216746
0
0
566608199
689115570
0
0
823852033
424984975
274008808
0
0
20683336
0
592655152
862053149
203243328
445576992
173121619
272715343
655450202
519561941
9403680
0
0
9023616
180675271
0
32025622
0
823073446
999120557
495120
0
93595163
0
0
0
61702446
0
843161565
0
0
16964136
5962464
0
949049576
0
664097299
573401724
957991041
0
927467725
27431008
299266010
97760
0
28036416
112574448
265903666
0
187326321
3521192
0
671472
0
0
605441523
403354228
2136456
174470435
0
197464032
656496
0
0
385063911
177135324
0
0
66203474
0
962012017
0
800278939
0
0
0
0
0
0
607476065
0
0
0
0
0
132698469
11159856
436738736
0
645844584
811342711
420816
0
618030213
801980358
755179224
0
970716328
811342711
0
531591133
487072303
0
0
140883160
52416
0
0
461285274
761006825
12384
0
158602489
882440491
228879130
708075419
0
147002337
0
307469750
33678651
991298169
7275184
0
371633503
0
85944
0
3518316
880202332
761006825
169789721
0
0
2136456
370033044
822326852
85944
686101628
0
0
88720960
367583674
403232664
0
0
845578214
128160
0
7520
0
4393288
0
426559516
773707009
11899395
82176
0
163512637
500861277
0
194537352
606802675
814171209
347102764
1566720
64773732
44026068
0
0
548459769
0
0
404372546
0
1836384
0
31189664
374415609
0
600096859
928382567
0
25718506
0
0
531122570
0
612520236
0
427618158
443285353
0
0
0
0
0
0
0
0
0
318914445
746208
117563736
166020896
0
44890639
673884
0
25526052
0
0
0
55381744
50033544
380738483
187326321
0
0
225954793
952821560
200100111
19230394
895353234
0
695963161
0
0
3518316
502338745
334592
180675271
939412399
928382567
0
629734370
436642397
0
0
177175184
299812528
138240
69775752
0
12780096
312559343
23136
255640390
114641479
240539106
661900
7984384
742759800
48611232
621490860
0
884627847
541079410
421303880
121965599
684400839
144938571
231679100
662627730
983703185
0
3672768
0
107604
140390747
0
0
1424304
0
482395064
567936597
425994883
0
7275184
741892593
0
0
78624
500854642
0
0
251700657
0
0
125738228
76255815
0
494427130
98254079
686073602
0
319009520
0
0
1664000
183506170
449742638
579199332
0
24651664
708075419
0
0
381797255
249448500
41755521
0
940216746
299997806
0
0
2838080
589915029
140951336
0
159860304
333075509
0
0
54336
0
0
730100713
0
13255488
0
617084053
0
999120557
0
0
0
0
398560913
0
0
51383988
0
37790952
0
675514344
0
0
220440497
0
0
0
0
181472428
0
167741733
68936472
199471493
568239320
132597936
85944
511956755
0
0
0
614479477
808143947
0
771525690
0
1572552
530391744
0
0
140893056
0
0
903793170
324088829
0
0
547062250
767554422
0
0
0
0
0
181261506
2784
0
54744928
668064
1310688
929462780
805474405
103360860
877094263
0
0
0
814433341
0
0
0
568239320
0
879373638
0
0
75707123
104653322
987262737
0
532393792
0
862276528
381232927
96132566
879373638
880476373
566608199
0
192333824
140893056
0
0
7693467
0
0
799339790
0
0
0
759052423
984424003
385063911
0
535127344
299812528
6627264
0
133397291
758015497
116592
0
876364221
293007625
562431849
0
0
912411798
967049628
0
25360190
13129248
0
0
0
867030457
230187033
0
0
7239722
403354228
163718671
0
908334637
82287056
0
559150279
0
589560948
0
0
0
909409202
963603666
0
32025622
0
0
899023644
0
609329185
1044864
200100111
1321584
0
0
249870063
249870063
211904769
155517621
533485480
0
3786984
19068116
0
7275184
148958870
0
215208
1845888
2422656
2223828
0
0
575170387
0
73685655
0
0
780701644
0
0
4320
863614979
0
109318658
0
540847619
0
128989
0
347277340
936807982
132751792
0
0
462666925
0
183016563
0
556189019
0
28438694
606605006
254909508
0
78073200
544341609
621904
0
633296028
665003035
0
424372320
50810832
80842921
65857505
0
0
0
825703320
814433341
37534970
0
576
180312741
7759872
1387920
584438440
0
22163179
0
444461760
1424304
756319679
893543846
0
46748928
527004918
284608
831546363
883594483
671456145
880246631
645226134
564856471
68467044
186647668
0
238792
0
13087872
946069008
970423176
45883221
0
0
951682047
0
0
126811145
851460
0
263508607
0
538071065
0
39648
0
0
151927937
0
0
0
5456808
0
0
828000121
853381390
0
503899737
0
0
951728927
0
922732717
0
27640609
0
515854651
0
0
600136830
0
313678199
0
0
294068425
318858637
23671632
0
748011004
230629873
0
111360
0
0
438245123
0
880476373
215208
450572819
158973237
347512
546515080
0
215208
134297461
305672205
0
0
0
616317408
0
911005496
144053201
910700487
0
502605871
977326427
0
261537213
0
92792923
0
567627249
688865505
330175056
0
255181478
192170651
160139571
0
0
0
0
3313872
760166474
987082169
600136830
929462780
0
0
0
82952024
34016
210889286
158721141
912411798
0
0
0
0
432
0
48379402
819390968
557992213
650117401
286217863
0
265903666
0
44416
0
0
333075509
798350602
0
95997696
0
0
0
0
0
530442961
423146094
50810832
0
0
36265344
372915475
2204
0
0
0
0
0
0
162781140
9216
107604
44890639
864226211
59731962
0
12217764
970862394
203243328
27939092
0
0
0
116266017
0
766384347
0
4224
0
405685459
381232927
497449131
505107040
0
875226177
323481302
640098160
610827448
0
0
448146037
887739375
110772400
124063624
0
696846151
708075419
0
533485480
0
3518316
0
0
0
0
0
200448
431158292
0
0
0
0
0
854706552
0
0
219015377
0
0
623616
0
429007240
0
432
507131691
0
754085706
0
0
607476065
0
121174328
419761172
0
0
383391932
2459916
0
18560557
0
0
23136
25408
95997696
0
0
43135184
987927800
35861472
467472
0
945034974
444932305
0
10740880
23729380
0
284271120
0
689112630
921669353
410263084
801792
0
505234459
0
47612600
749305370
50033544
358812817
0
1424304
0
4032
7275184
738870882
0
5002272
386924271
0
14333672
542327769
0
0
0
885865968
312559343
0
461472
0
186647668
907215400
0
0
608785479
580690460
762340891
0
0
0
0
1019352
0
426857932
0
50810832
267572065
47998848
618030213
0
879560568
0
0
0
96
733668027
0
0
0
0
285799097
0
654810793
0
104832
0
0
0
495516554
0
0
605441523
0
0
319009520
0
56809627
1520
0
313835064
0
379201448
0
0
0
0
0
344257598
0
423146094
0
0
27696744
393304379
0
29685104
434958742
789033236
445440
0
661577805
929233752
0
174629623
0
0
330175056
90391010
136919482
275504559
0
253288
3040
0
4032504
0
0
317368965
0
0
378831006
0
0
165802507
0
359687725
902360153
0
158180641
0
812546603
0
0
1155048
1019352
0
0
0
0
0
0
0
0
0
879086641
0
620530062
0
0
1667424
436642397
837212868
0
3519464
32115884
0
0
9103520
760166474
184289331
708372961
65664
0
568239320
215208
313678199
849275673
512412000
284271120
831433152
0
761006825
0
12444608
95997696
611321536
5456808
797503464
0
633296028
329527180
810182904
0
27929836
783510793
0
10224
656429853
407043619
0
0
0
443285353
13255488
0
621490860
880476373
0
317164940
851031640
0
696046286
0
889656902
639244
0
0
284608
0
0
0
0
0
0
911005496
59576
0
390873709
0
70145420
0
0
333529489
111031269
366366060
0
0
0
574085223
774000602
144053201
105837045
0
0
240360
0
0
823943160
718168338
0
0
253288
8260128
164146874
170379603
0
959629750
23671632
0
45328
0
671685368
475865642
290730601
0
13255488
0
50339411
515457407
109056
558543505
0
0
417999952
0
0
770778183
166787091
578789112
423469822
0
19068116
210284894
0
0
911584027
0
788710707
0
79285276
0
7207880
0
0
32025622
0
427618158
580480
0
0
972004868
7987840
675631139
0
480344739
0
432000
0
0
0
0
0
931922442
0
772214073
0
902469233
934505108
72141912
0
0
0
433091456
428278816
0
0
254680224
600352449
293349838
953876646
437630344
0
488337211
0
0
0
615829781
351096608
0
317337894
0
685140905
246673158
0
605664
0
0
0
0
0
0
0
475616490
0
777901060
0
384
0
313678199
826678346
16966296
264779629
875226177
805806720
843161565
491313314
950194628
880680913
64151856
0
0
0
192333824
299812528
979897049
801792
0
410263084
957868580
0
0
0
4389832
4575744
651843976
0
0
89969246
0
46217550
669256507
0
4827608
715555932
0
436642397
857396354
410263084
0
592313079
797933128
0
0
96132566
0
0
46217550
24351250
444461760
220440497
907136602
12780096
400212660
0
105751351
4224
762340891
686073602
987264
0
957172829
147217713
0
588986334
111328824
517422374
0
0
368967339
626144100
424796950
0
0
523798616
543084845
740943180
0
0
14910720
0
386132074
0
652768876
0
0
0
4447656
0
0
317368965
0
0
805705788
541429152
0
0
111833760
660074098
0
0
520594407
19612876
0
700177208
538057395
616914207
0
925261201
226230993
719688318
0
0
0
0
378919785
0
0
114641479
0
325338630
25526052
844443615
294068425
870976057
0
222720
879373638
0
403232664
0
0
0
554034893
0
26837496
0
665111639
0
0
16029792
0
378757861
0
471158860
443285353
405853516
0
0
13161334
0
0
650671838
0
0
488450682
0
0
65823240
0
96686974
0
0
951682047
418896
9774720
0
735432593
471792215
377844555
0
939723317
0
901784912
38175432
881640
405685459
0
0
0
410263084
291010600
86006154
0
423146094
0
0
0
535706119
312874337
488337211
0
573401724
708372961
693768538
0
0
0
0
202225800
730192433
177175184
949424471
0
13255488
73052040
640098160
879358874
0
0
0
96132566
311141724
481501308
264451449
0
0
0
785630789
834198678
0
864634729
695409058
0
0
111012688
0
0
0
0
0
116627865
424372320
0
187326321
708075419
66234072
765605900
0
107991242
57888
451297952
0
0
9941616
203658467
56585264
0
0
0
33993696
0
0
0
0
68032
0
390873709
546288139
1698504
0
0
499213883
36410144
0
0
17192837
216665680
455982706
0
745722571
200448
0
462459481
0
621244852
89274317
0
0
0
782721691
0
0
690948
0
746442324
880476373
72607544
54111431
0
523360412
0
0
251700657
2059488
783840722
443501836
92102336
285197318
0
3313872
221186814
973343951
328012080
882756428
0
0
344257598
251700657
879358874
0
633867318
0
0
174145687
57850881
0
0
0
0
526061918
403776
7693467
418896
679632306
79080396
294068425
317337894
58775584
140830652
175956672
0
839127318
642374797
0
708075419
5456808
225792
0
472850994
255996452
4032504
0
0
354263101
557992213
0
0
943015767
2798632
745691204
0
0
0
0
0
1296
0
0
0
328427227
311141724
0
140883160
661900
849804031
863291691
837792
3914872
7520
750800898
872977756
947353387
0
3518316
280326795
728701956
481501308
0
203243328
7207880
0
0
119723167
60026231
206320899
611321536
837792
987777739
873711463
410263084
0
0
0
0
153276827
512
0
226230993
590511743
0
0
0
0
0
319270694
0
8955312
9791104
975193313
462459481
0
0
672816261
0
104653322
828000121
645017110
0
24785713
542580871
0
0
75377551
0
754861243
0
4827608
0
178427140
96686974
732279048
1152
419082731
679632306
132698469
1226080
0
811525044
213132645
676064676
0
0
96
807552
739434761
0
621490860
0
0
0
641870639
559114536
662424574
678562219
0
866866605
0
0
0
194022032
0
654243459
294027099
0
0
0
2059488
0
192333824
0
0
0
0
0
0
0
779154000
554034893
0
77356
0
192333824
0
3672768
0
0
52220172
0
176309860
194793392
344092198
487072303
741892593
562537855
970862394
0
581964027
192333824
0
0
166292332
0
661900
0
992337385
0
0
210052762
412427898
62984047
6627744
702660503
604489763
505234459
0
0
0
0
106094395
79080396
81806424
0
525106416
37232
0
0
0
896035539
0
882756428
69456
748095765
633296028
0
327200266
0
0
0
489931278
5456808
496863740
515819941
0
0
275504559
312051534
225792
0
0
0
910798096
678117619
0
0
515523514
960588735
207961287
0
16230744
0
0
799339790
940216746
0
0
139710928
0
0
0
699600
0
738804954
530391744
301320
225792
0
2784
0
0
880246631
0
107220838
333858882
5902920
0
728701956
0
0
235439040
0
15519744
0
342685565
505196601
381232927
851380201
0
952671589
0
526059513
990955608
857396354
773740383
0
730192433
118608705
403354228
814691822
148958870
22319712
0
0
426559516
7486756
413288198
0
702660503
215208
0
42723814
732885497
0
0
0
82287056
0
443028868
0
293007625
0
0
0
922944
0
361383606
579711960
310914384
0
880749576
0
0
4447656
333004413
0
670580508
326367840
0
225792
445440
895731344
610927255
72181326
849305754
0
432000
624191381
543084845
0
0
0
566608199
64920
0
699600
828262361
0
0
681992256
86907456
0
63804
0
76615146
768
356711330
0
25783184
0
0
27939092
0
0
57888
0
0
82719265
753270175
0
0
0
745460854
0
699677904
16092672
0
26208
459308507
3726006
991557371
0
862624762
826198915
0
583874465
0
0
0
0
0
0
621490860
132597936
915546742
51785872
0
0
2800360
708075419
450528680
0
771960649
159860304
238722757
0
0
779412752
783510793
561974330
0
464313626
0
0
0
25416
804508
509968436
106672298
233466985
0
272763408
0
654188709
223913488
0
0
0
471633398
892435672
954477340
0
0
0
2688
0
297250983
1026000
0
0
814171209
192333824
611413912
0
3672768
654810793
600033681
164452327
587983084
111849762
539859268
0
23999424
885525915
0
45936
0
0
706748932
0
0
0
0
0
0
86820264
0
53324
327867192
606605006
0
0
154907904
724863193
4391560
0
725385276
528564
688345747
0
363436731
317140272
54167832
0
0
156842012
0
0
0
0
57888
44911478
0
0
0
312559343
997652739
306811922
0
801480488
999612968
534791631
0
0
0
64080
0
297250983
0
0
885865968
0
591512714
0
914507570
0
429007240
0
559872483
0
0
606605006
864
0
312559343
0
0
813059590
5376
152432496
676748468
51260128
0
346779433
0
264273600
595716350
922944
263485906
0
0
0
0
269474852
111328824
345695604
579035515
679086750
0
0
0
413307563
0
912393423
306371881
123641200
77356
0
723827253
79297869
0
89969246
826198915
519414456
521314366
0
384164662
708372961
962774863
0
0
931988089
885525915
529024728
250787144
511316733
26720
0
313448477
979968
393304379
0
155517621
0
0
0
251700657
119107267
46748928
508917027
0
0
0
510990822
556654465
0
370033044
0
542580871
167745363
0
717899644
0
0
6627264
816040999
281561075
567936597
0
8846032
741027942
0
472532152
0
388263956
457844082
169838462
600504743
285799097
795007906
830281630
0
90704136
0
1044864
4384
0
418089048
0
921454564
2459916
334592
62984047
655450202
970716328
622368961
3040
0
881237571
0
508312440
140304501
26103460
0
0
0
23999424
656688661
0
957868580
729652873
37164888
891326759
877094263
947756688
147217713
0
0
0
200100111
0
980899058
0
0
491313314
699677904
368967339
877094263
0
0
0
331440333
286217863
215208
210889286
456939015
57850881
0
804621967
290150803
375216610
0
0
118100577
0
160568657
799937137
0
0
308552032
0
0
0
802834571
0
0
944796534
491354838
576387440
0
648545275
744439483
724769614
837792
0
973343951
0
708075419
218152575
339097239
0
57888
0
111833760
116750599
11845800
801480488
346887940
0
219015377
661317949
2657113
0
908304448
0
606605006
0
0
0
0
421200
2942752
339948872
522736865
0
508312440
11778016
0
994334939
0
1424304
24651664
274568091
0
410263084
349740801
0
5633472
0
0
9941616
23316
0
649602022
0
105187824
0
0
0
880246631
769187901
38400
0
0
490657184
0
569858574
318000960
0
0
0
307829048
0
0
977740734
0
0
870584147
264779629
336092211
215208
928377572
0
0
522736865
0
924196104
762340891
610735488
390014496
402738670
0
571879011
0
160827923
0
537166439
0
0
880162949
0
631934135
578861159
745414960
0
0
0
1029744
664097299
662424574
0
106303218
0
0
696511530
922732717
180675271
358740650
630056762
0
246431047
47998848
52220172
0
0
0
0
459308507
0
672706823
7040
0
0
426857932
192225958
411130980
0
660792
481501308
32025622
977326427
631419242
970716328
192333824
0
0
16036416
0
54167832
85944
192
0
0
7125824
319848632
581949972
142576776
353294457
57850881
865127103
211824
0
0
0
130983481
0
547062250
0
0
312559343
0
0
911005496
0
0
0
2864208
424981198
281561075
70693097
891326759
591512714
0
76290288
0
4633040
801980358
2975112
5902920
740943180
0
26208
0
639422958
0
0
13255488
118224
0
174592033
0
0
0
69775752
0
0
0
450528680
0
3040
421824584
707136
0
0
0
0
505234459
0
0
0
0
0
392526892
1934352
0
2459916
200448
111833760
166292332
427646786
0
0
801792
977148041
0
0
0
678038063
0
367181486
0
378804732
0
0
72610712
0
0
939112080
0
197464032
370896
0
0
85944
0
0
62984047
0
2626188
480552405
863515669
801480488
0
815184
0
483984197
383391932
192384603
304317264
0
0
0
0
0
0
244992
0
203243328
0
0
0
100261639
0
0
691984766
0
0
0
0
51512905
0
824621918
0
601224
563400096
0
296640
658621957
0
0
488609442
4320
0
11677408
0
0
89841054
0
574085223
3072
0
725217769
0
1368584
939915575
0
195384120
0
0
0
773278058
338980491
136711594
673776
4389832
0
0
554034893
720975030
0
0
0
0
0
333123456
575896662
0
0
551340389
0
647445607
0
338301494
505296
0
140951336
47721951
666775140
302791028
0
0
151777235
504744
905072570
80836604
0
0
206703615
34436660
0
472850994
0
0
0
797960567
0
104832
0
235439040
0
0
0
0
0
621490860
0
0
0
266832173
0
49347160
192029275
0
708372961
0
101621664
0
71348404
694079598
310851912
0
505107040
923964442
461472
673776
0
443146787
731447132
0
253560546
68105240
0
0
174628457
899023644
0
48611232
0
1424304
104942737
0
635885205
824128326
0
1709056
3518316
88156607
7520
0
0
0
13104786
0
967049628
0
0
654810793
690948
0
515523514
443392
854577855
305272
733507780
0
293697136
754261572
8192
0
0
0
824429763
927561660
6474320
218590513
110772400
0
424984975
218590513
465550090
0
159359280
650671838
0
0
229713066
0
0
0
443285353
804484291
0
0
0
0
0
306371881
26210949
0
833648222
512412000
265460512
159625465
0
0
936008696
0
250184039
0
326397993
915480567
267726295
0
0
454883428
0
0
443285353
51785872
855199656
0
938370862
0
712515462
762982665
0
621490860
0
382806388
490376987
107452642
0
118829548
470314501
0
0
675428761
845578214
527496
0
0
66216792
0
0
238722757
0
23671632
928712707
974812124
203049017
0
0
691984766
0
80441356
563400096
0
0
324538560
0
951682047
27552
0
0
263485906
0
617084053
987927800
426559516
43328
0
50810832
0
0
615002489
647290215
718336
0
336092211
26208
0
873595868
0
967049628
0
136704
878931339
966509850
0
0
0
0
761006825
125738228
0
0
327098640
28438694
9403680
754483273
0
297250983
687336680
277259992
817585314
708075419
181261506
443415377
4362624
96
203243328
0
180874205
54389736
0
0
14671950
0
27974700
0
84417264
0
0
403354228
24147148
858670912
0
500861277
0
870976057
244992
0
62984047
566608199
988439456
216145261
677693593
0
0
310202560
0
0
180036928
51512905
11286165
0
0
0
547330274
0
0
720975030
0
0
54167832
0
0
0
393304379
0
591512714
754085706
772718947
0
12780096
887021215
0
0
266938831
405853516
725217769
479427632
637289287
541429152
443415377
216145261
0
0
4447656
0
0
4447656
0
152432496
291017067
0
0
0
0
782721691
0
436738736
618368039
585642503
0
432386680
0
0
0
9652128
1076
0
0
734481001
0
0
0
0
215208
0
122958231
0
0
483984197
193040471
4902304
0
107604
674206674
0
606605006
124063624
0
797933128
228879130
690314026
151927937
0
987264
0
579199332
947076606
0
0
160139571
16727264
0
0
156146400
457192010
0
0
0
0
507131691
0
0
0
698255623
0
0
223913488
0
50810832
0
0
0
333004413
325044468
0
677746580
535417406
855199656
0
1321584
0
681992256
0
310347023
680559808
0
5053880
520100023
159860304
14671950
712991665
0
892774395
225792
753270175
168054876
441904336
0
580044397
0
37790952
977740734
70400
82952024
0
214608
45605104
746208
0
778859554
0
0
80842921
0
3914872
606605006
0
461472
0
641870639
469407111
512412000
34016
0
0
0
621490860
168163393
0
14671950
215208
0
837792
0
384164662
0
0
0
563400096
285544535
885865968
0
601224
0
37534970
810863840
190203292
36352
0
19068116
436738736
0
228622923
461472
0
0
342685565
908304448
0
0
0
0
424696
0
159860304
875226177
621490860
0
188255922
355934753
0
0
351096608
26720
889996986
329481386
931988089
0
0
235439040
505107040
433264750
312874337
15360
746208
0
0
0
5704128
0
692779779
317368965
0
0
0
2657113
0
210889286
0
61182452
5002272
0
0
0
165802507
231955930
468522731
647290215
892663928
527347169
924400067
0
116992
432386680
627743213
12780096
0
427618158
3519464
0
0
4887360
0
0
0
0
0
0
190048303
290951744
557328869
436642397
0
2868048
979968
0
535399440
0
0
0
891120945
870751897
0
0
0
816225040
501149768
0
772890033
0
0
757942813
755733525
0
0
994334939
564856471
0
880246631
389000696
995110617
0
220923578
0
0
687101205
0
424372320
915480567
604489763
820514565
250451420
680646895
688345747
480344739
962012017
556615162
649836175
893269379
3518316
0
121680
0
0
0
0
0
140304501
757658981
0
0
0
403354228
0
59576
491313314
317368965
0
44252160
0
0
893269379
401286522
0
616317408
116627865
358812817
0
0
805861451
170095410
423149584
565207126
180036928
658709435
157981267
41755521
412427898
909584200
0
0
295241792
606526724
503899737
0
776207045
326944644
792055703
3363044
1089144
788284091
0
0
2798632
370033044
1654992
2223828
432
32025622
140893056
0
0
0
0
7520
5840048
0
2586624
559872483
0
0
0
1663696
806138355
434057123
0
0
163987964
403354228
0
0
0
17248128
960588735
0
395454208
707473783
15239720
0
0
436960967
28036416
520502709
0
0
229109948
153276827
836280
28438694
7275184
745414960
52416
247887795
0
800265205
790907549
205487628
0
381232927
761006825
69775752
805806720
924400067
648113263
0
58510208
0
190545780
160595574
65664
0
746208
199471493
15239720
515197532
0
0
368676889
0
2304
797159244
0
778859554
947756688
46217550
621490860
0
383667205
267108686
990955608
0
167115099
518007909
429905324
3313872
38175432
18718269
0
708075419
73163240
742759800
836452209
688345747
0
849168787
927950400
0
600096859
0
344092198
205697856
668064
0
0
35143289
0
0
774927500
693768538
203243328
340491952
242370964
988819312
19547725
0
0
607476065
639441216
0
168202988
42647412
0
2378416
0
334177247
0
0
167640
276480
489267545
150986210
2784
577194504
183081625
0
707283234
0
0
0
958247405
0
0
10427768
803783330
226512
0
735663813
0
464411213
0
0
679086750
59731962
0
778859554
37790952
0
0
986622170
0
625583016
464871794
729476162
0
192333824
147080192
0
659886008
421581308
0
333123456
0
677693593
0
0
675631139
0
0
0
823852033
656853228
2059488
0
0
0
0
360828559
0
0
50339411
0
140068913
0
142800
0
0
0
0
0
456564081
0
0
896894149
278267408
0
494427130
0
121634533
0
0
0
0
503400362
512
974812124
0
563400096
310851912
0
0
782721691
0
2784
457988695
1048576
881525478
23999424
0
32986976
2657113
50810832
738870882
97692540
0
0
959574642
1434024
751809505
0
0
556189019
147965377
107452642
549639401
0
0
767453996
301274920
0
288
50033544
872977756
568
543020956
246289779
723869651
667753482
3521192
0
255996452
427646786
0
712515462
203243328
699140528
32025622
490580672
0
0
15060400
999032036
0
2624304
0
883398932
0
16893424
366366060
0
0
546515080
371490864
0
874750129
6627264
29729289
554034893
280788780
0
0
3040
384164662
0
0
0
192
0
0
292778751
599526835
691945733
807750556
0
54744928
152645153
0
215208
0
0
0
0
0
2688
93595163
870584147
0
140893056
7520
232148833
369255967
505234459
27640609
0
0
0
0
15040
760166474
63668245
736997648
0
333803509
870584147
0
62984047
0
854577855
54167832
0
565047079
9791104
312559343
0
326838820
522826107
65857505
0
0
0
12384
485692703
244992
174628457
0
0
470314501
0
731447132
198347687
0
1103544
515197532
3914872
0
1424304
0
0
188255922
73326434
243318960
87375672
380468509
401887003
101621664
0
0
0
0
754160229
0
188255922
0
659886008
2586624
0
0
0
0
615002489
0
595716350
23999424
7207880
32986976
754160229
0
0
42240
0
1657840
0
77356
504122400
31898995
493681171
606802675
0
0
693768538
0
297250983
0
957473720
1387920
422405727
144793782
0
757658981
81574033
11159856
755733525
305362164
0
0
142800
938345097
0
0
223913488
0
2657113
76255815
627743213
0
403776
28282528
973343951
0
0
758314667
0
92557728
761014409
0
8046336
0
452560318
106157671
760166474
0
0
527282668
0
204994259
0
0
0
5540400
786576
0
140304501
28883020
132810464
261537213
309497481
202106896
685152600
0
136919482
115442924
677693593
0
531591133
0
501149768
537839069
0
0
0
527347169
0
1920
801480488
870755785
879358874
755322340
740943180
708372961
433131182
777901060
0
0
7520
831492553
757312742
943015767
17192837
247887795
0
0
400896
52416
407043619
0
0
3801688
0
19541556
0
568239320
0
0
32986976
7239722
0
0
0
390242311
0
352966921
403232664
0
1211328
0
0
587967531
0
0
817456887
44518224
0
247887795
771461607
74739232
107894795
0
0
192333824
0
156011913
0
427646786
923063172
0
0
68467044
974369370
0
64773732
3020696
7275184
0
0
10273262
656429853
0
0
0
68105240
957172829
0
0
0
0
188676700
795007906
542439506
0
166787091
447358043
253288
0
893543846
0
0
474207211
0
0
0
129143160
3283248
0
0
0
782721691
4543530
269474852
167210538
0
37961323
3518316
3521192
0
50832
0
699001026
0
366366060
7520
0
838922326
981802863
0
342953149
445440
0
0
514313444
72960
0
0
0
0
437146995
126811145
0
0
0
947076606
0
866651697
710614409
0
561641875
71348404
698690656
605664
187326321
0
2798632
541732694
311225542
0
54389736
374143965
0
0
378831006
469407111
531921462
0
0
514313444
168604688
0
771461607
3895464
689112630
7231104
0
525481621
0
0
0
2800360
136704
488337211
0
937961102
134417347
0
0
650117401
0
0
178427140
244992
686073602
0
0
675631139
963603666
0
192491029
0
349427557
450528680
285799097
0
0
765777639
38175432
0
24835949
13161334
0
0
0
218672577
0
0
880246631
0
0
452948041
992018018
347512
499054109
266944720
0
754261572
0
318000960
0
850077988
0
0
0
448297
761236490
0
166787091
589915029
4920768
496419223
0
184289331
271079120
946841621
233620
0
101621664
618030213
778859554
0
885865968
660565003
655770054
369623301
0
19068116
577988979
0
310347023
58465013
938370862
338416536
409668477
6170196
0
530488798
3895464
738870882
591512714
599193519
708075419
0
0
111833760
964777144
0
0
317368965
4543530
0
96
7207880
0
299812528
151927937
0
616317408
511937328
498792510
77356
0
75625979
7759872
0
0
26720
0
79285276
565047079
0
421342272
318000960
0
305272
0
0
69775752
0
0
600023421
849804031
0
176192247
0
0
0
278267408
2800360
988281394
0
0
0
0
0
677746580
0
0
420999862
0
891120945
580639021
0
0
82176
225954793
395017746
919448359
0
19068116
68790898
855199656
26720
181261506
25908056
568239320
0
0
276792556
0
914142124
0
443455296
385924882
0
379335781
0
988439456
853381390
0
0
0
0
327098640
0
849305754
0
0
403354228
886997548
74419255
0
0
0
170095410
12780096
102681397
547062250
641870639
0
0
0
839127318
0
0
0
708566520
373986648
761006825
0
943641440
4701840
321352135
474207211
0
18116
0
611413912
85944
324968168
525299575
0
36265344
1026000
19068116
0
681869794
111360
0
265460512
218590513
0
0
318593928
531591133
0
274725126
0
0
0
0
824128326
216940710
361338905
0
579199332
0
515523514
3313872
2586624
0
523360412
912010479
369061764
0
0
0
0
0
654400886
730192433
34016
0
260083891
606400519
0
72260
0
878931339
0
1155048
0
0
144938571
875226177
3518316
235062170
0
319009520
343299487
376300925
526194642
0
688717459
590859988
0
0
13335520
642374797
0
423146094
204383932
861591800
0
555265589
0
0
2624304
0
534566700
977711107
700201828
712991665
92557728
797960567
748095765
760166474
0
1626880
0
106303218
488609442
0
0
753248596
875226177
505234459
0
0
0
0
16302632
439979328
0
771310726
0
0
289536656
0
852771939
563400096
0
0
721309568
390014496
530436
0
0
499213883
0
0
20240354
742400
0
0
9403680
0
2136456
79080396
565257941
0
25408
1813184
0
648598576
468264808
200032261
614479477
841438986
0
331662348
861591800
0
0
405517096
7693467
389000696
0
299812528
0
919448359
0
423146094
879086641
265749696
0
20683336
0
495609711
995110617
0
0
4384
0
306371881
0
71853152
0
23999424
0
0
127357560
0
24651664
600136830
833551314
203115274
675428761
0
207961287
622368961
384
0
677746580
0
0
110904394
570794886
598421543
0
0
708075419
386132074
0
885865968
183566745
0
0
568
493035264
829796034
0
0
688854189
0
0
0
0
0
0
51785872
189696657
0
11759968
0
0
755179224
0
872977756
0
0
418030005
409387609
200032261
0
40320
831492553
0
856634199
24651664
355392432
98526170
0
0
761614077
160595574
0
0
538071065
0
403354228
0
0
211824
665111639
14772792
483566296
189401085
34773432
0
193114464
0
0
280473214
0
0
0
930935528
0
0
0
442388784
0
0
929547004
676959789
0
501645985
286924600
105335568
910700487
4575744
0
0
0
104832
650117401
831546363
1249656
1698504
0
382806388
177288390
768847895
0
44540
0
850862545
153276827
445440
0
0
0
0
939112080
57850881
70260928
0
271112206
0
38110039
0
567936597
94185936
0
0
0
15060400
519561941
0
540533894
98526170
215208
7520
2129664
0
0
16966296
385063911
0
13427088
380738483
0
0
0
488609442
0
845580709
0
425517570
0
737504180
0
0
0
297250983
696511530
0
0
351606866
0
0
557657507
0
633296028
0
685890024
1432104
0
394351425
515819941
251700657
630617316
0
0
0
0
0
753582883
745691204
662402190
988388425
0
0
34016
0
177135324
992337385
767224467
54167832
611586265
54167832
600244065
280473214
826678346
0
0
441904336
0
303537218
0
787714532
166292332
27929836
0
785178890
0
0
0
473918738
0
313678199
0
0
4518976
315099983
134173010
523518618
0
0
0
0
837792
0
4320
432000
562537855
753358783
299812528
19539512
0
0
8275366
0
0
0
5181530
530273151
564459232
0
800796
181261506
140390747
0
0
271112206
37790952
943015767
0
0
522152292
601224
7790928
0
897353094
448146037
659840594
395017746
12384
1424304
413876196
507131691
0
689276281
455982706
384
707283234
486522465
158602489
89969246
94364
0
0
301688
0
276900318
0
0
0
0
0
0
32986976
882035439
26103460
110484539
290951744
62984047
0
414720
480955882
0
93257487
0
0
3336463
601224
1572552
0
56656176
0
0
299812528
0
0
0
263508607
19668272
0
764712887
0
374415609
0
0
688865505
133456756
0
0
16912360
286924600
636894237
0
0
0
64080
650117401
322210910
661900
0
536855132
2592
0
0
0
4032
0
911205641
47781869
896894149
0
304317264
378757861
7995648
0
0
0
214200
0
0
0
1507396
0
0
994126848
0
95997696
0
130931315
148459571
0
344513958
303188944
805474405
622368961
0
741892593
239750164
0
0
0
824429763
0
801480488
691945733
182906951
4384
0
686073602
0
96
38400
0
0
879373638
733507780
0
545155055
0
166020896
471158860
0
554034893
469868774
0
0
0
681992256
2809124
274008808
975193313
616914207
0
35209176
0
0
0
0
82287056
1987488
527004918
0
0
566765847
0
846689247
0
185954323
0
59731962
928377572
0
923438943
424256447
0
3940372
297268612
526061918
0
140893056
13255488
306541850
462459481
0
0
0
356934460
491313314
0
0
0
745680
16966296
0
81424632
156842012
0
667724503
368967339
93595163
418089048
142800
0
758314667
242552945
540324508
0
0
51785872
0
0
386760302
21408192
200880
0
429905324
0
0
526061918
546515080
77356
0
0
1936704
0
333004413
313678199
732279048
5504320
151927937
0
0
4447656
659886008
0
479608121
0
880202332
974812124
5704128
893491815
75377551
0
0
693635152
698255623
0
388526168
0
203380599
323277821
32025622
590511743
3738448
703485196
0
0
0
73326434
439979328
0
0
734846806
478435458
104832
807750556
837792
0
333858882
0
0
957789882
487572057
2868048
695480746
0
1424304
0
0
291812729
103360860
0
0
0
820662486
491203791
465550090
0
946841621
3940372
0
0
0
347102764
648780
369623301
0
0
889656902
173543834
0
5824
443415377
361801356
561974330
0
0
648000
271261096
561503731
16192
0
420846878
6627744
0
953115527
0
0
0
0
0
1486240
0
62106024
0
0
544847084
0
153347162
371600034
0
927561660
726760550
0
0
3895464
27500
757942813
0
65879489
0
0
0
557996340
930312181
0
133499733
437254914
0
0
358812817
32025622
2868048
384164662
10740880
724769614
573520411
0
664715746
0
0
0
622499556
0
0
173121619
0
975332428
235439040
0
148958870
0
623616
299812528
0
0
924237504
0
0
599526835
0
669256507
814433341
438245123
559872483
32986976
0
681992256
231679100
27431008
0
582972154
0
951682047
285799097
182017001
899023644
0
358242075
0
0
23076464
0
546515080
556880290
0
55381744
0
262550809
0
0
35209176
0
0
389355228
6192
0
62106024
891120945
0
600132145
507131691
0
947128288
354052718
510990822
0
974034901
118100577
0
251120
253423705
423146094
806138355
646656896
0
398339052
0
0
43328
0
755322340
5952
767453996
0
7275184
24147148
121174328
366324309
0
0
0
175955117
133499733
0
73685655
6388992
507131691
785137847
41187252
0
0
0
660891455
211559000
0
104832
74739232
938412139
0
0
176309860
672816261
138996528
0
397938366
0
384164662
176192247
379809376
0
0
744936
0
2942752
0
0
0
780773160
708075419
49860224
0
0
745414960
617096151
0
724526461
1536
0
0
774751374
2472800
581604544
953115527
582889221
0
0
0
0
807750556
13255488
140521572
0
621244852
975506458
0
421891347
977740734
334413721
75636792
414501425
0
464871794
918097301
792055703
910700487
9403680
0
0
0
0
0
743576927
823073446
2464
0
730410249
44390590
0
310494053
2800360
354263101
921669353
198708923
0
764971774
0
68916578
120602765
0
140883160
127017645
0
658673003
180402431
66196844
0
96
0
0
0
0
0
975506458
156842012
0
0
490657184
22079136
950165939
0
5053880
0
0
526194642
1227424
0
742759800
0
29045055
959574642
0
818526432
0
36265344
940893851
140951336
472492718
21224
0
0
0
409771307
0
0
853996646
0
531513936
457988695
50810832
0
0
0
0
0
163028449
672364726
0
124639324
303537218
147292065
897147431
361338905
0
879373638
0
0
0
169036558
0
0
0
0
235439040
730561676
807029163
2136456
124063624
0
307829048
12948640
0
0
112574448
969033016
350468456
0
515523514
718446476
459308507
0
0
0
0
0
0
0
393672096
566608199
0
1296
837792
395017746
686101628
50267208
348288
541429152
253423705
0
780701644
0
258796181
191500
0
660074098
603273042
837792
1310688
935643291
50810832
0
614479477
0
970716328
0
375031367
865127103
627743213
501056840
801792
1440
0
0
768847895
874750129
69530021
385063911
0
0
3519464
563000903
0
0
820514565
0
27939092
875226177
45638690
686073602
649836175
0
0
800796
443285353
0
338995147
828165450
0
458509276
0
581964027
0
211904769
765777639
825703320
0
967049628
0
403471814
483869823
13903904
983703185
417955925
68790898
0
979968
797159244
480552405
0
769187901
541378984
288105456
421303880
9791104
0
575896662
693768538
89386912
0
967049628
0
64151856
0
0
0
32025622
0
997483103
0
796064
0
284608
960
3313872
0
650671838
93595163
0
142800
708372961
67730948
190471596
3072
8192
0
0
267726295
8192
50810832
0
27610753
0
18837960
667049358
26720
158721141
0
39648
633867318
289891068
0
801480488
644916357
359687725
417036263
248539628
0
0
0
369368649
0
0
47381387
0
200448
0
6951184
0
0
0
667753482
587224205
190048303
65664
0
0
0
0
403354228
961498785
0
0
471633398
770778183
440522603
449194426
288871641
987927800
0
313448477
596508073
0
0
896035539
986622170
0
56656176
0
333529489
0
725385276
372343966
0
166292332
0
945988693
836291968
0
0
0
0
0
0
0
0
792856266
0
0
0
0
919529478
624191381
0
0
214351189
0
0
0
0
0
0
480552405
740943180
59112
190570911
0
0
21224
0
708372961
603928679
0
515854651
0
0
843400639
0
0
505234459
3283248
0
798350602
324886837
0
474447408
291468778
0
0
0
0
146186088
0
644151543
0
644594233
883594483
851460
603928679
228879130
522736865
68105240
3040
591486888
0
969033016
0
115814176
544341609
600096859
0
0
967650734
0
639534075
0
510274905
153528742
590859988
4220784
0
90391010
0
0
26720
257044497
440522603
180402431
533485480
328500619
445440
262524527
230629873
0
0
0
293349838
907215400
299812528
0
0
13255488
921669353
450386431
897147431
0
0
0
107452642
189719169
0
0
117563736
559346662
0
8955312
391693050
0
514511322
0
0
0
220694064
189893569
0
297250983
579035515
78562552
0
334592
0
892774395
144053201
0
0
594416000
23999424
0
951728927
0
97376
0
0
0
421891347
228879130
952671589
281786392
905018581
8192
174629623
882035439
0
0
307829048
328500619
0
90201684
98779487
2223828
0
837792
0
0
94185936
755322340
97692540
93595163
0
0
0
0
928382567
848866544
0
0
0
708075419
830850755
0
220694064
267522427
523518618
870584147
528230185
866474768
749932422
462697630
0
456868469
0
0
25526052
0
0
370033044
0
0
0
0
441006064
173543834
467766753
885865968
546515080
180675271
410923248
0
0
523964219
318858637
0
1089144
0
457699392
3264
2624304
0
0
0
4389832
0
187253066
0
13903904
765984
211904769
0
0
0
0
0
0
0
35442544
606802675
1432104
0
0
654323014
0
0
0
0
0
0
238949548
0
443028868
366571241
0
601344
334413721
152645301
0
944806647
85944
340817563
553645020
807750556
690314026
908858703
0
554362594
0
882035439
144053201
792039900
0
631813804
0
457192010
967049628
0
0
947373304
729476162
251700657
0
758015497
84505882
4447656
421824584
1387920
321921731
0
16912360
0
0
3940372
773707009
548459769
0
203243328
621861300
782721691
94185936
738804954
696161497
0
38400
29940187
0
0
76514066
0
427562670
0
686101628
425844827
526074871
3840
7275184
356663573
0
244992
0
118608705
0
0
688865505
289294682
3521192
182906951
664715746
19068116
92557728
627552874
0
769952914
171336929
305272
975332428
0
205487628
0
0
820514565
0
0
0
882396156
0
0
830425242
0
301274920
410584741
0
478722769
738870882
0
0
0
0
0
0
812546603
211421152
0
216665680
977141468
37790952
647568632
633296028
0
0
92505865
0
111360
0
0
708372961
713746182
0
989885036
898078907
0
684044749
0
294068425
522365748
0
574368956
58775584
218672577
708075419
0
0
313448477
0
782721691
0
0
642494457
206320899
0
4827608
841438986
0
0
376975439
0
70693097
715555932
0
932207110
10659032
676887724
459291246
4096
1424304
0
507131691
0
54167832
0
683737059
0
2838080
0
64701648
0
0
0
837254366
0
530391744
0
0
826198915
748323212
244932563
0
0
281561075
445440
329383167
0
303537218
606605006
0
0
0
140173774
0
149160596
84505882
597634941
129982962
487572057
883594483
708075419
0
0
360322348
739434761
0
0
0
253445957
486151204
873595868
0
15557224
0
362240449
9941616
470314501
915480567
0
850077988
509312488
0
0
140173774
0
0
977711107
71853152
0
382806388
0
303537218
0
12780096
0
912411798
783510793
753582883
0
0
0
156842012
98907907
0
66203474
0
928106934
0
0
690948
37790952
0
681880404
200100111
0
491313314
24480
548630826
0
999032036
0
2064
986380416
0
0
193295018
0
0
0
837792
785178890
855214135
669256507
226512
55825944
0
355934753
849275673
0
0
758005526
0
94185936
0
178427140
645844584
0
7693467
0
0
300388098
0
0
757453332
0
525114794
0
0
433264750
839655921
497449131
712991665
0
0
0
606605006
998289342
26208
0
0
565207126
393896081
820514565
903895705
0
0
0
286924600
351606866
568813196
69775752
523798616
0
0
0
578861159
0
56809627
452948041
299812528
0
29729289
870751897
0
685140905
0
535417406
6851029
0
1507396
565047079
0
568
346887940
0
406063488
1845888
312051534
37790952
13129248
0
0
0
0
748410320
170379603
0
0
862276528
203049017
520724499
600136830
244992
0
800265205
0
783501278
0
348013805
36265344
107991242
734481001
0
0
65857505
0
0
696032
0
161159377
598421543
960588735
0
319412263
34016
498697654
502199827
0
165425288
308077956
20208
602263082
418089048
479608121
0
350531724
613806515
0
802234434
0
0
870755785
456950332
0
139763510
0
0
989885036
780449249
895525
0
0
3227840
0
62984047
0
0
511048527
736909717
210889286
271170315
0
0
570298147
0
660363781
0
264273600
0
80842921
85074991
647821818
0
0
525114794
0
8706859
36573032
0
0
0
177532048
501149768
0
0
0
334974551
542580871
0
222277104
418896
75625979
3840
0
682100585
44890639
0
0
0
2798632
0
0
800265205
0
601492084
6851029
246673158
124949569
0
12192
334413721
0
58510208
0
0
0
190800550
972004868
874156684
0
0
631934135
18047232
0
499314048
54744928
140951336
0
580119317
0
104675904
0
0
0
286924600
384
349416755
266832173
723869651
333529489
338301494
84505882
641870639
98779487
0
0
25416
717899644
606802675
848042608
311141724
0
0
0
957257284
0
0
495120
0
220694064
290150803
642054120
0
0
783501278
0
0
2592
0
313577942
0
566765847
963603666
874167354
0
0
0
0
7520
0
26208
2660720
0
0
0
0
817031471
0
0
0
0
15239720
57888
622368961
606802675
74934310
0
0
731447132
0
923063172
0
2784
0
0
90109172
583799005
0
262735652
0
942927949
491313314
799822690
0
0
407096505
248195288
0
0
830425242
788857469
0
0
390873709
0
0
0
673332288
62106024
319848632
0
424984975
708075419
0
0
505296
342417331
0
416927743
35569231
0
2624304
0
882227908
0
109318658
0
0
299473297
0
174315568
0
0
571354327
0
0
0
754160229
0
26635552
812156030
215208
427562670
923438943
90109172
386859315
16128
0
390014496
0
0
0
0
0
0
2129664
0
0
718336
0
879358874
54167832
653242930
428945558
0
0
101621664
0
94185936
605441523
401743948
409668477
186647668
56072
0
0
0
6951184
4447656
78624
646656896
369255967
483984197
135131890
215208
0
845580709
69234168
312559343
0
313678199
7130880
0
838853180
0
0
0
0
687336680
7987840
0
748011004
50339411
0
975506458
291578079
0
79357852
0
559150279
368967339
711967560
1226080
505234459
233563474
627362535
255181478
0
0
0
0
216940710
0
24651664
95200
0
0
0
863515669
1018344
0
8192
0
32025622
404372546
303537218
11159856
0
0
2657113
51282977
607456428
0
246673158
0
0
0
0
3518316
7520
0
0
0
603914548
823495216
761006825
0
0
0
922611553
721689115
623576286
490376987
156146400
693768538
501929888
0
0
27610753
571045422
0
932788784
13627284
472532152
890246642
313678199
0
0
490376987
199471493
20240354
0
697067962
366571241
752738727
342685565
264273600
62984047
0
0
147299852
0
217651682
0
104832
0
205487628
77356
0
147903492
0
0
838922326
0
37790952
694268980
0
2784
67232
32943330
0
0
616960001
151777235
124887808
0
0
3363044
879373638
91461008
0
25526052
156842012
0
0
0
0
2033088
0
486151204
0
0
639441216
0
0
20590592
98759232
631171384
849305754
0
264779629
511048527
0
432154712
0
862624762
0
0
243577208
0
333110549
0
180312741
0
0
25416
0
842405893
745722571
439252464
0
368676889
0
342637189
1019352
0
221209015
885653493
0
0
408292
421891347
0
1605643
94185936
0
134492664
0
891326759
0
3521192
0
251700657
0
0
0
512
0
0
0
17248128
0
0
521361642
0
0
746208
670046943
13255488
2136456
0
317140272
465061247
0
0
0
424981198
0
0
0
0
249870063
0
393426849
2864208
45936
514210900
0
54167832
183081625
687544294
31335230
414495801
0
101621664
250309143
0
0
0
0
975506458
246768
0
537074488
0
0
0
4447656
0
0
378757861
2464
0
0
600033681
488609442
0
0
0
0
0
0
0
192
535417406
0
203380599
507131691
0
0
642494457
561503731
685140905
837792
584886928
945035279
60026231
0
0
957257284
0
0
0
21264
0
410263084
0
0
621490860
919015854
862053149
0
0
0
563400096
6971712
0
154623871
2822976
660074098
789033236
0
0
0
458509276
299812528
0
143838067
0
0
0
770197144
0
3979008
464205332
0
405028310
0
372343966
3283248
192468747
0
338301494
0
0
0
0
0
0
430501644
0
308077956
57850881
0
281561075
392475711
178724348
199505705
158602489
320064
0
547167420
0
645226134
0
0
56520576
0
788710707
432386680
0
14671950
0
134297461
658709435
748011004
0
0
787658364
439845133
367583674
0
46748928
85074991
383018992
0
46748928
0
262735652
347277340
29555725
0
0
0
118829548
0
3521192
314731543
443003107
844443615
0
0
149160596
470314501
0
0
0
0
0
313678199
0
311141724
299812528
0
786670877
1987488
0
0
0
104653322
0
0
0
0
470314501
0
0
0
275046578
0
0
172096427
0
0
0
561503731
0
104832
13255488
903793170
0
70260928
381451998
0
616191159
0
0
530442961
158180641
508024
0
7706048
0
0
0
0
0
0
214402444
890975634
319009520
397938366
248195288
830850755
1044864
40732014
1939462
415000171
0
0
854577855
0
188255922
293054091
249448500
303188944
166020896
0
82176
218590513
0
587967531
0
0
0
33004768
647451924
192225958
483869823
915546742
0
842206273
11408550
0
0
0
568
826678346
24518049
0
0
686101628
238489112
0
69775752
885078884
0
0
787288244
895525
18837960
0
0
69775752
931988089
0
153528742
659840594
700177208
147080192
218590513
830270666
0
341500082
1486240
0
0
0
387841347
0
285799097
0
0
0
932843319
0
512412000
981802863
112640
0
0
0
824128326
0
780773160
274008808
0
15519744
94364
558291603
924237504
0
0
761236490
199040381
649232693
0
406793466
82702036
65823240
360828559
0
563000903
0
0
80842921
3895464
71998272
0
766205076
0
0
0
977740734
84417264
44518224
0
159860304
921545494
717293411
0
0
0
328427227
0
0
0
968737461
4032
518911796
148557937
0
586327990
651128849
9774720
248539628
896894149
0
329481386
654323014
221186814
0
410738676
912411798
1113600
873595868
0
0
39345568
0
0
0
515819941
471158860
0
678117619
673884
230254603
74432972
339718560
0
170095410
667724503
164638060
0
360322348
0
650671838
2422656
610656402
0
0
1424304
0
0
6971712
0
0
0
130931315
93595163
0
716114154
649836175
0
443028868
0
0
0
45455344
0
676959789
0
389775093
785178890
0
675514344
952821560
884477695
0
0
9403680
0
66353349
0
0
64773732
0
0
192
299266010
0
8955312
746208
0
0
327200266
0
456564081
0
0
2624304
10875694
0
443415377
0
249189600
698690656
606802675
0
708075419
0
88387182
0
820514565
0
249448500
352079837
20590592
0
0
894849663
594088816
784807036
0
556654465
0
0
237794304
1434024
0
22079136
3283248
0
0
0
0
381232927
0
0
581789926
883594483
0
174485517
0
826198915
414501425
0
25360190
851004119
591512714
443415377
0
0
94185936
0
21654094
582889221
69775752
0
0
599526835
382025753
0
14175561
0
333529489
423146094
0
0
0
0
338416536
339205896
975193313
384253376
0
486016119
88172252
130944
235439040
578789112
469768709
244931387
943015767
366324309
876530575
866866605
852264105
914507570
0
0
195439602
0
0
0
244931387
0
0
0
0
0
40320
0
0
0
443285353
31838250
0
750800898
0
462571847
22079136
700177208
0
138927328
562431849
0
203380599
0
959629750
743576927
0
5120
253423705
851031640
0
77363461
704933489
0
4701840
45605104
631934135
20036056
557996340
103770024
0
22079136
0
0
136704
0
0
158602489
0
673884
192
24661659
255640390
24785713
0
0
0
0
0
940339442
0
879373638
639441216
76923428
0
0
771960649
639534075
660792
986622170
180751482
220923578
168604688
88387182
0
767048400
0
0
242552945
0
775389632
0
392475711
919015854
888575970
970862394
395016579
90243316
0
0
0
1424304
483417061
202872489
0
0
341675952
134276149
311141724
0
557992213
812546603
0
0
487608505
0
0
0
338543823
10420274
0
171336929
0
0
0
662627730
26208
0
497449131
779154000
0
462571847
497449131
0
73685655
505107040
421581308
488427735
0
152052610
0
0
294951261
101524
84417264
0
400896
140521572
0
0
807552
102681397
431322216
0
6390048
1486240
45455344
0
84417264
4845312
727577690
0
0
650662075
26208
0
0
0
0
0
28529584
0
0
0
0
0
617096151
1002720
6192
680097257
0
403232664
0
0
0
1536
0
0
547062250
210408
921545494
8192
452732111
0
307829048
0
0
746208
0
730561676
0
1714888
548459769
6192
0
249189600
957789882
0
0
940990140
3040
884477695
49936642
0
0
0
463184738
531122570
0
0
13037984
0
640098160
806138355
354512180
398768612
2738720
34154472
648490283
717073
0
45936
0
567627249
0
147236453
0
0
0
0
0
0
0
0
89386912
0
69775752
0
0
101621664
0
0
542309813
870857996
0
77356
0
330175056
0
889996986
218590513
912411798
0
0
0
720975030
734846806
318858637
472850994
68936472
26208
458509276
603928679
0
641055025
231992671
0
690817033
108492240
458509276
0
927424510
25526052
403354228
0
0
865127103
488337211
761867807
0
970156853
409387609
0
26208
479608121
0
173121619
535127344
486909958
65664
0
804508
104675904
829440
0
0
0
73326434
421581308
0
0
215131260
0
0
0
0
0
360101656
80136660
107604
0
333803509
0
0
641870639
258657149
0
286924600
10895148
0
0
60528
814691822
166020896
0
3168960
0
0
666775140
368967339
0
0
0
312051534
0
0
0
587224205
0
536069397
0
318914445
613836040
2864208
0
56072
1424304
942648285
982231652
0
0
261254728
0
0
945035279
0
988382073
965435965
0
26210949
731400291
708372961
0
855199656
0
0
820210810
1424304
0
0
708075419
717899644
0
0
366366060
686073602
0
0
327867192
580480
0
824384830
0
690314026
0
0
0
263485906
0
0
80441356
736909717
0
358812817
0
0
0
0
0
238792
760573826
17192837
740943180
0
0
4447656
0
0
0
45455344
0
192384603
0
0
299812528
231992671
106094395
731771661
9804608
607476065
0
0
0
542309813
54167832
616191159
0
767527312
267522427
0
0
0
642054120
338301494
489267545
527282668
891326759
329420774
0
666506586
1939462
0
0
0
0
72604376
0
68467044
0
454106823
0
855199656
0
0
443028868
0
118409076
131545256
132726708
0
0
21224
327200266
249920816
920966979
0
0
760573826
148459571
3147696
25408
754261572
303537218
0
530436
433091456
299812528
0
757658981
0
526061918
549270146
500195288
2784
914145242
0
0
0
0
252072
0
405685459
633867318
0
433091456
0
0
206703615
0
617096151
0
37232
58075776
0
0
549270146
358740650
0
0
1536
5376
0
0
0
824621918
123641200
0
0
0
735004259
72607544
0
600096859
1440
48575027
0
0
316339924
220440497
0
316411817
20240354
0
708372961
0
0
807552
166020896
0
971966414
527496
0
31189664
0
0
0
42723814
205697856
235062170
947373304
235439040
914507570
25783184
31189664
0
0
192
907215400
951728927
0
0
88172252
0
511316733
0
28282528
233620
457192010
1211328
0
46742108
338301494
259022445
845578214
76358846
974812124
0
0
0
0
0
755651530
9403680
369623301
3840
262692176
476084625
0
29983849
255181478
767487242
255181478
794252600
0
0
921669353
0
0
789301340
414495801
0
40320
926864433
0
952671589
0
748011004
893269379
19541556
44639424
176309860
0
756319679
2643693
202218090
0
0
107008703
0
43998400
689112630
0
150986210
788857469
3168960
878384
129982962
957868580
0
0
0
265195872
0
0
0
905072570
1387920
606802675
203243328
0
899023644
121174328
830270666
0
133397291
425844827
18718269
542327769
129982962
576681957
297250983
0
0
523798616
527347169
6851029
274725126
0
410263084
0
602263082
194714504
465911944
0
126612144
0
327921131
0
0
0
737736137
107604
712991665
0
303537218
203243328
0
28438694
0
0
333858882
0
0
0
0
138120
182906951
233563474
912411798
0
0
0
0
155675150
0
903793170
0
0
882440491
293054091
334177247
0
0
293054091
180675271
0
202468
0
658709435
48657600
0
0
863648
695409058
53897536
0
0
0
378757861
1939462
611321536
189746147
258796181
501149768
927950400
0
788631217
14306488
808143947
125770272
0
0
341164093
736909717
675631139
0
757453332
433091456
0
0
951682047
32025622
56640
340804398
715555932
0
881640
864493674
0
0
885653493
1507396
500854642
0
0
3955512
251928
0
994126848
119723167
0
542580871
0
0
182906951
943015767
476229263
945988693
106094395
480552405
0
534566700
335503030
621490860
724769614
0
887739375
238441952
0
0
6243776
65857505
0
983703185
356663573
91480712
0
654243459
0
160595574
368667360
0
0
0
977148041
183550421
293054091
0
134297461
648780
0
0
964516421
511316733
548459769
0
0
0
1667424
203850141
70145420
148958870
551340389
357399741
0
0
52416
0
1424304
372343966
198347687
527004918
7275184
0
497449131
205482866
3786984
0
527282668
370033044
0
443392
0
0
3840
0
0
0
970716328
0
0
0
967049628
248539628
0
7275184
0
202468
0
222720
0
0
0
685350654
0
0
0
1536
0
0
0
323481302
970423176
14671950
0
0
0
0
251928
105837045
0
850862545
499213883
660074098
170379603
801480488
19539512
0
2223828
0
45638690
0
0
678038063
284608
1029744
0
0
851460
0
360101656
0
0
521361642
758268821
619683181
75625979
0
507131691
0
0
301688
1605643
147002337
0
0
0
748323212
567788048
37232385
0
356671552
5055028
60528
0
102912
0
281561075
0
166020896
44540
0
259707356
774927500
0
0
0
0
151912619
0
0
0
333123456
0
0
369623301
50810832
0
642494457
787168470
708372961
554034893
92505865
371633503
0
0
0
981802863
9235662
27119960
23726960
0
0
0
496377704
0
133499733
0
847875448
354973603
708075419
0
572053502
0
0
0
6390048
25408
409668477
787325970
0
618030213
558543505
880213286
817101273
1845888
974812124
2798632
0
1321584
0
796601156
104653322
0
0
656853228
230406586
0
0
0
8706859
228081004
0
0
963293309
4389832
0
82176
0
443028868
0
757312742
671318432
0
0
531122570
0
679305504
0
0
454883428
272715343
794252600
250451420
0
443285353
33678651
0
0
0
600033681
32063788
0
480344739
216145261
26208
0
19068116
0
106094395
1076
9804608
982231652
740943180
0
0
0
62091376
760573826
1527464
715555932
513160816
0
0
74934310
828262361
0
0
0
0
787288244
0
21654094
959574642
0
0
347512
0
0
804508
567936597
909409202
0
0
0
0
0
537679088
103360860
0
0
0
259647124
0
0
52220172
0
903502020
0
7420080
0
232777091
0
0
0
0
0
0
31898995
0
621490860
864459516
0
2626188
940216746
0
0
914150938
317140272
0
4320
0
0
163763356
0
446432871
0
255908189
490376987
55075134
3518316
0
606400519
0
907731701
745691204
15895144
318060856
248539628
27929836
286924600
755277160
0
338615274
5345472
192877614
167130735
0
384
799611726
836405642
0
943424
37089296
749202543
0
128905849
0
0
0
822326852
192877614
0
1424304
297817484
955099638
133397291
41670394
140173774
8275366
928377572
0
3840
265903666
55075134
1303344
0
0
0
0
3615552
0
944796534
0
596205066
181916293
0
343616450
0
0
0
673884
981802863
33993696
31189664
0
192
0
1536
317337894
0
0
0
622368961
0
0
0
0
154907904
438479002
940990140
540750676
0
2404864
600033681
205487628
0
0
703485196
318000960
0
405853516
828049563
231100
0
0
0
0
0
2059488
299812528
461472
0
9850912
0
51260128
0
211904769
203243328
0
92505865
0
0
0
662402190
0
0
425517570
959310743
483984197
0
0
1002720
0
802834571
321982042
0
139875524
7742808
0
0
0
35196816
39528784
0
445576992
417036263
0
47381387
0
0
0
0
266832173
0
1368584
0
1112800
773278058
303537218
333907243
746208
769187901
689115570
572766174
110328
0
410584741
0
0
0
788492121
0
70260928
565047079
654810793
0
1249656
0
414495801
0
0
0
0
267572065
343297329
708075419
625982372
0
1702848
423469822
18116
770778183
0
296998167
346366885
443285353
0
0
94185936
0
0
509790425
849804031
0
169036558
0
517142810
0
0
273628736
278649744
72927592
202468
276900318
0
919529478
249920816
210889286
0
703082619
181472428
4633040
50810832
113607428
848866544
4035240
0
522736865
0
0
789503069
0
0
0
708372961
1418400
75176712
189893569
855199656
84417264
0
820210810
504122400
0
13255488
0
723456
0
0
736909717
0
0
0
0
0
410263084
428945558
177996927
794021522
0
241612248
82176
0
71400
789301340
0
285544535
0
0
183506170
0
166787091
0
0
0
0
516330762
0
0
336036139
917451555
646656896
358242075
785178890
264273600
961418429
0
0
285799097
7040
0
0
59664112
218590513
210889286
0
328500619
0
20683336
96
0
0
0
0
85850827
0
493904136
0
130199577
0
0
549270146
0
54167832
0
299812528
0
105624337
856766102
43328
0
0
0
375216610
231955930
264273600
590529415
0
0
939880761
625982372
0
0
26423960
322990874
357839111
885865968
0
0
0
0
0
879358874
0
0
0
323707347
428945558
295941193
0
0
323967376
664246621
838853180
0
0
198347687
0
0
0
0
4146912
0
0
0
0
55672
231989265
425307869
0
914145242
9791104
0
220694064
7275184
0
0
0
0
0
2304
0
945448158
0
365437815
0
244932563
0
672364726
0
591512714
391924422
681844062
732885497
0
0
281561075
0
0
713746182
0
381232927
0
210284894
0
893439457
2404864
0
9791104
0
6971712
455738822
432
7486756
0
0
681992256
27431008
758005526
0
11159856
0
998289342
233620
0
485024670
486522465
5952
576138915
0
0
461472
5084960
0
7790928
0
532229718
2059488
0
699001026
0
28438694
271112206
34773432
0
695409058
7520
0
510274905
0
533248785
0
521314366
32025622
132952696
1424304
46267267
298294728
6627744
299266010
26837496
0
12758064
0
0
342637189
0
0
200448
0
0
0
307892166
621490860
0
0
633307725
464871794
573568345
677693593
0
0
127668765
0
177680
691984766
43378824
92792923
0
0
548459769
0
0
178724348
442078934
0
321982042
617084053
0
0
594416000
0
0
140830652
0
648113263
0
0
0
373184304
0
519561941
0
80136660
0
3313872
490376987
0
378757861
285949556
532393792
0
37232
373739418
36265344
79080396
101519675
2864208
972004868
579682348
0
777099512
0
0
57888
0
317368965
0
0
939915575
33984
0
994126848
45328
602206312
0
403471814
0
918416856
953115527
138240
0
0
0
984016080
15040
27552
139275273
0
366324309
0
940893851
0
451530894
0
0
0
887574301
641870639
0
797960567
0
0
37534970
0
0
4224
7040
0
127017645
62984047
244616114
654810793
700201828
0
0
943078122
461472
0
0
0
21224
693768538
22079136
81281586
443285353
780773160
573401724
0
0
0
153276827
974034901
0
270690289
923923667
159860304
0
0
0
0
602495151
481501308
914464774
778859554
0
920966979
0
805705788
557996340
0
0
0
0
604034339
409668477
0
25634687
0
16192
887910001
0
443285353
103020050
54167832
0
0
939915575
0
218590513
0
0
368667202
930292392
218590513
113104023
0
0
55381744
163691624
10224
0
200100111
0
0
879358874
0
0
0
46748928
205487628
745944
224755387
592313079
357399741
940990140
0
880246631
658709435
443392
0
246673158
837792
983060842
0
90704136
0
384466441
508024
6996752
0
0
6390048
0
0
403354228
0
0
248539628
339718560
0
0
20208
77363461
2136456
671685368
137310150
59731962
587224205
194714504
790961540
0
0
0
0
567936597
312559343
876166115
0
927467725
871122021
833542452
979608
0
0
0
0
168202988
0
94185936
621490860
811525044
443545236
16727264
0
0
0
898078907
15360
0
761867807
0
0
977740734
0
19068116
0
258250172
111328824
467766753
0
0
62984047
0
2464
180675271
136704
300705696
3801688
64609321
0
638305805
662402190
480344739
262550809
820210810
0
76514066
54167832
10004544
264037191
323481302
84417264
205487628
0
1845888
0
0
0
935643291
921657182
321921731
621490860
0
530442961
168604688
262816
0
656496
32025622
225954793
0
4633040
0
1793940
711967560
0
801792
0
0
537166439
322928961
0
25718506
295709120
826667521
0
0
741892593
431158292
0
372343966
919448359
0
0
0
951682047
0
14904
0
715555932
113615384
7275184
72610712
0
788954974
0
0
334177247
0
0
121174328
0
0
480552405
0
659886008
61702446
0
0
1628568
0
0
853381390
250451420
180874205
307829048
359687725
0
299812528
55825944
0
101621664
799611726
922944
280473214
812156030
281256671
0
0
0
0
0
761006825
833551314
0
837669628
140883160
381451998
927043326
602263082
0
592655152
0
557996340
0
0
616317408
0
0
0
163763356
936008696
973343951
922255005
879086641
0
0
947756688
85074991
0
165802507
0
0
0
830281630
129982962
0
546515080
403776
60091552
0
50810832
880202332
0
748323212
880476373
678117619
785137847
3615552
0
0
0
173121619
511937328
0
0
205487628
800796
0
68467044
0
420816
691945733
167741733
476123941
644916357
265597558
0
0
982441876
0
26641656
3040
0
418896
203850141
952821560
770778183
125770272
7486756
0
0
891326759
688854189
0
395016579
0
56640
3256200
0
2880
27431008
0
826198915
824128326
55075134
0
0
511316733
971951055
0
493035264
0
0
488450682
829152483
929462780
842399886
0
522736865
50832
511039476
265460512
572766174
582972154
443285353
870976057
7520
0
748011004
568368
582889221
0
799937137
546515080
0
34773432
220923578
889656902
0
0
0
221186814
465538148
429007240
911853684
636627374
89301600
0
43328
677693593
64773732
351642985
0
0
685890024
0
990789675
576238704
33993696
0
0
5252376
0
785178890
0
38400
0
549270146
0
0
0
26210949
368967339
0
11408550
487137824
957868580
253288
909491120
1663696
836779241
761006825
0
0
121634533
592655152
721689115
0
63430561
7231104
0
11159856
7486756
0
0
419082286
0
0
220694064
0
573520411
0
807552
862608871
327867192
374415609
403232664
0
26103460
4920768
0
761006825
0
974812124
658673003
987264
0
8540894
0
887574301
0
0
962012017
607624728
0
0
0
697067962
448146037
0
238949548
0
75783685
0
459308507
471633398
669256507
453445849
0
0
0
0
29729289
336092211
262157573
0
915546742
0
724769614
0
960
7520
0
2868048
161442039
101091073
7520
855199656
0
0
0
0
378757861
0
0
0
62984047
0
0
0
0
743576927
436738736
0
780856837
886997548
176309860
0
0
2784
0
0
578689657
21654094
0
0
0
0
745691204
703676655
0
0
692779779
761006825
116776
0
688854189
536796195
0
154623871
0
707136
193114464
835725672
934505108
207961287
0
811342711
0
676517755
0
528198038
0
402738670
0
0
0
147236453
3313872
0
539076883
0
707136
0
568
663351257
278267408
19346676
269368411
50088146
708075419
0
54167832
45328
212768200
230173248
739450
543084845
785137847
0
350468456
610927255
0
25408
0
707481700
472492718
327867192
223913488
523518618
0
0
0
0
0
0
0
0
105335568
0
0
0
188255922
0
0
0
0
0
19068116
0
511048527
4128
0
907731701
394197831
297250983
0
0
445440
0
0
231989265
560217422
140893056
385063911
0
0
0
0
264273600
0
0
82702036
861591800
390873709
0
372915475
0
0
935513259
0
350531724
0
0
0
0
505234459
0
303188944
814627696
569613313
0
489984
262816
0
0
5824
420816
0
0
6474320
966509850
69241656
0
0
33479568
0
3519464
862053149
5002272
0
0
0
0
629939270
0
0
0
3840
938392703
0
0
0
273628736
783840722
655770054
0
40732014
0
183016563
165425288
160139571
0
0
0
0
218590513
615829781
979968
140951336
671079468
62984047
785178890
707481700
0
488450682
0
932770088
0
378831006
879358874
0
0
0
11759968
6192
0
1628568
805474405
17734980
536069397
725217769
0
199162303
338416536
0
579711960
71348404
0
286924600
43135184
399312
0
112574448
576681957
717395460
0
0
471158860
414720
0
0
0
451580585
557996340
0
346091159
0
0
167741733
0
875226177
0
0
13934224
0
0
0
220923578
476084625
907731701
562431849
52416
390271281
0
760573826
163291344
152432496
631934135
0
428278816
893491815
38400
88720960
403471814
6627744
583799005
7520
590529415
0
12948640
0
579711960
0
0
44390590
837792
334592
0
693768538
4362624
168604688
482395064
0
0
2467440
461271868
0
253288
3738448
0
957473720
994334939
59736
0
424696
561974330
0
0
0
38175432
25408
0
954833717
13087872
715555932
0
0
0
0
130011748
459772754
783750804
0
5995312
0
1424304
593009328
77356
0
0
226230993
0
202468
0
837792
172451578
0
0
898078907
205487628
0
317560349
0
0
934505108
7130880
0
623576286
129982962
894761457
216940710
0
246431047
254680224
0
0
230406586
18718269
0
0
177175184
393304379
64701648
0
423149584
403354228
66627624
697067962
45605104
0
50810832
0
368676889
64701648
757312742
541697084
820210810
0
0
0
0
0
805806720
0
870755785
0
2586624
1424304
509790425
0
242552945
526194642
473018496
0
0
0
0
358812817
351849200
0
1103544
167741733
776207045
583874465
139875524
0
0
0
262140639
838853180
114932059
0
835003612
0
0
837792
50810832
0
954477340
0
156842012
0
0
2464
648780
0
24661659
0
0
0
35209176
0
45936
0
286924600
13255488
0
306541850
58075776
471158860
0
312559343
0
656192666
596205066
0
108492240
14332836
482237161
160139571
520836057
0
256996816
783501278
11982180
677693593
665003035
0
801980358
372343966
0
0
0
0
2809124
389849428
4633040
0
0
578861159
0
594515025
286924600
911853684
746208
640250512
155517621
7171786
567936597
0
433091456
0
0
480344739
18736848
792039900
323967376
91461008
473405975
462459481
17192837
0
210889286
480552405
0
700177208
0
0
0
717899644
569613313
0
0
0
838853180
0
0
0
533485480
1310688
0
891120945
202872489
950381424
254429188
0
16302632
385532543
0
700201828
481672229
0
14671950
0
4447656
0
0
271112206
0
59731962
0
574368956
0
0
146129736
520432782
286924600
464871794
649836175
0
1507396
0
15239720
910700487
627743213
28765579
0
597134745
0
0
0
600136830
0
835743446
0
594416000
76290288
706748932
0
169036558
896894149
1424304
3973312
0
0
1368584
652364
0
317368965
603928679
546515080
0
133456756
0
0
0
5002272
0
0
0
0
0
642054120
0
0
14671950
0
0
0
909409202
0
0
173987221
0
0
2660720
557328045
686073602
213705845
0
662627730
0
971951055
0
0
592655152
726587139
931852830
0
198074277
0
102530775
101524
932770088
0
1939462
829440
0
238949548
167045867
348013805
469649089
0
0
151927937
0
547330274
0
200448
0
0
0
770778183
0
0
50810832
17072832
0
0
0
0
393304379
198347687
73326434
571354327
794925575
885525915
0
855199656
940216746
0
0
590679407
0
0
372343966
0
845445160
189719169
0
923721481
381232927
275046578
0
0
290150803
0
0
481501308
0
651128849
887574301
1017336
0
60026231
907136602
318914445
0
866651697
699677904
532229718
1368584
96764379
0
2592
256251516
62984047
686073602
334413721
678117619
712991665
0
708075419
0
303639452
0
0
530442961
0
44026068
261254728
0
307829048
700201828
0
158721141
837792
797503464
0
0
138240
0
876166115
0
0
0
0
757614879
0
375216610
0
0
3895464
0
0
568977622
693768538
57888
66216792
72604376
443285353
1424304
111031269
0
575896662
617096151
50088146
55075134
2784
0
0
0
46267267
0
0
0
0
996440125
0
0
0
0
0
0
521314366
265460512
475616490
0
0
170379603
969007891
92178252
483984197
682100585
260818621
0
991287349
0
264273600
828583401
0
0
748011004
0
610735488
0
0
582972154
17076275
1424304
104832
0
277440962
0
321352135
656429853
0
24003941
957868580
0
26210949
238792
880246631
645226134
0
994334939
0
600136830
0
794021522
0
882181457
596750953
432000
84266887
50810832
685890024
0
0
25408
903928341
0
218590513
703485196
943641440
509448907
0
0
0
0
338980491
0
3672768
73685655
0
23999424
0
0
230187033
0
443285353
87185728
290150803
0
0
0
0
317337894
0
542327769
28036416
0
936807982
0
556880290
0
79357852
36573032
0
299812528
983060842
893741038
1018344
561974330
489365220
0
2223828
3147696
5962464
14316688
0
473689571
0
0
0
158180641
967650734
0
699677904
0
383391932
0
14671950
432154712
0
0
0
0
0
519561941
0
0
688854189
0
67730948
0
432823142
0
136704
0
0
338080
648780
885865968
338995147
0
193612485
0
920966979
0
4543530
418981279
62310714
168604688
0
37089296
356663573
0
0
0
801792
0
0
905072570
458011225
875012694
0
0
366324309
95997696
35442544
0
707473783
37790952
0
0
408292
0
526194642
0
215208
129933600
708075419
0
942927949
123938865
658315938
724863193
90109172
125770272
0
601492084
290984411
589915029
72448249
200032261
524607583
28438694
673332288
754160229
0
1735344
546288139
461472
901784912
0
38400
82631606
372343966
36234436
0
0
381005896
6888688
0
0
121680
0
137114532
0
0
303537218
515819941
921669353
393729262
977141468
0
527004918
0
945988693
770778183
530442961
20208
223913488
0
233563474
0
3840
0
0
0
0
2868048
870751897
50810832
29940187
46217550
581553130
931805679
884597392
640098160
5456808
886997548
874156684
464313626
0
88156607
0
104653322
0
71998272
0
647290215
574085223
0
0
0
626499386
0
0
444587089
0
0
453555314
0
0
0
788284091
649602022
720414567
0
0
943015767
928382567
0
0
88387182
2784
464871794
1310688
285949556
0
667724503
3518316
635885205
19704
297316784
25526052
286924600
0
818827739
982441876
0
0
0
962774863
393426849
579711960
327867192
0
0
792055703
0
1002720
31212432
0
66196844
0
559872483
0
38175432
499522748
347512
0
3256200
0
197464032
84266887
497449131
0
350243776
0
0
262157573
392526892
1987488
0
250451420
577273411
683737059
0
0
0
0
46748928
369255967
83678832
0
723869651
0
0
442440886
358812817
329143057
704477343
371633503
0
464411213
10740880
375071737
688345747
292778751
0
0
0
863291691
0
617879876
176309860
0
63389667
0
0
44911478
5504320
0
0
754261572
26006973
189893569
77363461
0
0
905072570
499314048
597798656
549270146
335611664
306371881
0
0
527282668
267108686
760166474
349740801
312874337
274725126
169838462
462459481
928161320
0
0
870751897
957991041
0
29729289
0
0
0
0
0
0
0
101621664
0
850756905
0
862276528
98526170
987927800
0
37232385
225792
0
0
0
696046286
192
0
535417406
0
0
0
27552
0
0
960
96
33004768
0
337602416
0
532407929
203243328
865827563
0
383018992
0
13255488
50810832
811525044
7790928
0
0
488337211
527004918
0
210284894
116992
15239720
0
530457477
0
8208432
949032000
0
32025622
0
53575768
146186088
0
0
0
0
496167484
0
586823826
92178252
767527312
310914384
582972154
561503731
811768309
0
130787036
1663696
0
0
0
0
615365649
0
0
0
328500619
23136
741591456
0
0
327867192
0
903895705
0
344092198
0
0
18624
0
0
844443615
870976057
163763356
959574642
861591800
0
0
116776
0
0
105751351
220440497
344257598
0
482395064
0
3672768
837792
0
762340891
1836384
0
658673003
0
0
881525478
754861243
547330274
238949548
931852830
149160596
0
748011004
140304501
193295018
0
0
580044397
493035264
262157573
289891068
327867192
0
505234459
698690656
369703008
0
0
358812817
497449131
95760912
72604376
0
0
0
978567749
312183014
303537218
7154056
0
0
0
0
0
0
804484291
777732569
760736377
0
17248128
424256447
617096151
758268821
0
798355643
2204
0
567788048
213132645
0
0
757453332
96764379
646851717
0
405028310
0
63798496
924400067
193295018
0
0
73685655
748011004
0
50339411
2807816
288871641
755277160
873711463
885865968
104832
200448
0
736997648
563000903
45605104
2688
616914207
825101268
0
4032504
333110549
0
988281394
0
174628457
629939270
0
54167832
0
963603666
0
0
197464032
44540
0
384
688245686
384
0
429770027
915006563
0
112896
0
420586414
384164662
74432972
0
753582883
0
0
624191381
3840
0
474447408
480344739
899023644
0
0
704298410
2784
0
203243328
0
0
0
0
1507396
124283025
167745363
3147696
706748932
0
0
0
576231656
344257598
0
3020696
708075419
0
50810832
0
0
68427758
0
320768616
403475861
0
0
0
709541235
0
0
907414703
471792215
826198915
581001342
1424304
1525248
418896
0
22713504
0
957868580
0
0
44390590
0
885865968
0
580639021
783840722
0
627743213
391924422
9151488
8955312
384164662
957172829
0
195439602
368967339
755179224
582972154
251234216
899026660
44639424
140893056
893517200
104832
0
708372961
17734980
32986976
0
981302723
371490864
0
0
0
5456808
112896
2864208
85074991
265460512
0
0
0
74432972
7520
0
786670877
0
505296
0
0
905018581
0
0
830850755
915480567
134297461
0
597798656
0
454610921
541079410
0
0
0
0
342406895
738870882
4389832
508595025
7887104
0
302791028
0
130011748
0
0
0
114932059
303639452
84085832
481672229
0
570794886
0
901250982
508595025
0
0
622368961
776207045
902897886
0
0
295241792
0
837792
0
0
0
427225222
957376181
0
818827739
950194628
621490860
181472428
0
716684969
0
18118176
577084617
0
780791841
0
390343544
155517621
429205824
25668216
947076606
0
0
444932305
0
0
289294682
0
0
0
0
235439040
0
35209176
475865642
311141724
0
0
34790712
404161382
0
55280221
602924983
0
637518307
689034861
0
0
934720808
837792
338543823
218590513
4447656
0
757658981
622368961
502338745
0
0
647290215
203243328
0
0
800278939
762876307
0
443285353
531122570
0
0
0
213132645
304317264
0
0
406793466
0
600096859
0
0
0
0
73326434
641055025
0
542580871
0
129982962
0
334592
312183014
0
0
0
0
10261234
0
0
291010600
215208
0
0
0
880246631
0
0
28763137
0
0
0
219895374
131545256
313448477
410584741
563378305
986622170
200100111
7693467
341164093
0
0
0
0
877088558
0
45605104
160752
0
0
69775752
842405893
639705050
0
0
255181478
0
0
0
707283234
0
4608
0
0
3168960
0
453555314
4543530
0
0
0
448146037
0
74934310
419761172
260083891
0
288105268
147475512
0
0
735688533
0
7040
26006973
0
0
26103460
64080
767487242
0
135131890
0
0
212768200
443146787
251008820
0
0
2950445
0
0
879265429
0
0
138927328
849168787
885865968
151777235
514766215
313692556
0
0
0
0
0
0
234200136
830850755
0
351606866
702957858
2864208
565207895
435031581
0
0
131995880
0
0
236548233
4096
923438943
0
947609246
0
0
317560349
0
161159377
0
971966414
281470828
390050340
0
0
0
0
0
393426849
0
214351189
344257598
934720808
261254728
17248128
35143289
511316733
0
695963161
668631740
708372961
905018581
39345568
0
0
339297170
192
0
0
215208
596205066
658621957
837254366
431158292
181261506
1845888
532229718
55010688
44890639
103360860
0
337761380
96
0
0
0
0
89301600
491203791
787325970
736997648
606802675
394400939
7759872
334080
0
974812124
0
581949972
3518316
735263223
138060386
214403406
111833760
318792268
0
0
0
0
5952
0
374415609
372915475
432823142
57850881
830803126
632995435
248539628
0
0
0
64773732
0
0
78698580
0
0
881075774
2809124
287581808
0
393599685
44026068
0
465891425
0
0
0
20590592
372343966
528564
347277340
163763356
0
0
0
177175184
9907776
0
753667299
0
0
0
583555505
503400362
69775752
220923578
16036416
0
203658467
955715584
596890484
333803509
0
239750164
18116
71998272
946841621
0
0
0
0
384466441
0
377938946
606526724
0
12384
344513958
3264
0
0
561503731
427646786
0
393672096
0
0
370283113
0
851460
0
771461607
495596929
0
346366885
0
498697654
0
768
0
7275184
2688
66596208
0
0
523360412
454883428
0
0
524607583
0
0
106094395
388746628
1026000
3519464
68672313
934628721
0
672816261
658723659
16968456
480556736
0
299812528
505234459
0
894849663
0
650662075
557328869
110904394
1048576
2059488
737670245
890246642
761014409
3615552
315576286
576238704
0
32986976
114641479
0
129982962
197464032
0
0
0
0
0
0
0
0
0
130011748
415000171
84266887
498792510
18837960
929586645
1249656
863648
913347806
734481001
0
466400
627743213
0
957991041
0
290735014
65664
0
2942752
1010592
0
0
0
785178890
0
183016563
0
0
542580871
0
0
322210910
668631740
789301340
461472
323277821
879358874
0
0
52220172
434725309
0
41187252
75176712
0
0
0
0
0
0
315576286
0
0
0
0
55881335
961289694
0
0
576387440
3955512
403354228
0
0
537074488
0
3363044
958969842
2404864
0
939412399
74122486
0
0
403354228
0
0
0
0
0
0
268209801
0
730410249
0
378757861
470314501
954333945
5053880
137872841
0
2626188
736909717
333123456
172763678
689112630
0
0
0
0
21908882
0
837792
419761172
504342056
0
152645301
204448392
242358431
60528
930312181
0
0
0
692030860
0
742759800
385808876
0
0
413939556
0
550080720
758241597
58465013
783840722
0
327312479
648804202
0
0
153445584
0
0
633296028
15895144
931805679
0
0
0
905877599
0
0
0
981802863
244931387
0
14306488
76358846
11385024
658709435
0
0
183016563
0
0
0
307829048
336092211
41187252
930292392
756319679
290730601
528230185
0
288105268
0
826198915
291649801
0
129982962
0
0
0
468522731
198347687
501645985
370283113
0
378831006
0
249920816
547330274
255181478
124949569
0
0
0
547167420
88800318
0
880246631
0
0
668631740
315576286
0
14671950
4224
339551738
0
76255815
807029163
542580871
0
198074277
367199422
0
0
0
487572057
552402800
0
0
36234436
0
0
0
96
323481302
0
442833390
0
18560557
5200160
0
0
682708418
156011913
365437815
403232664
180274330
375216610
5902920
464411213
0
0
0
0
547504608
0
928712707
579711960
716513128
0
0
262692176
0
122958231
966509850
76236934
0
0
0
0
0
255996452
924196104
0
1175696
717378057
22163179
0
824429763
0
682100585
0
641465638
656192666
2624
432
440059794
0
0
915576827
60528
295941193
0
384164662
0
307829048
0
0
0
0
0
114781551
658723659
0
523360412
0
0
82287056
899023644
517142810
950165939
0
0
932843319
4543530
104653322
879358874
0
645017110
11007036
0
443415377
629734370
67232
0
126195783
81574033
603928679
0
3518316
0
25408
0
0
27974700
166020896
324968168
77356
544847084
271079120
522152292
0
944806647
0
975332428
294068425
923923667
406793466
731447132
0
954340681
789503069
235160401
0
181261506
15360
0
95997696
113607428
0
17076275
614479477
25408
16092672
849804031
0
0
0
0
680646895
281256671
807750556
0
78624
0
0
406793466
36250309
753358783
72448249
716684969
995160996
0
111012688
675631139
301688
829440
807552
0
19230394
621490860
0
0
530273151
0
718168338
612849050
0
0
0
0
0
0
379809376
299473297
40732014
0
735263223
0
0
783190484
0
0
969033016
0
0
650813548
21957496
299812528
0
443455296
866651697
1536
480107586
160568657
0
28438694
1192
352693012
617379012
845578214
192333824
0
708075419
343297329
782721691
5661296
0
2583856
0
0
0
0
0
230187033
833088875
0
744337867
155904
0
561974330
26210949
955715584
1572552
0
192333824
0
0
1211328
306541850
0
0
471158860
0
147965377
869022736
0
0
3518316
702660503
0
472850994
0
507131691
41187252
690948
831492553
0
0
555499281
0
786920816
726760550
8196144
31805643
242552945
0
0
174628457
0
970423176
476544196
0
746914922
556421867
0
0
0
96686974
0
453437363
201573312
891120945
0
3313872
362240449
0
0
0
855199656
378831006
906682186
879358874
0
0
0
0
0
0
0
6388992
443285353
0
0
40359134
0
166787091
831492553
654400886
0
0
0
0
0
424372320
548630826
0
485692703
2798632
0
1662656
267108686
317368965
3072
0
165425288
9850912
46748928
0
844443615
193757536
670580508
600975369
872977756
0
405517096
358504324
134297461
0
676959789
189696657
999032036
783840722
0
0
403354228
72604376
693768538
0
765249120
119829772
272976638
0
3738448
0
384466441
0
977740734
0
299812528
167296
0
0
0
0
0
698255623
0
854347278
0
686073602
577084617
0
0
755179224
2136456
0
488049945
0
207961287
490657184
0
0
107604
875226177
667049358
0
416684772
0
256770411
186647668
0
648000
210753034
0
0
0
0
0
0
0
0
519414456
105624337
0
12109504
0
0
0
160139571
263508607
832939262
980899058
0
0
3020696
0
132726708
497449131
1321584
32025622
879358874
0
0
600136830
0
0
890624555
0
0
652364
597212803
469452869
14306488
369124389
0
194714504
403156591
27392
0
839127318
0
762876307
3521192
393426849
0
7790928
0
849305754
0
0
378757861
957991041
0
215208
0
75176712
0
774129804
419761172
0
0
29555725
0
0
702660503
0
431220354
0
299812528
93286685
931852830
0
0
977711107
32025622
0
174629623
504488544
420879813
823073446
98759232
820514565
52416
3072
0
0
2809124
0
21224
0
264273600
580593487
8256
682100585
18924336
13983901
626499386
0
787288244
706704654
0
86820264
0
0
490842928
8064
0
672816261
8196144
490842928
0
202225800
480344739
0
564856471
50810832
0
0
0
121634533
64920
895308795
7486756
169036558
0
133456756
0
0
506323570
0
805710101
600096859
7520
1920
221209015
0
0
14904
50810832
63430561
600096859
0
0
0
158721141
299812528
497449131
0
0
372343966
923063172
87185728
0
996440125
668064
0
0
0
0
0
0
572766174
291578079
0
741892593
0
0
52064
0
0
488609442
244616114
125770272
0
472492718
0
159860304
182922397
0
757453332
1029744
0
255696304
16992
0
82832040
0
0
603928679
855214135
921545494
0
5952
172451578
291812729
0
381005896
0
12217764
0
10659032
610927255
881572242
0
168604688
393729262
317368965
1480896
152432496
0
1321584
982231652
0
115200
288
0
520432782
0
0
0
0
14175561
215208
0
511316733
159860304
13255488
235580
690831318
0
817456887
293007625
338980491
0
37790952
34790712
0
823073446
0
448495457
0
708372961
192225958
0
0
0
162781140
104832
0
75625979
50810832
837792
443285353
0
313281806
0
199162303
0
798350602
0
0
631419242
698690656
0
0
2624304
880246631
59466592
0
420816
0
0
809507209
0
588510463
837792
0
600033681
0
0
658709435
0
666506586
0
0
607476065
0
0
328427227
0
0
9023616
316006704
457988695
0
0
549639401
0
891120945
186647668
0
130983481
0
151927937
0
577194504
0
11159856
12758064
588986486
121680
0
0
734347643
0
0
200448
0
303188944
0
37232385
0
488337211
837792
297250983
60521972
568368
0
0
861591800
100694133
716513128
0
24147148
306056
798355643
5456808
460802592
0
532393792
175956672
0
693635152
0
0
16648
0
410584741
185298653
551340389
0
81561899
50832
320297877
7693467
0
0
0
0
14391036
0
0
0
779154000
0
808143947
572239164
417036263
43328
11408550
0
421891347
740943180
929462780
0
656942344
215068462
0
0
0
0
90109172
0
0
15895144
0
479427632
299812528
0
961641816
811342711
109732963
735432593
290953263
0
295241792
733699789
203243328
488450682
220923578
147217713
1920
797815108
197645876
0
444932305
0
69775752
0
788284091
27263584
644156670
615376220
0
7231104
892435672
0
0
647619893
0
329383167
532393792
0
481501308
193612485
795007906
905877599
29685104
200100111
0
0
0
0
107604
0
871058098
235439040
0
144053201
163987964
0
215208
0
891120945
0
85074991
0
0
421581308
0
0
0
134297461
70693097
590859988
0
1277056
692779779
0
0
455566537
107894795
0
0
950225696
0
740376723
542580871
115776
168604688
613836040
0
2624304
0
0
0
0
164146874
111031269
5929328
0
85944
799822690
0
0
31212432
652768876
876237870
0
27696744
0
218590513
210753034
0
0
6889596
0
0
74122486
4032504
0
13427088
0
70062054
0
16128
0
0
0
287849649
0
145007764
0
13087872
617084053
3840
459308507
0
809365629
410263084
0
870751897
403354228
261537213
0
0
0
0
121634533
0
274725126
409558716
309482482
0
834672718
95997696
31335230
0
50339411
542327769
203243328
871058681
836779241
6627744
555524136
0
0
0
26837496
0
8955312
43328
23999424
421133421
0
0
0
129982962
0
36955838
983060842
542327769
105187824
0
334953509
3040
0
0
0
878931339
355934753
0
0
2626188
0
932788784
717073
381451998
0
0
0
0
667753482
0
410263084
0
879358874
0
979968
3521192
0
351642985
631171384
676064676
2864208
101519675
248890527
756319679
0
0
809507209
465538148
0
0
640
0
166206129
405685459
0
3626368
770197144
651437837
339948872
0
8192
769187901
0
0
0
378919785
0
581604544
6627264
0
621490860
870755785
958730797
0
0
568
5252376
0
640098160
748410320
0
0
957868580
0
0
7520
0
0
0
0
0
0
261247936
3626368
7154056
0
0
0
312183014
0
0
39230332
0
0
2838080
315576286
0
55672
383667205
0
7486756
557333871
0
718336
0
991298169
77356
1424304
0
870204155
0
0
0
779645867
0
896035539
0
616914207
0
103360860
138996528
0
4032504
0
927424510
267726295
0
261650098
0
656429853
0
0
300705696
347512
450528680
13255488
0
0
0
292778751
0
0
299886683
271112206
356934460
0
0
0
874156684
2784
987262737
0
0
0
0
479580912
37534970
822326852
0
0
1017336
735663813
76358846
0
414720
905877599
709704643
403232664
446316
958637091
547062250
0
57709511
169789721
0
943641440
605664
530442961
0
9791104
694268980
0
274725126
0
0
0
0
0
13255488
959629750
462235968
861591800
0
167745363
969033016
0
0
33772589
203243328
987777739
187326321
0
44639424
0
106094395
15360
227751796
937868141
0
7742808
151076064
766205076
800278939
0
0
219015377
10963424
0
0
444133233
2942752
622368961
0
665111639
0
618030213
0
0
599193519
0
200448
0
299812528
0
148958870
78698580
302791028
1667424
0
42240
0
28438694
425517570
0
0
820066129
0
0
154828744
0
123938865
543981495
0
385063911
70514993
1572552
0
874126415
2404864
8046336
737670245
294068425
96
746208
0
0
0
0
872705568
281561075
0
2784
737504180
0
515819941
0
0
0
0
0
505234459
0
3518316
731978496
0
222720
881525478
822326852
2624
102912
0
262157573
0
98779487
546144
883594483
542580871
72607544
328427227
192997702
223913488
770778183
542580871
511039476
528230185
0
592799303
32025622
984240
3895464
1658880
0
134173010
72604376
0
0
1277056
0
317337894
0
919529478
0
0
2422656
0
39528784
973343951
796601156
327200266
80441356
368667202
0
239241860
505234459
0
0
614943553
333858882
0
0
0
0
0
463758104
0
0
0
0
909409202
0
389775093
0
372915475
9941616
0
313678199
424256447
0
0
0
0
0
0
457988695
443285353
151076064
0
895308795
805861451
0
390242311
18413592
89969246
0
0
0
494427130
1089144
325976382
95997696
498792510
0
0
826198915
573401724
0
684044749
0
0
50088146
200100111
518911796
421581308
0
0
861591800
1657840
602206312
32025622
835725672
0
38988368
0
134297461
862269917
443392
0
728644180
0
912010479
0
498792510
15648199
724769614
0
845708629
594416000
0
0
419761172
0
0
403232664
19068116
953115527
0
69164512
746914922
0
42723814
0
983060842
0
0
943424
567936597
0
0
915723441
0
360828559
0
675514344
163291344
0
18756328
897353094
0
621490860
0
974812124
183550421
587411384
72037491
2422656
203243328
774927500
637289287
0
219015377
0
0
761880904
0
203658467
0
96764379
528564
0
0
16395336
0
0
509631513
0
16893424
563378305
561503731
0
196867441
0
0
876681927
523798616
416684772
285799097
0
753270175
901850681
0
0
798350602
3738448
2129664
0
18718269
650662075
0
155517621
0
589560948
0
7742808
0
0
0
0
875012694
139763510
605281531
0
0
836779241
0
381797255
469649089
0
694268980
557996340
0
10740880
20590592
0
0
4032504
0
0
639902164
0
0
437853117
180675271
408292
895308795
0
136704
973214374
28438694
65823240
2864208
231955930
800265205
0
764971774
179091479
9850912
0
0
0
39528784
0
52375139
0
708372961
327312479
0
138927328
633296028
480470591
0
0
0
37232385
36936053
984424003
0
812546603
0
0
266832173
0
0
720975030
0
374415609
831492553
335611664
958247405
487572057
0
511316733
0
0
536069397
334080
757224
1424304
23999424
704298410
3519464
193295018
0
658709435
0
40006999
0
689034861
176309860
0
0
469749945
2467440
35569231
0
27258304
963603666
251928
87375672
0
788954974
380738483
134276149
2868048
0
677693593
101519675
699600
0
0
69234168
0
3168960
0
183121246
0
0
223913488
0
0
159860304
915480567
991064036
4920768
19539512
707137361
0
443028868
73326434
0
732279048
0
830803126
0
0
443285353
0
810235674
0
539076883
338543823
0
0
0
666428849
0
195439602
166292332
0
291546022
775650081
876530575
340804398
251120
496419223
0
755322340
0
497449131
246289779
967049628
0
0
0
878931339
854577855
59736
1432104
0
574786361
0
0
0
475865642
0
251700657
0
0
928712707
0
12384
0
0
879358874
0
388526168
0
505413236
0
0
0
3955512
571879011
0
22319712
0
746208
2583856
26210949
758268821
0
556880290
0
104034592
462571847
0
333487324
0
19547725
717378057
0
904164833
0
855199656
907215400
377028411
0
381797255
521171921
0
0
403471814
950225696
688865505
121634533
788387795
623576286
0
0
462235968
0
0
21397291
74934310
64636176
0
311141724
600033681
0
0
0
0
826198915
0
0
0
588302620
0
788499239
0
602924983
919448359
867030457
267022160
342417331
5252376
0
0
169838462
816001743
0
0
0
33678651
0
0
540750676
0
0
915546742
0
0
303537218
420816
0
0
23615184
152510677
55010688
660074098
103383512
192877614
7207880
0
740845728
29524608
0
380468509
211904769
0
0
0
36410144
2228928
0
177862738
0
0
302791028
979968
439845133
522365748
979968
299812528
40732014
0
0
267572065
0
0
772270744
0
0
0
590675583
297250983
0
694228725
0
0
287449857
348130096
0
4827608
609329185
448146037
297268612
201490523
0
849804031
107894795
879358874
0
0
874156684
395016579
94185936
481501308
3979008
400896
1103544
342685565
637289287
927467725
0
699600
0
0
907136602
0
233620
658621957
0
152432496
0
400245797
0
39528784
0
432154712
0
849804031
938345097
0
0
0
928106934
456564081
96686974
0
0
104832
174315568
272715343
0
0
103562016
591512714
0
0
0
0
413085967
778859554
0
557996340
0
0
0
0
0
94364
0
0
0
24573456
983634095
0
0
557992213
553511639
150986210
774927500
135313596
885653493
0
2717632
0
0
94652244
0
0
0
69775752
189401085
125770272
485692703
66627624
0
358812817
0
536796195
772270744
0
77918849
583555505
650117401
0
0
4320
0
0
0
0
0
577084617
0
594416000
256996816
915546742
0
0
0
0
0
0
922988240
218590513
0
719806113
435414573
664432882
0
143930252
617096151
176309860
0
403471814
864908805
0
756620478
326944644
504488544
0
0
173121619
642374797
954782443
0
0
615376220
400245797
0
56656176
0
0
826667521
767487242
34016
0
0
108682008
616615622
0
347277340
0
3518316
152036748
22713504
103360860
21957496
0
738804954
617084053
50033544
0
903502020
418896
0
0
176309860
381005896
0
870976057
489365220
836779241
882396156
0
0
921454564
55010688
980899058
573401724
719077577
0
327867192
0
0
0
0
0
0
0
0
0
614479477
297250983
736909717
1662656
0
432154712
799339790
0
792039900
347512
2624304
418896
994126848
0
0
0
0
0
0
0
640098160
567936597
0
0
496863740
0
0
0
0
0
568239320
898315624
2738704
0
42240
0
0
0
169789721
0
0
748011004
536069397
8706859
0
0
13129248
98759232
418089048
0
0
0
989983415
990467333
0
77356
265460512
0
89928072
648780
0
0
686101628
45638690
879373638
0
5952
0
947731096
735688533
1572552
147292065
0
123641200
855199656
799339790
0
1227424
0
0
0
36955838
522736865
0
740943180
0
0
521314366
0
0
0
0
34436660
621244852
0
930935528
231989265
830803126
56809627
0
107604
0
0
131545256
210408
0
1845888
556189019
37790952
758241597
0
600244065
0
283774699
0
0
0
0
0
286924600
0
0
2583856
0
0
0
0
13161334
0
556880290
0
421581308
0
0
0
0
0
0
0
0
1526796
511548483
639441216
46748928
0
0
0
830803126
0
0
293349838
0
0
0
1076
3633984
50088146
0
326397993
0
532393792
265693440
443285353
0
4320
699140528
211824
0
0
443392
591686743
0
238722757
0
0
50810832
229137395
934505108
0
0
0
0
0
0
771960649
0
121680
142007248
0
274568091
880749576
312559343
0
67591576
28912
519683858
856634199
287449857
0
0
111328824
0
0
0
64773732
1048576
0
156842012
678038063
656429853
0
0
523798616
0
27929836
0
922732717
898043738
0
530457477
973343951
0
712991665
0
159265183
667724503
0
349427557
460917846
393599685
0
420816
0
0
338080
542580871
193757536
957257284
863291691
865127103
591512714
141573324
10261234
0
202468
730410249
646656896
303639452
0
0
85944
0
101524
50810832
32986976
274568091
0
367181486
0
81201102
2223828
0
0
1089144
0
101519675
0
0
0
0
287581808
497449131
0
0
526074871
132698469
533485480
677693593
221186814
23729380
0
98526170
787288244
188255922
0
3840
358812817
0
318000960
0
469868774
0
0
645017110
200100111
95997696
276480
202106896
0
542580871
944806647
606526724
9403680
192384603
0
249793794
0
863291691
0
286924600
0
0
0
0
0
608541981
9774720
0
0
444461760
780762113
869022736
294068425
0
0
0
861591800
0
0
0
70514993
940458150
0
0
0
693635152
0
0
905072570
707283234
17072832
160827923
0
0
866866605
0
537839069
256813743
0
0
573520411
338416536
0
850862545
897147431
437146995
0
865827563
0
0
0
0
779154000
0
147217713
163801928
189696657
814171209
0
0
391924422
0
102681397
349341940
1378816
491203791
0
693768538
107604
0
0
320879496
497449131
626499386
940163370
0
0
0
0
0
0
489267545
0
456564081
314731543
0
0
612849050
761014409
472492718
0
0
0
500137319
202218090
251700657
0
253288
253311917
0
970423176
97515600
0
0
2059488
0
4032504
173613649
801480488
216145261
307829048
0
0
51383988
970716328
289536656
368676889
997979905
0
0
0
880246631
0
187326321
488337211
0
0
780773160
0
81281586
0
0
577194504
3350272
2660720
0
0
378831006
729652873
0
0
317140272
1076
730561676
0
801480488
192997702
24351250
0
111328824
0
352966921
291578079
24480
342685565
0
0
0
0
199505705
951682047
589915029
0
0
0
44911478
0
658723659
8706859
0
0
0
177996927
0
190545780
374143965
601152535
932843319
746442324
34790712
0
0
596540265
0
0
0
375031367
0
0
952821560
0
826198915
9056
932770088
440522603
0
0
0
0
0
0
0
0
0
0
443285353
1434024
146186088
197040
0
3313872
614479477
0
966509850
0
2624304
875226177
338301494
0
0
0
113615384
0
453445849
1093776
225954793
509790425
0
0
8208432
200100111
799339790
0
0
124283025
863614979
0
264321642
26720
666428849
730410249
0
391306460
7486756
0
104832
0
300388098
0
69530021
0
0
3786984
3615552
0
2136456
68936472
265977146
0
0
0
0
0
211904769
126811145
0
0
784883181
0
14671950
221696
85074991
167741733
0
1019352
566765847
0
0
187326321
1654992
959574642
840338898
220694064
167741733
511956755
967049628
261948685
50810832
31335230
0
0
23671632
0
303537218
22319712
901250982
600504743
404161382
0
218590513
0
333123456
532393792
0
0
278267408
0
0
246778006
690831318
223913488
418896
959574642
696846151
1205184
0
204448392
813134761
366571241
0
0
479427632
403471814
2844072
0
84417264
0
0
293825242
856634199
0
390343544
0
0
0
0
0
140273475
0
0
0
169789721
0
0
0
0
915006563
3672768
557996340
692779779
0
134173010
0
77363461
2784
0
0
695963161
0
0
548630826
947076606
57966648
0
1572552
0
0
324886837
0
0
381942740
0
607476065
3518316
464871794
13627284
464871794
0
0
590511743
152432496
0
384
0
55010688
0
11159856
147080192
0
0
507131691
152036748
422090300
0
0
0
294068425
502338745
0
970716328
523964219
0
0
0
110478912
0
32986976
0
970393859
0
0
815958536
613806515
592655152
601224
1525248
854577855
601492084
94185936
324886837
0
656853228
166020896
0
403776
0
36936053
0
958730797
0
35442544
862276528
84266887
0
507131691
0
0
770778183
914150938
0
909668120
890624555
0
844443615
873711463
40021092
231989265
7520
181040
787550846
807139320
175956672
2422656
0
192333824
33479568
77356
0
23136
0
0
919448359
433131182
0
259052908
5252376
0
0
274568091
389849428
0
0
410584741
0
543981495
16832
90109172
2467440
215208
0
0
0
0
787658364
617084053
97692540
0
0
542580871
0
0
2586624
180574384
556880290
0
0
3521192
670046943
654323014
73052040
805806720
0
0
293007625
0
2864208
0
1507396
68672313
0
0
824621918
0
95768156
12780096
0
110328
708075419
134276149
497449131
582972154
0
601344
820210810
0
801792
0
215208
597407341
0
0
0
0
0
1321584
101519675
236212268
0
0
0
0
0
0
0
581001342
0
173097988
0
0
0
645226134
882035439
0
553366332
882227908
0
885865968
38131620
0
921669353
45605104
0
7693467
200448
0
0
0
589915029
831546363
0
0
524048705
390271281
392475711
10273262
521314366
0
238489112
0
0
0
0
713746182
791498804
325338630
744936
672816261
0
383890198
0
0
1657840
750800898
2464
173121619
930292392
278649744
1572552
889996986
0
490842928
716945589
658315938
0
507131691
0
0
15895144
11159856
753270175
0
0
8192
0
0
0
0
744936
0
885653493
0
4224
851031640
0
0
783190484
279783469
288105268
639534075
738804954
727360552
0
13147185
0
0
0
24661659
66196844
0
0
0
0
424756059
0
0
369124389
428278816
0
4389832
0
434854957
167741733
0
793091705
0
0
748011004
0
600136830
0
0
0
872977756
203243328
98759232
686073602
795007906
2467440
0
0
852264105
0
706704654
0
837792
505234459
677693593
59736
0
0
862624762
0
9182520
37534970
6951184
0
0
443415377
16964136
0
557080056
856646483
287850210
0
488337211
530457477
297250983
535417406
439845133
930312181
164785805
879358874
246289779
637289287
0
977326427
443455296
0
0
731400291
0
0
353294457
678372452
0
0
699893783
16944
870976057
0
772890033
5456808
694079598
418896
0
998133510
599526835
0
75783685
756745271
465550090
0
631419242
532229718
0
339948872
0
0
0
203168
0
70260928
0
0
0
939412399
116266017
0
0
505234459
472711595
7486756
610103118
7790928
371600034
235439040
756620478
0
384015077
32025622
0
0
0
686073602
0
66353349
159265183
769952914
0
0
0
0
0
0
515819941
0
0
606802675
463758104
41366847
652364
692779779
301688
945988693
0
16092672
3979008
0
8960
0
274568091
654810793
0
369124389
37232385
0
741027942
445688107
0
0
76255815
0
939723317
0
82631606
671098976
296640
25408
200448
0
63430561
708075419
629734370
811342711
1113600
192333824
218590513
0
96132566
486151204
18718269
0
210889286
0
34436660
134289868
0
181916293
623576286
231989265
0
0
159625465
0
188676700
14316688
862058747
0
0
2467440
746434876
590679407
0
957868580
0
0
2136456
0
415000171
0
57888
218590513
0
0
797933128
0
505234459
891907799
166626948
576238704
16302632
0
349427557
27929836
959988770
0
21408192
0
0
0
87656712
1662656
4032504
480344739
963293309
0
0
0
0
692030860
0
0
294068425
851460
512
7486756
104653322
0
772214073
118776269
0
745944
530457477
0
384164662
673776
4819424
794715794
0
451580585
2838080
988281394
542632100
0
885865968
16944
417955925
0
0
87185728
0
0
467766753
878931339
48611232
471633398
0
51282977
0
147507174
390268980
222213744
0
372343966
879373638
977711107
0
294951261
0
699677904
928408776
0
0
97376
0
0
0
1277056
0
36265344
0
646656896
0
797446153
0
0
0
0
24651664
0
0
75625979
0
40021092
0
0
866651697
584886928
304155228
0
0
403354228
0
891120945
106688
0
85074991
0
251700657
0
0
5252376
836415564
119791034
41670394
797503464
0
8955312
718336
0
36234436
689433048
319145553
0
0
0
0
0
48896
0
831546363
0
197040
0
0
0
0
0
975506458
0
419761172
0
0
147292065
0
4447656
403232664
0
0
0
591512714
0
0
0
44540
329383167
20632744
0
0
167296
1424304
0
0
0
342953149
879373638
672364726
3040
704477343
708075419
312559343
0
761006825
0
0
0
15239720
0
596540265
0
0
174470435
0
299812528
0
0
40320
0
644718347
938033876
0
0
0
999032036
0
757614879
0
1205184
31014262
78073200
0
0
0
0
86879377
0
0
0
140173774
0
0
581553130
0
41366847
0
937961102
889996986
0
0
574709639
800161507
957257284
601224
920966979
962012017
351642985
82176
807648098
454610921
101621664
539859268
410263084
557992213
183016563
0
0
407402119
641055025
0
18116
234200136
16912360
366571241
229713066
0
205393793
0
882396156
7742808
753263437
0
299266010
780449249
811340308
592560
0
0
0
853996646
0
0
305272
3521192
729476162
0
1816992
535417406
0
177175184
0
315576286
0
508312440
0
774927500
0
423684
645226134
810863840
84505882
215324401
299266010
0
693768538
0
659840594
290150803
3518316
0
324538560
36410144
7887104
633296028
0
302009756
736997648
0
939412399
421303880
0
301274920
472850994
0
103562016
872977756
0
247923380
0
4320
547062250
40146359
0
3521192
201820929
3686083
266832173
215208
0
0
0
0
1882960
452919013
325334837
0
977293240
0
688865505
299266010
764331316
752738727
526488
7154056
299812528
0
0
712991665
0
0
0
0
418896
0
218672577
0
0
974305100
557992213
0
0
681992256
409322545
355934753
0
849138183
476123941
349889050
293349838
24785713
406884227
901850681
0
0
107604
677693593
0
420816
19346676
862276528
945035279
913347806
70400
0
602263082
0
807750556
720975030
0
39345568
408292
0
0
788857469
0
0
165363520
0
805861451
934505108
111833760
58075776
0
0
0
0
0
0
700177208
749202543
5108544
802834571
0
0
0
274725126
783510793
38400
0
0
169838462
0
640250512
0
932354538
1310688
0
824128326
0
0
431158292
988281394
1424304
368676889
1520
0
0
3940372
0
0
11321632
390392717
0
0
0
712991665
14259064
54167832
2220552
0
0
0
0
0
0
0
998133510
223913488
57888
0
924400067
0
0
0
835743446
0
0
0
0
0
0
1939462
269474852
229743344
1018344
0
0
0
521314366
591080792
681992256
392475711
0
879373638
726587139
511937328
0
913393404
0
0
0
0
146186088
0
0
775389632
0
333110549
0
0
0
997442816
400002709
0
0
161442039
0
0
89841054
68032
0
168770201
0
0
903928341
0
3264
475865642
29685104
0
0
11854776
497449131
0
0
0
0
0
772890033
266938831
0
369124389
871175698
0
960919450
761006825
0
0
695963161
0
0
959322105
284271120
63578576
409387609
0
130199577
0
0
0
0
955099638
266944720
684044749
0
0
0
0
0
518007909
903502020
312559343
104942737
313448477
0
186075563
504488544
0
0
0
740943180
77356
0
472492718
50810832
0
74628745
0
375216610
3518316
502786134
0
310218071
0
0
0
0
0
198074277
429205824
0
507131691
0
0
1816992
0
0
937961102
138927328
0
958247405
0
617084053
235439040
671685368
0
0
13037984
0
265693440
0
668064
0
0
0
0
1463196
175955117
236548233
503190213
78073200
531705381
0
7101248
338543823
940893851
0
1044864
50875160
0
0
203168
0
452732111
990789675
0
140883160
416977823
854577855
0
0
0
0
0
655450202
491313314
267108686
51785872
222277104
197464032
103360860
0
0
734846806
879373638
0
0
714612969
601224
0
0
19594176
176144000
675514344
0
0
0
0
0
0
375071737
457602147
50810832
0
405685459
7520
81424632
546515080
24242072
95997696
0
368967339
0
239241860
528564
797514165
0
34678164
3518316
0
0
14259064
0
0
0
760166474
0
0
0
188646731
934720808
849305754
344092198
0
811340308
0
0
176949479
55381744
0
0
884477695
929233752
0
0
0
856043619
0
0
481501308
0
880246631
0
586327990
0
675514344
576238704
0
0
670580508
0
253423705
989885036
18047232
538057395
16727264
600132145
862605086
0
383667205
443392
0
0
760573826
0
121634533
342682615
0
0
442440886
865827563
568368
95997696
34678164
0
0
25668216
121680
0
1192
0
25668216
0
612079080
0
407096505
0
634027385
870755785
418981279
0
107604
4902304
0
648598576
505234459
0
0
54111431
0
716684969
0
13129248
793091705
0
718884403
831492553
84765384
0
870751897
696161497
24480
0
74122486
43328
855199656
166787091
443392
882035439
0
106094395
557996340
810863840
777099512
0
0
1205184
1424304
0
413455607
445440
0
0
436960967
203243328
303537218
696846151
0
845445160
0
0
384
686101628
373184304
0
0
0
355392432
0
349427557
538057395
0
0
983634095
4032504
21908882
0
5952
416684772
346320228
0
799937137
188255922
0
443285353
788284091
319492935
166787091
101524
0
962774863
0
0
62984047
748323212
264273600
0
386760302
1280
778131972
970716328
126612144
2223828
0
0
0
830850755
421891347
522736865
5108544
801480488
0
0
188255922
531591133
323277821
467766753
0
651128849
0
0
0
0
0
83850342
58075776
698255623
51785872
0
543122903
0
0
0
294068425
0
36265344
0
561641875
1882960
0
0
4902304
16844708
0
54565716
80441356
0
0
0
0
0
671685368
0
169838462
47381387
89301600
0
757453332
248539628
169789721
436642397
481632
0
0
0
0
154623871
771525690
0
0
0
169036558
0
0
991298169
0
0
0
19595318
0
2304
7987840
641055025
0
499314048
1628568
556880290
1434024
428278816
614449800
0
504342056
990672427
525042642
968737461
0
0
522365748
127668765
14671950
0
785178890
0
37790952
0
0
0
0
0
0
0
996440125
482395064
730192433
311141724
730561676
0
801480488
0
797960567
861591800
0
576238704
654810793
0
9056
0
0
23671632
299812528
434343040
0
939915575
20240354
327200266
0
471158860
702660503
0
140883160
0
96
826198915
242552945
0
0
431932959
0
0
277259992
110478912
254074439
0
0
597212803
0
301197968
621490860
146174179
0
403232664
318914445
230173248
0
0
0
0
673776
529661479
395016579
0
0
207140629
519683858
0
348358832
0
0
400002709
0
0
38175432
384
745722571
96132566
0
0
0
0
0
1424304
275504559
0
0
939363402
0
0
352693012
346887940
80836604
19068116
911853684
306541850
9403680
0
31838250
929462780
248195288
1093776
306371881
356663573
265749696
600096859
0
0
0
218590513
6474320
393599685
0
0
0
0
512
414720
291578079
2418672
0
21120
0
0
761236490
421891347
0
95200
0
408292
0
7207880
344257598
4701840
7207880
2660720
601151812
907731701
340723369
699677904
1368584
144793782
251706533
0
6971712
0
0
817031471
516665278
0
84417264
81561899
600975369
275504559
242552945
0
442653529
443415377
267022160
590679407
874126415
389355228
0
0
443146787
879358874
112640
163763356
488427735
0
427562670
90109172
0
0
520502709
370666341
826198915
320297877
66816
0
4701840
283774699
62106024
0
587411384
79357852
400245797
443392
184289331
327098640
488609442
0
0
851460
0
0
617084053
0
882440491
562098679
852771939
0
418896
0
531397680
957320788
0
0
79241256
485692703
0
505296
364941150
567936597
5084960
0
0
0
0
0
248615193
984016080
0
0
992492757
686073602
0
0
652768876
424796950
621490860
421581308
0
2624
980726263
639244
0
0
0
0
0
123641200
405685459
0
0
297250983
0
873595868
760166474
0
0
134276149
505413236
0
0
836452209
0
9056
0
317106276
5418396
12758064
0
329383167
0
8192
60528
0
0
0
333529489
0
854577855
77918849
0
187253066
826198915
977740734
324886837
957257284
0
0
0
6851029
885653493
312874337
0
488049945
879358874
36955838
26641656
0
76255815
871175698
326367840
0
686101628
167745363
0
333803509
734753574
0
0
0
0
0
531591133
0
0
0
50810832
0
2864208
0
0
49860224
52064
0
511956755
0
0
817031471
0
0
760573826
0
15648199
908334637
0
0
0
734753574
792055703
488450682
23316
0
425517570
493035264
0
0
0
23999424
421891347
746914922
356934460
134384
0
0
0
0
454106823
0
0
488450682
777099512
868380342
794252600
0
0
0
1112800
0
405853516
0
0
1845888
650117401
285544535
740943180
0
0
0
0
581001342
46748928
339297170
0
334582896
0
3979008
797503464
0
820514565
0
0
0
114781551
977326427
767487242
50832
0
0
14333672
338615274
0
0
0
656496
0
290459768
1536
21264
0
481672229
0
0
257044497
166626948
90201684
144793782
0
885865968
579035515
0
651843976
323421274
2950445
32986976
0
1654992
654810793
0
0
0
0
543186773
505234459
748011004
564459232
565047079
347940749
203243328
130011748
3072
0
0
530436
0
5810112
419761172
0
0
0
0
454624797
0
923438943
3302592
707473783
943078122
0
0
0
0
150986210
398560913
0
0
183121246
487063800
0
0
0
0
605281531
0
0
178427140
187020753
787550846
132786992
0
0
249870063
0
5084960
0
490657184
675514344
192877614
0
259022445
210284894
213132645
29259504
101519675
0
0
2880
0
0
0
490376987
0
0
0
801958299
1378816
0
267364040
53575768
0
384
469407111
488311682
3633984
168248
183506170
0
0
982231652
866651697
0
0
855199656
648880355
104942737
309598868
167210538
844129570
537074488
0
0
238792
0
444828994
0
111661821
203243328
0
844443615
433091456
25408
153528742
152052610
0
356671552
23615184
606526724
0
0
0
97760
576238704
306541850
0
873711463
0
881525478
654810793
0
0
927043326
23615184
129982962
0
462697630
708372961
483984197
0
0
0
799611726
645105660
583555505
53324
458011225
0
0
18871278
0
872977756
111833760
1368584
136711594
173641409
37392000
0
0
0
66196844
834012446
409322545
0
94185936
0
0
988281394
0
0
0
82719265
0
1605643
596750953
0
374415609
0
0
392946223
432
214927603
50033544
0
0
0
0
69775752
0
28036416
164452327
981302723
621490860
801480488
537839069
967049628
0
0
0
1205184
0
147236453
823943160
0
0
0
0
0
0
554816453
0
420417790
0
48575027
0
0
384
160139571
295621372
0
0
26192
0
772270744
0
0
0
0
530436
779644034
0
21397291
0
418896
0
0
797446153
919529478
0
7520
745944
1628568
5952
0
682100585
0
288
621490860
0
813354911
696846151
17192837
675514344
16727264
25416
3363044
271374520
0
139763510
454610921
39528784
26720
306541850
0
4224
0
863515669
83678832
0
154935589
0
349109189
301197968
0
0
0
41366847
0
0
814691822
0
254279834
0
69456
853381390
73326434
0
0
140951336
66627624
180036928
0
0
0
0
0
152432496
1536
23309456
336092211
1536
680509841
963603666
782721691
16230744
994334939
0
0
755651530
297250983
277259992
739778601
0
987264
981802863
0
0
14762304
761006825
0
0
0
0
0
889996986
0
761006825
639705050
93286685
951682047
0
0
864493674
0
0
0
783840722
0
600132145
0
0
469649089
0
373184304
53975120
806138355
648880355
400896
1845888
0
823943160
648113263
0
0
0
44540
0
134384
0
0
254909508
246431047
0
247923380
0
793303792
38988368
0
2059488
770778183
244616114
0
331521441
215208
0
2864208
199471493
0
0
633296028
0
91461008
0
0
12780096
0
0
327867192
0
0
338301494
873805483
572239164
108036200
482395064
800265205
7239722
188255922
943078122
0
0
231992671
0
0
428945558
691984766
23136
77363461
987777739
137872841
0
0
0
46748928
931988089
0
5540400
0
2784
215068462
1384416
0
0
198347687
0
32025622
42647412
0
8260128
923438943
41091649
0
0
424696
994334939
82702036
6951184
0
2422656
0
854577855
0
0
0
693635152
40021092
235062170
333004413
864226211
527496
393304379
0
18718269
297250983
959322105
360205830
734753574
307829048
0
0
374415609
610741515
793091705
0
147292065
876530575
0
267108686
101091073
908858703
310494053
0
831492553
418896
0
0
249870063
249483700
0
0
0
0
773278058
137024392
490657184
696046286
9235662
32025622
0
318000960
606605006
51260128
0
0
771461607
40042948
843400639
271079120
13983901
0
229542712
728326442
837792
801480488
9850912
9791104
0
244992
223913488
0
636601510
0
0
0
340804398
1076
824621918
285799097
0
437254914
696872511
0
843161565
24785713
151461191
20590592
104832
144793782
0
673332288
0
0
732279048
0
627362535
0
893517200
0
77356
838922326
0
0
0
542580871
12948640
0
881255906
288105456
750647550
511937328
121680
537074488
0
0
566765847
0
0
751809505
218590513
2688
0
0
967011559
0
0
654810793
825262644
190048303
947167470
0
1002720
2864208
0
694079598
338301494
0
78562552
0
0
0
107417155
0
0
0
0
153528742
0
0
0
0
0
527004918
393729262
916885558
0
0
543020956
0
0
0
0
596508073
556654465
16964136
210408
837399344
37232
568813196
0
927561660
0
0
0
726429470
215131260
322990874
761006825
0
0
0
0
0
0
889656902
60528
91461008
34016
2136456
0
1095216
0
0
0
926864433
542580871
0
90201684
139710928
4436544
0
26208
0
0
671079468
0
0
0
0
312559343
0
789033236
465061247
0
6388992
0
0
834012446
406884227
498697654
40006999
7275184
371633503
0
0
0
339297170
694079598
0
0
947624481
487608505
50810832
428945558
55010688
0
0
0
973929821
0
884477695
0
312559343
139763510
0
0
453445849
0
338995147
2592
217651682
343616450
798355643
0
813059590
2059488
746434876
4543530
855199656
0
0
0
317368965
474663160
0
575170387
175956672
50810832
706704654
0
0
434958742
882035439
14904
577084617
130011748
193068089
371633503
536796195
0
95200
921669353
84505882
78624
0
97692540
0
542327769
797159244
0
104653322
77356
392475711
0
105751351
395016579
443285353
0
0
998585740
262157573
2560
923063172
68032
0
849168787
23671632
0
293007625
0
699409198
349427557
0
295241792
55229748
193757536
2660720
0
69794361
998133510
0
711967560
0
940893851
0
5704128
0
0
0
679305504
0
0
0
912010479
757942813
911205641
0
0
973343951
0
36637792
931216874
0
0
0
307829048
504257179
0
112574448
4096
0
0
447358043
0
567178138
169036558
142800
0
0
130011748
0
335503030
0
0
0
959310743
0
460135076
16029792
0
0
0
0
0
755179224
0
0
0
0
621490860
0
13983901
347277340
0
0
0
0
0
2422656
0
0
241612248
0
2643693
0
0
0
104832
762340891
958969842
989564905
0
0
675428761
0
0
0
0
0
4543530
0
0
621490860
0
0
0
54167832
0
621490860
745691204
400002709
0
0
0
0
0
837254366
3786984
318792268
632995435
192
159860304
0
169036558
656688661
0
174485517
717336843
104832
56745020
2467440
206703615
511039476
1368584
96
0
0
563416255
0
452919013
0
0
0
563400096
468527980
760573826
384015077
0
352966921
957991041
922255005
745944
0
755322340
568239320
249908161
0
0
761014409
16092672
0
608418330
256848959
595716350
0
0
885865968
0
0
297268612
0
15239720
0
693768538
461472
180776132
138927328
339563453
0
27929836
0
0
8046336
0
40859645
830803126
0
193295018
0
374143965
18924336
567440518
977740734
87375672
136711594
746208
1836384
0
78624
0
364941150
0
480552405
28260968
547504608
0
801480488
0
3313872
627743213
0
0
0
0
99328075
156842012
687336680
512412000
7790928
0
816225040
368967339
221696
0
323707347
0
801480488
258719673
0
51383988
0
0
541079410
688865505
870976057
567936597
317140272
388263956
0
0
350905768
0
0
0
16192
168604688
919529478
0
271112206
0
0
6888688
0
0
0
0
0
36483881
0
0
0
710633506
660074098
600136830
411130980
0
255696304
610656402
141573324
0
36250309
0
0
0
564635989
0
0
0
681698869
572239164
0
338301494
5252376
381232927
0
0
95997696
0
0
922732717
0
644229285
0
0
0
251928
913347806
253288
1368584
0
0
0
0
5381100
0
0
0
210889286
299812528
0
361801356
331711628
666979452
307829048
215208
907430072
0
0
0
0
299812528
384
0
0
990420477
825262644
0
265460512
911584027
258796181
708075419
439252464
346887940
580690460
47721951
0
15040
0
785630789
0
0
0
994334939
54336
0
231992671
0
0
443285353
293825242
0
967049628
0
192170651
612849050
54167832
0
87656712
0
774927500
0
0
0
140304501
78073200
293007625
0
318000960
0
7275184
0
0
257044497
26641656
14391036
0
0
889996986
42723814
576387440
0
495516554
0
787658364
0
689276281
356663573
115200
15239720
0
156842012
0
76290288
319779184
0
0
0
0
940216746
26103460
0
248539628
0
985901504
303188944
992337385
0
3313872
0
939412399
467766753
820514565
790907549
0
761236490
297250983
0
204448392
0
0
510990822
0
39936
786670877
0
543084845
0
0
0
0
461472
0
79285276
2660720
849168787
668631740
0
107971682
19346676
0
225916692
7130880
748323212
0
0
901878466
741892593
182906951
0
36936053
0
872977756
0
2688
899427342
0
820066129
704933489
0
410263084
604489763
0
0
0
0
760573826
3521192
0
662402190
0
0
663351257
589560948
0
140304501
562537855
105751351
0
118923223
0
399593657
69775752
0
0
596129223
610675765
1901376
742400
731771661
220453947
567936597
0
390392717
0
0
413085967
882396156
298662022
524048705
0
57850881
0
0
5704128
7130880
0
708075419
702660503
407829273
565047079
0
0
0
81281586
0
857966477
556616481
0
0
0
475564120
896894149
867319579
0
669256507
264930576
507131691
43135184
78624
0
285197318
421891347
391306460
397793808
0
0
0
311141724
0
0
0
0
689112630
2136456
0
600136830
0
153347162
587224205
647821818
0
724863193
369368649
0
246289779
0
230187033
6888688
205482866
621244852
202218090
0
914563554
0
275834092
460135076
205110736
638805612
578268078
2472800
970862394
190088447
26208
795007906
0
104653322
0
0
0
21397291
156842012
24835949
0
0
44639424
0
0
400896
0
258796181
6700544
0
807552
0
0
41366847
0
0
388703333
0
132597936
458011225
0
649232693
0
203658467
0
346887940
106094395
862172528
909584200
0
0
0
5084960
0
311808
0
983703185
510411320
0
763298116
0
205482866
285544535
0
0
357399741
0
422090300
0
806453318
0
371633503
74934310
0
637172020
0
11159856
386915454
801792
0
691984766
169789721
291546022
23298384
258250172
403354228
303537218
1026000
84417264
0
687101205
0
0
884477695
0
626144100
0
0
11899395
0
0
0
0
0
891326759
0
147236453
0
0
434976903
249793794
84417264
264273600
0
84266887
139275273
0
343616450
288105268
0
0
299812528
693768538
376300925
129933600
1029744
957868580
0
0
0
0
0
268209801
796364972
867030457
591512714
0
0
144938571
0
6971712
0
0
633169259
989183294
589560948
542580871
0
952821560
0
0
935348657
37790952
134276149
218672577
0
381232927
183550421
783501278
645844584
328012080
702660503
660074098
0
937867896
113184
0
0
0
0
416927743
856634199
0
388263956
297250983
0
0
412427898
0
0
0
0
0
617084053
192
214403406
0
797960567
338301494
509448907
0
0
540750676
346887940
0
37534970
699409198
0
0
746914922
2798632
0
27260944
4384
192333824
0
0
130011748
2404864
116627865
0
0
254429188
0
0
0
0
431158292
0
10420274
0
0
64080
0
118923223
923964442
0
295981664
3518316
320879496
790907549
190570911
731447132
190088447
700177208
472492718
84505882
74934310
0
535127344
748011004
0
0
0
0
758268821
818526432
0
360828559
0
0
23671632
0
959147732
42607411
771310726
945988693
347139762
468522731
0
929735034
571298016
313922240
0
0
0
0
425844827
265977146
467766753
0
0
75377551
177135324
0
0
46267267
0
4447656
213132645
1424304
229137395
491742925
930935528
0
0
0
0
0
773776722
170418164
0
0
0
0
0
0
327811516
0
324088829
557657507
690817033
9791104
0
393672096
33600
0
0
0
970393859
697626890
0
830803126
0
0
0
590679407
0
0
438479002
711373980
15060400
0
339297170
0
0
708075419
538057395
0
758215078
62976
604034339
67347848
316339924
119791034
307829048
0
602924983
5406336
294951261
484073087
377517476
289120
0
0
2864208
0
25416
0
0
53324
0
977740734
251928
552365841
0
1303344
211645808
0
987262737
0
0
706263931
633867318
735263223
360828559
324968168
0
947076606
0
801792
771461607
0
138927328
5504320
0
445688107
132726708
0
880680913
606605006
12444608
6607744
0
0
134276149
0
474663160
423684
0
0
0
0
801480488
13255488
0
0
44890639
1432104
210889286
89928072
194022032
401887003
414501425
0
36955838
0
58302110
864760714
0
193040471
679305504
74419255
0
0
34773432
151461191
723869651
0
0
400245797
336092211
891326759
0
0
0
382025753
930358123
17734980
350627121
297250983
329143057
0
77356
0
0
16092672
246673158
563416255
23999424
0
0
569613313
442440886
666775140
0
739778601
0
0
167741733
0
3283248
542327769
0
0
2136456
229743344
0
627362535
162387576
0
19612876
0
0
0
567942597
385063911
0
871122021
1605643
322527456
0
0
260083891
986622170
6627744
939915575
0
0
648598576
0
6192
32025622
10496
0
1192
347512
0
54167832
9804608
280788780
10420274
181261506
0
687101205
785178890
0
0
0
203049017
0
0
164857828
11677408
334080
6627264
639244
0
238441952
0
0
0
0
885865968
0
0
0
0
44518224
105335568
14762304
0
732885497
0
600136830
582972154
424796950
0
23136
520100023
40732014
0
286924600
295651131
357399741
0
772890033
0
977740734
5252376
943015767
4393288
573401724
0
187326321
0
55075134
583555505
0
0
0
384
817585314
0
405685459
4035240
0
0
244992
0
853996646
0
365437815
964777144
0
291812729
358502780
0
26208
0
395016579
0
0
0
756319679
760573826
0
34016
0
0
441497907
923525683
0
393304379
0
39345568
3020696
0
0
287849649
0
970716328
193295018
830270666
688865505
903502020
0
655450202
0
780773160
403471814
0
801480488
955389958
274568091
0
32943330
0
140951336
262157573
0
12109504
0
0
0
946841621
0
0
0
783510793
409387609
0
880749576
381797255
0
659886008
121680
0
76255815
0
0
100694133
0
0
101621664
389000696
1432104
578861159
72610712
0
483869823
390343544
0
770778183
333004413
0
0
15239720
810182904
214351189
654323014
138927328
0
0
0
0
16036416
0
645226134
75625979
19541556
1432104
10004544
0
836280
960
11845800
110444850
0
313692556
0
0
0
425769998
738870882
0
3168960
873595868
133499733
312183014
116592
0
0
664715746
21224
50088146
0
590675583
0
862276528
0
542632100
77356
0
0
0
788340930
407402119
0
0
141475454
907731701
140173774
47381387
0
436642397
907215400
398560913
0
0
0
0
0
0
0
0
66234072
0
473405975
600136830
0
414769314
478435458
0
443415476
843161565
383890198
0
10740880
393304379
0
5120
0
310202560
633867318
788499239
924828193
0
0
0
334740311
0
0
51383988
0
0
0
0
0
667049358
339551738
0
693768538
0
0
530436
511548483
19564192
599193519
0
0
0
173543834
691945733
0
0
313281806
0
0
55229748
813507828
294839575
909668120
0
0
0
944796534
0
264650550
348130096
132810464
90211532
287098252
400245797
3973312
188255922
0
0
709704643
0
0
527244494
36955838
0
147299852
160139571
826198915
686073602
204448392
843400639
0
0
110904394
0
734846806
0
2864208
306371881
0
0
36250309
0
788631217
51785872
618030213
0
432
0
2467440
21284370
107991242
748533851
691945733
76255815
0
5376
176309860
582972154
582889221
295241792
72927592
0
0
576387440
95997696
0
0
0
0
383667205
403354228
44639424
606605006
1536
0
0
441006064
0
209525811
0
0
0
50810832
729476162
181472428
0
251706533
0
3518316
0
0
443146787
0
849275673
101519675
0
2304
536855132
950194628
0
866931288
0
0
35209176
0
180751482
0
677746580
0
277712
0
103360860
443285353
0
0
0
0
0
0
0
0
945448158
970393859
0
0
0
230254603
0
443285353
14175561
0
0
0
0
0
0
0
258250172
0
0
706490326
0
885847533
26423960
0
837254366
882035439
443455296
0
0
0
707846021
1414280
0
0
856043619
0
0
0
411833339
441006064
0
0
932725034
0
753263437
6951184
106094395
4224
880213286
15040
139275273
0
0
581604544
489931278
0
0
0
293054091
912411798
0
7130880
434706944
303188944
7275184
0
0
386741228
57888
0
2208
272976638
0
685350654
0
753667299
313678199
58510208
0
178433003
0
0
517422374
462459481
640098160
571879011
0
922048470
0
64920
631934135
442078934
334177247
654323014
0
852771939
0
0
504257179
86496061
0
140951336
402738670
905877599
40021092
103360860
0
0
6192
3979008
581553130
957320788
14259064
854577855
101621664
272946164
0
940216746
943641440
39648
50810832
0
49860224
287850210
648113263
862276528
0
793091705
0
0
715555932
190088447
140390747
592313079
26208
0
0
0
602924983
0
0
861591800
0
40021092
0
0
636039522
748323212
0
369124389
0
668064
139875524
0
779154000
4447656
706263931
817456887
1018344
780762113
0
0
0
962774863
0
192333824
351606866
416017006
0
0
70260928
244616114
944806647
7207880
12217764
274725126
188338430
0
0
0
0
953876646
45936
0
431158292
0
15239720
1440
0
0
929233752
13255488
0
118608705
920966979
0
258250172
406884227
0
0
0
433131182
623576286
0
458509276
160752
0
602928381
0
182017001
183081625
0
0
0
316339924
16092672
905072570
0
0
0
4543530
954784852
0
0
1321584
267731025
443545236
0
0
0
0
109318658
0
0
285799097
395016579
5902920
0
955715584
0
0
0
706490326
0
21264
388096
0
13129248
242358431
63798496
0
731447132
333870135
855199656
11759968
0
540750676
294068425
221186814
998289342
581240193
0
0
0
0
0
0
53975120
472492718
481501308
205487628
0
870204155
0
540847619
27392
389000696
3519464
0
0
0
0
932725034
0
192333824
951682047
0
0
665111639
987777739
0
0
770778183
0
501056840
0
940893851
13037984
810863840
0
0
910797089
2784
0
0
0
210284894
0
975332428
0
204383932
0
666775140
0
0
0
507131691
0
0
563400096
347512
1480896
0
4701840
0
12780096
797159244
909409202
0
319720608
0
167115099
0
148958870
0
5181530
0
0
0
312183014
709704643
0
0
151461191
955389958
267364040
0
920484140
11509649
0
0
989983415
736151957
9103520
0
0
0
0
582991526
672816261
21224
190088447
851031640
0
102530775
559150279
220694064
226512
0
0
664715746
568765338
0
96892217
0
0
68790898
2800360
0
0
983060842
314731543
46267267
0
810182904
0
731447132
27258304
0
659840594
886134563
176309860
0
0
469407111
0
8275366
2304
0
176309860
0
50810832
761014409
59664112
526061918
110328
742989325
0
2172216
0
0
0
760573826
0
39528784
0
699677904
3313872
0
356711330
0
0
3955512
72604376
210666818
0
413288198
6170196
0
0
0
0
0
0
899023644
0
693426453
973343951
600823070
0
0
413382949
0
0
0
814171209
724769614
381797255
145648
0
0
733512876
0
0
265597558
295709120
0
0
0
0
557996340
421581308
0
0
11924928
192
0
0
116266017
0
15239720
0
424256447
0
870584147
271079120
0
244616114
0
77356
0
389355228
0
0
467667268
393426849
242358431
0
0
0
0
0
32978162
0
0
763542632
0
0
0
962774863
0
192333824
420816
28438694
0
552192
267731025
181261506
0
0
682100585
0
0
0
764331316
301197968
670513036
4362624
303537218
37790952
11759968
621904
526194642
0
0
649836175
478435458
0
0
0
0
5252376
939112080
0
0
52375139
639441216
0
654810793
8955312
996654712
761880904
369061764
449742638
0
0
130931315
861591800
0
0
0
66627624
110982834
876237870
266832173
2880
1344
187253066
0
885525915
5055028
807750556
4633040
378757861
0
0
770778183
324588128
23532864
0
923923667
419761172
0
0
0
0
0
0
914507570
3072
386132074
0
0
0
198347687
650117401
0
0
160595574
105248
0
0
443392
7486756
47600
0
0
0
951682047
0
362608184
0
517804
192877614
789503069
754160229
564856471
0
370033044
757453332
512721671
0
291546022
0
0
938345097
0
2560
557992213
27500
0
0
0
0
312559343
880202332
50310330
384
0
0
452919013
0
441006064
344092198
544847084
0
76255815
66627624
445576992
0
231989265
2688
0
0
573520411
875226177
931988089
369368649
0
0
23999424
303188944
0
688981041
57888
0
121680
0
783190484
44252160
0
0
0
0
530391744
601492084
720414567
98526170
379335781
0
118608705
403776
0
101519675
140830652
0
0
0
0
7275184
760573826
98207309
938345097
0
957868580
0
836291968
0
421824584
0
0
0
788284091
215208
0
616914207
12384
472492718
36936053
0
403471814
2784
561974330
0
0
0
0
851031640
33993696
59731962
390268980
81574033
838922326
912058752
0
561974330
52220172
0
3518316
750800898
41187252
104832
0
3040
45605104
838853180
513883662
1152
0
138996528
0
329420774
0
0
0
0
2422656
612079080
1667424
543999502
12192
41143997
0
785630789
0
788499239
521010863
313678199
174628457
0
0
0
0
0
5252376
707693858
0
107223921
0
597212803
0
445440
8208432
0
0
988281394
351642985
460185014
0
0
299266010
140893056
610675765
192
0
94185936
246289779
0
0
0
191504808
940990140
644229285
56809627
606605006
0
961418429
0
0
480556736
0
3168960
0
0
427646786
0
0
214351189
557992213
0
0
957473720
911005496
0
823943160
0
605441523
778859554
390271281
0
177175184
7125824
389592870
0
27929836
45605104
310202560
918097301
4393288
336092211
677693593
410263084
44911478
0
0
0
360717015
30209106
882227908
556880290
807750556
690567338
0
831683261
118100577
0
0
496167484
0
731447132
0
586537552
878413665
96
867319579
0
121174328
831676444
324088829
95997696
77356
0
0
311141724
0
0
492734780
286924600
0
0
17248128
293697136
0
0
140883160
0
0
0
906682186
4827608
107604
0
0
0
654323014
0
0
2800360
0
767527312
65857505
0
194537352
60528
0
0
0
467712
0
645844584
26635552
0
0
0
0
537953545
0
0
0
168202988
0
735663813
507131691
430800321
3147696
0
0
780701644
0
54565716
4128
0
140390747
0
0
0
957473720
642494457
220440497
313448477
763165306
0
54167832
893439457
0
0
444461760
248890527
0
0
504122400
474207211
736997648
7040
193114464
934879649
526488
0
45638690
0
0
163801928
381942740
44639424
0
202218090
19068116
45605104
840198052
249870063
812788776
15239720
0
0
0
0
0
780449249
707136
0
0
2688
624742135
0
275834092
458011225
0
32986976
0
681992256
168202988
0
497746057
0
62310714
568239320
0
96132566
23999424
0
0
0
0
0
0
32943330
543981495
0
690489359
974305100
0
0
681869794
184289331
881572242
0
0
0
732885497
0
987264
251120
384
203243328
405517096
0
0
0
156842012
687101205
0
253423705
826198915
104832
0
398669541
708372961
0
6971712
0
0
18718269
313678199
0
128160
0
43135184
0
443285353
0
48611232
313835064
614479477
0
0
0
0
0
72927592
0
0
0
852264105
0
882181457
880246631
0
81806424
264273600
0
0
0
74739232
210889286
0
1939462
372343966
0
26210949
312559343
0
4220784
11159856
7693467
146608514
735432593
0
0
0
0
233620
0
778859554
162781140
141573324
0
730345855
0
0
31335230
108375213
0
53324
0
0
0
0
837792
0
0
0
0
322855869
0
8955312
919203486
0
0
0
7520
857396354
299812528
0
651128849
356663573
0
648780
386132074
489365220
118608705
792055703
912058752
192384603
0
247132562
0
13804093
13129248
0
0
0
0
392923760
779154000
0
0
91786181
481501308
939880761
0
0
0
481501308
0
562098679
0
757942813
6700544
0
249793794
130944
133574989
797503464
0
3518316
557996340
248195288
151605167
690210462
654323014
0
0
96
0
599526835
185954323
715555932
0
0
152645153
0
176949479
0
514230141
6851029
393599685
0
0
0
0
116992
0
14762304
19230394
266486264
126612144
467544533
480107586
0
0
0
36265344
2228928
28902379
44518224
0
525042642
318100392
226512
0
357839111
0
919529478
0
0
0
293007625
0
38175432
211559000
0
659886008
178724348
0
979897049
0
615002489
947076606
0
706704654
700177208
515854651
735432593
0
0
814691822
0
151461191
290835880
45605104
9056
957789882
699893783
280473214
0
192468747
395016579
600136830
723869651
0
882513656
0
987777739
298686032
563416255
0
0
0
0
967049628
924400067
0
0
530436
0
0
849168787
44818912
615376220
307892166
0
973343951
0
0
798355643
10496
14671950
0
909584200
0
0
2868048
84505882
773278058
41670394
0
0
0
0
0
24518049
734846806
621244852
0
0
987264
505234459
877040
778907559
0
375216610
666775140
493035264
0
136919482
0
238792
0
624191381
105335568
0
0
0
0
788387795
393896081
0
0
3518316
8846032
943015767
32025622
0
0
610656402
0
0
0
0
0
0
36234436
0
0
326838820
0
0
555524136
15648199
0
427646786
566168
999120557
201820929
0
90109172
600823070
631171384
823852033
79241256
0
0
0
0
413876196
653242930
880246631
0
0
13804093
0
474207211
0
0
895731344
7207880
175249440
835003612
0
0
0
4389832
919529478
76255815
1044864
983060842
135480
0
57888
939412399
3020696
0
801980358
16028512
0
303537218
679321639
0
106688
388263956
759052423
47998848
0
0
530442961
23671632
0
313678199
81806424
0
0
940339442
423366085
22713504
0
0
256996816
417955925
145396469
70145420
0
0
0
527004918
107991242
0
823852033
741892593
0
880749576
0
671318432
0
57966648
0
54167832
496167484
0
148958870
814670448
0
0
0
256268985
108036200
2868048
800265205
0
0
90243316
0
420879813
0
742101275
5055028
0
0
649862074
0
959629750
865127103
0
1667424
0
0
294068425
423469822
748011004
0
0
649536010
134297461
0
0
541079410
0
0
495516554
0
0
441904336
563400096
1280
1192
540750676
0
346887940
424696
0
425844827
0
14671950
527004918
333004413
110478912
27552
981802863
549270146
0
629734370
0
0
32025622
0
0
435031581
445440
614396943
183550421
2624
0
392526892
104653322
0
514817102
28282528
618368039
0
0
0
0
779154000
0
0
318914445
0
50810832
0
180402431
0
0
0
864493674
0
222720
975332428
600823070
4220784
299812528
325334837
0
212946316
931922442
180675271
0
0
38175432
0
748011004
0
0
559150279
0
232777091
0
271170315
675489987
782721691
1368584
865827563
0
526194642
0
327200266
672816261
0
381942740
45936
0
0
0
974305100
0
0
0
801480488
312292800
970862394
0
830850755
891907799
8192
569613313
488450682
830425242
0
77356
0
0
1296
745691204
0
0
159359280
256996816
151461191
48657600
192333824
0
0
1411488
117314900
8192
648780
463184738
543020956
0
0
0
880202332
6243776
0
63430561
0
952821560
0
0
0
0
0
104832
0
104942737
0
0
4633040
58598448
899023644
0
368725835
369623301
3631988
0
5664
191504808
849275673
0
436960967
0
0
500861277
0
312559343
0
617096151
0
403776
0
987264
0
441302315
0
0
544341609
151278228
0
499522748
123768
0
213132645
64668453
503400362
26208
0
983634095
0
0
390392717
738870882
0
312183014
310218071
0
964777144
0
20683336
0
0
0
30991444
168202988
0
783510793
0
0
0
0
562098679
602924983
512412000
403354228
0
437254914
0
421342272
0
0
0
0
0
0
509448907
16302632
0
323707347
2660720
369955290
297250983
212887150
1424304
677693593
352693012
0
129982962
688865505
0
0
378206868
0
662158626
0
0
107220838
368676889
82631606
974034901
0
0
0
844443615
0
579711960
557992213
0
620530062
0
6388992
0
0
754085706
0
301274920
0
0
64080
661900
988281394
405853516
530436
0
515523514
836291968
568876903
0
436642397
0
0
299812528
73685655
495596929
0
831433152
0
398765578
303639452
370033044
0
882035439
2942752
293054091
609443021
958730797
982561410
0
361307253
20240354
0
72927592
12384
244992
166787091
0
612849050
0
216145261
0
0
2660720
178724348
58302110
0
864736227
560635265
0
0
0
288105268
7693467
0
0
381232927
250451420
0
0
203243328
789301340
0
0
837792
659840594
0
169036558
431932959
118608705
778859554
0
317337894
269368411
0
0
0
0
11554413
0
3336463
65664
0
0
0
0
0
820210810
616914207
0
0
0
275437647
0
291812729
617096151
361728
0
532393792
582889221
541378984
50339411
111360
706748932
0
0
0
592655152
0
0
333870135
560333233
882440491
0
163763356
40006999
441006064
439252464
0
0
65857505
0
716114154
0
0
562537855
138996528
0
647290215
75377551
0
0
0
0
861591800
56585264
1836384
0
0
0
116776
590529415
0
228879130
746442324
794252600
0
967650734
650117401
0
144793782
0
0
0
0
0
0
0
119107267
0
0
121680
937961102
0
293054091
23671632
892435672
329420774
0
403354228
548459769
835554233
0
134173010
505234459
0
142576776
0
46217550
936481608
3264
343299487
617084053
491313314
0
64080
748011004
325334837
14904
788857469
174145687
312559343
3786984
580593487
0
595716350
836452209
63120060
337761380
0
66203474
0
0
418236642
0
390014496
3840
530457477
0
0
256996816
0
0
183016563
398765578
0
458509276
0
547167420
328012080
0
111360
403354228
188255922
0
626499386
0
242988608
800161507
38175432
0
58075776
564459232
26423960
303537218
914145242
329420774
790132119
603928679
0
0
927043326
91184040
35569231
681698869
123380
0
723889963
0
621244852
0
831433152
690817033
802834571
60521972
35938144
352693012
292778751
814433341
0
880476373
0
0
418030005
814433341
0
443285353
316339924
26208
536855132
946069008
231513901
716513128
539859268
761006825
491354838
605664
110328
0
8846032
0
446341729
0
543981495
770252725
3672768
778907559
0
0
194714504
0
0
0
0
977540324
160827923
0
699677904
265749696
4389832
0
0
205487628
246431047
601151812
0
0
447392674
772270744
0
0
220694064
3840
0
0
0
903895705
0
0
249793794
812546603
0
927043326
480107586
854021816
359687725
535417406
0
0
543981495
0
0
303537218
206703615
0
0
1103544
436738736
0
0
635921112
0
0
37232
0
0
758008549
547504608
892435672
632995435
203658467
981302723
0
0
0
895308795
366366060
94364
521150204
338980491
20590592
0
717378057
0
242552945
160568657
0
26103460
0
0
0
0
0
0
0
0
403354228
0
27431008
0
0
0
977326427
0
38175432
455982706
0
852264105
672706823
0
41091649
0
0
420816
0
110328
13627284
175249440
525481621
801980358
0
0
0
0
0
264037191
0
73326434
882513656
870755785
0
9791104
7275184
148958870
0
713746182
0
0
0
937961102
0
0
0
390268980
0
193612485
0
483984197
685350654
694268980
335503030
0
1155048
188812
788857469
0
0
879358874
557992213
1384416
703485196
0
0
548630826
0
0
0
440661225
0
527702438
576238704
0
892663928
16727264
284608
284271120
19068116
313692556
1148556
0
556880290
666775140
443285353
0
0
572666076
0
0
907215400
9023616
129844044
0
32025622
40547540
0
0
826198915
150986210
403232664
584886928
299812528
301197968
0
729096764
940216746
0
0
0
36955838
334974551
984424003
617084053
0
604034339
336256764
0
818409958
696872511
0
0
861591800
894849663
887574301
0
0
557996340
0
641870639
0
707473783
0
324538560
726587139
9182520
50810832
0
850077988
0
0
455982706
0
124887808
0
807552
62984047
504033408
898641592
225954793
0
36265344
1920
271079120
38400
0
427646786
824429763
0
0
358812817
919448359
0
899026660
1424304
44639424
0
0
280326795
34436660
0
281470828
397938366
0
105248
69775752
269474852
297268612
299266010
668568
380738483
0
501056840
0
0
773740383
0
88156607
909491120
0
934720808
9216
0
742101275
0
544341609
0
935513259
50033544
992777432
6243776
0
0
0
503400362
0
11159856
0
0
288342778
0
193612485
101621664
0
0
2738704
508312440
496176728
25634687
855214135
0
0
880246631
12948640
0
662627730
106157671
760166474
256848959
0
688345747
0
306541850
0
880202332
0
0
333335105
0
0
0
111833760
742759800
328427227
1414280
0
848866544
338080
499501899
183550421
480344739
1211328
0
0
530436
3283248
90109172
300388098
0
291546022
0
543084845
732279048
783190484
885847533
175955117
641870639
0
339559152
68467044
0
0
58075776
291578079
884477695
738870882
708075419
2660720
267264
103383512
0
20240354
0
3040
791498804
0
0
0
469768709
0
826198915
23999424
932770088
37232
0
166787091
200100111
0
32025622
65664
568368
1310688
518007909
601344
0
0
187326321
1845888
27392
767048400
410263084
12444608
467766753
0
50810832
629734370
603928679
806138355
0
0
0
693037540
756319679
0
158602489
989449039
136919482
0
986622170
560001672
0
91737588
313678199
0
175956672
0
887574301
557992213
525106416
1566720
71998272
719997016
4220784
0
0
192333824
0
778859554
509790425
0
240360
0
0
0
0
0
854577855
0
0
591686743
0
0
898078907
0
0
0
581553130
0
1227424
0
0
761867807
12096
560217422
0
231679100
0
891120945
0
443392
0
0
0
0
0
731978496
390392717
57888
0
203243328
0
0
515523514
0
269368411
533485480
4389832
0
0
940216746
761006825
284608
717378057
389849428
0
0
600023421
505234459
0
893741038
0
0
694268980
89274317
0
42723814
210889286
0
147507174
0
0
0
8955312
295941193
520502709
32025622
398768612
0
557992213
0
0
470314501
530457477
0
0
0
0
0
543020956
0
277259992
0
905072570
27929836
421133421
0
0
594144384
0
1280
0
0
1645792
495609711
0
262157573
0
783750804
72604376
0
0
737736137
0
886134563
0
0
0
662402190
0
770197144
448278381
418896
977740734
0
0
0
0
0
901129729
623616
756620478
1440
0
3979008
0
265597558
0
5252376
0
0
0
927950400
0
52416
0
132952696
264930576
0
0
724769614
0
3979008
0
802834571
817031471
0
235439040
0
16727264
9791104
418896
0
756319679
248615193
312559343
193040471
0
0
318914445
470314501
580480
218590513
597407341
0
0
0
0
0
970156853
31838250
0
601344
0
0
0
0
0
0
650117401
0
686073602
0
567178138
690489359
0
0
285799097
530457477
0
574709639
462527932
0
0
123821400
0
8275366
0
561974330
0
3686083
1402416
648545275
256848959
658723659
717899644
168604688
0
0
0
975332428
0
114794880
0
202453112
0
44540
50810832
74628745
0
0
0
913347806
0
445440
974034901
0
591512714
0
2592
0
0
231100
0
3914872
0
0
0
0
0
0
837792
0
855214135
344257598
777099512
34154472
193757536
673884
0
0
648490283
775280759
0
0
0
983703185
91461008
0
0
0
27431008
758005526
0
73326434
0
145648
0
16727264
0
0
98526170
0
0
313577942
256661664
1432104
0
0
204264194
994334939
36234436
0
882035439
87337264
432000
187326321
828165450
1663696
964777144
0
3072
38988368
695963161
947756688
107604
0
267108686
0
589915029
3940372
1939462
0
921657182
0
297268612
371633503
133632
0
0
606605006
591512714
34790712
0
252628442
0
0
305272
0
0
79357852
0
0
181472428
171816
0
0
183550421
0
0
461472
305272
592313079
0
289891068
0
0
0
0
0
581240193
239065608
807552
384
783840722
0
0
0
0
0
0
0
0
515523514
0
1344
0
0
22079136
761006825
903029901
0
0
0
0
1424304
590529415
0
0
47612600
516665278
0
0
0
0
0
954784852
0
983060842
0
600287975
37089296
572666076
0
16092672
600136830
3615552
384
50419104
996440125
0
3256200
0
214403406
521314366
0
142576776
0
821471241
801480488
0
989983415
0
200100111
149999250
475865642
812156030
3840
2472800
555319174
2422656
0
324968168
880202332
410263084
0
0
0
0
0
0
504488544
960588735
668631740
0
0
0
464205332
364941150
3264
721309568
150986210
0
801480488
442078934
0
563416255
315576286
0
0
0
0
0
265597558
0
2624304
0
54509840
0
0
0
0
753667299
308077956
833551314
7790928
1440
0
0
0
611321536
0
1344
2223828
0
0
0
0
0
36637792
549270146
342637189
770007514
468527980
93286685
0
0
0
303639452
552848394
1424304
0
310914384
0
0
769187901
292778751
0
7984384
26720
0
0
0
0
0
870751897
293349838
686101628
667049358
90211532
942648285
0
553645020
0
2422656
0
44639424
412792733
221186814
0
0
0
0
576238704
519683858
511048527
3518316
0
0
104832
714329426
0
0
175956672
180402431
669226294
0
231989265
855199656
0
288
0
0
532393792
837792
386741228
0
0
0
880202332
44540
140173774
0
831676444
0
0
1205184
383018992
0
745944
785630789
0
0
180751482
3313872
0
0
0
31488
0
0
783750804
14259064
761006825
0
465911944
79357852
0
1017336
104832
0
0
430501644
203658467
68105240
0
0
0
299886683
0
0
0
849846291
0
3168960
990955608
0
783501278
0
0
192997702
0
397938366
563400096
267108686
0
947076606
0
0
2464
2864208
53584
0
886997548
0
0
505413236
407402119
0
189401085
324088829
0
0
496526021
0
444133233
289120
1424304
248890527
403354228
497449131
0
708075419
0
210408
0
0
696161497
782721691
85074991
0
0
451580585
0
2800360
0
871122021
66596208
0
0
421581308
142800
0
0
507131691
865827563
672816261
0
7693467
55672
0
0
0
0
173987221
5962464
341675952
637172020
392923760
311141724
203243328
0
0
656192666
638805612
106157671
0
801980358
0
0
23136
180675271
7693467
0
0
746442324
363018895
0
461472
733512876
708075419
745944
0
107604
455982706
263485906
0
0
73685655
476544196
192468747
0
0
101621664
0
271112206
0
760573826
0
0
0
134276149
203243328
835725672
0
28912
0
974812124
912411798
154623871
0
5108544
175654550
0
871058098
0
0
820210810
741657309
13037984
0
0
0
53897536
437069218
0
497449131
148958870
335457825
0
498913540
0
0
0
0
0
0
0
0
23136
984424003
271170315
422405727
0
0
685890024
337761380
291546022
928161320
560333233
507131691
869869474
364592
0
0
0
397938366
0
862276528
280905050
944796534
31189664
7693467
4845312
0
0
0
276480
94185936
361307253
147292065
358504324
0
178336420
0
673776
25668216
31803888
0
110484539
733512876
0
0
0
5952
0
932025866
351642985
713746182
929462780
649862074
0
0
0
0
640090359
0
1211328
405853516
0
9791104
0
72181326
0
69775752
0
167745363
7693467
0
785137847
0
0
0
487072303
200100111
373013440
0
698255623
811342711
567936597
0
0
0
0
0
754861243
0
338301494
0
452732111
0
733512876
0
0
0
192468747
0
180030620
0
0
0
38988368
107971682
0
310218071
89969246
260083891
685152600
255181478
412427898
930358123
0
118224
230406586
719806113
0
0
1845888
0
0
25668216
0
0
4819424
639441216
0
0
251928
0
0
295941193
0
92178252
0
736151957
562431849
89301600
80842921
0
0
0
508964733
319412263
0
290826364
0
0
0
0
0
0
679044764
734846806
129982962
0
291578079
0
114641479
116750599
0
2136456
0
69234168
0
96764379
484070716
192384603
0
0
623616
0
0
0
0
0
238722757
0
568239320
9791104
885653493
0
0
730100713
0
0
478435458
307829048
744936
0
880680913
0
961641816
10261234
780701644
0
0
0
0
3283248
0
434725309
762065756
546515080
329383167
2624
0
460185014
0
0
0
290735014
117067018
417036263
486522465
0
0
0
338980491
814433341
219895374
491313314
0
193295018
807552
6627744
2018128
45691360
0
783840722
0
133499733
984240
4575744
0
0
0
183506170
557996340
841438986
525042642
372343966
0
80842921
34016
420816
111833760
0
598114272
0
780701644
0
0
0
0
17932368
0
512
0
411130980
833184376
0
0
277259992
549639401
797933128
907414703
0
0
384
213547610
0
0
0
0
2560
0
1321584
880680913
370327597
282384784
192491029
0
101524
183121246
386741228
38988368
0
338543823
421833976
0
0
987777739
305272
0
0
0
956881953
506323570
0
0
5704128
444747482
0
12758064
323277821
0
4920768
0
0
318858637
85850827
0
0
0
0
761867807
854021816
70260928
409387609
33984
0
356711330
294068425
0
0
0
563400096
676959789
98759232
0
66596208
205487628
0
568
601224
0
146186088
10740880
0
0
0
0
346091159
342953149
0
0
683737059
797503464
0
953159154
0
0
0
1572552
666775140
0
0
780701644
16128
2738704
297250983
0
0
66627624
3098992
595716350
0
517142810
483984197
0
0
0
0
0
0
0
782721691
566765847
0
0
213767828
410263084
591512714
432154712
0
0
327200266
293349838
0
0
229295745
443285353
677746580
173543834
0
0
789033236
3518316
0
1424304
0
708075419
306541850
0
0
0
1418400
0
111360
0
0
0
0
0
631419242
178316563
3098992
7207880
0
50810832
785178890
132786992
0
2136456
80842921
649836175
748323212
698044524
0
0
21284370
537839069
0
5952
912010479
40859645
0
0
557996340
437630344
0
875226177
984016080
395016579
0
0
0
0
947609246
0
603928679
695963161
104832
86879377
42723814
0
0
792333211
0
82702036
0
909584200
0
1321584
201573312
0
521314366
696872511
0
350627121
34790712
0
0
721309568
252848512
242358431
959574642
0
351245037
0
0
0
7040
4633040
2660720
475616490
559150279
200100111
0
264273600
0
0
0
0
194714504
697067962
388996704
686101628
51260128
37534970
0
0
148958870
885653493
568765338
62984047
2064
0
367199422
0
0
522365748
0
27939092
0
812923913
755179224
0
0
831676444
0
806453318
443285353
0
77918849
192877614
969033016
183506170
0
0
274725126
294068425
0
736791978
0
65857505
0
0
0
0
0
0
651128849
536532696
0
26210949
3313872
96686974
0
0
3518316
0
492070132
2975674
88387182
0
72610712
392475711
542327769
0
667724503
882035439
225954793
50033544
0
0
0
192468747
0
0
0
0
222213744
0
0
481932378
767048400
0
0
0
911584027
772270744
173472
990467333
0
0
0
0
0
0
0
798350602
317106276
0
76761112
0
2467440
982231652
253288
474398010
0
56656176
788387795
761132752
878931339
0
0
0
84085832
134417347
0
0
0
606605006
392475711
485024670
147965377
602495151
0
710352531
20590592
200100111
0
142007248
0
611821370
814433341
318858637
0
0
264273600
0
715555932
389000696
381232927
0
0
3020696
0
384
293349838
23999424
0
0
0
1588916
695409058
0
705684055
444747482
739434761
26103460
0
0
746914922
0
0
0
0
0
0
954340681
602924983
592655152
615376220
0
767527312
554362594
755179224
227751796
0
987264
141429630
927950400
0
0
0
512
6511860
349416755
0
383667205
611321536
971951055
0
921669353
0
479427632
0
0
824128326
884477695
650662075
3979008
0
0
579035515
269254594
56089297
130199577
324538560
565047079
0
339718560
843161565
850862545
0
0
0
0
0
617096151
542622046
541429152
370327597
0
0
140273475
253560546
54167832
17072832
0
0
63430561
668631740
0
203243328
0
786270036
610741515
0
4224
785519174
801480488
658709435
0
0
496419223
869936639
940893851
0
0
0
26192
929462780
783501278
1424304
0
0
0
532272455
223913488
62984047
403232664
0
155517621
186647668
800265205
929233752
0
876166115
0
498697654
28438694
146186088
319848632
172716956
0
0
303537218
1572552
0
29524608
0
110328
0
77356
14671950
296998167
801792
642374797
0
557415764
811342711
0
606605006
783840722
0
77356
0
0
0
708372961
519414456
738870882
0
0
0
3256200
44252160
0
0
599526835
720414567
0
211904769
947353387
79241256
338416536
0
0
1920
198347687
56872904
203243328
254073523
0
0
0
820066129
505234459
163987964
91737588
688923438
44639424
37790952
587967531
0
403471814
0
369255967
170095410
514511322
234200136
372915475
0
906682186
0
0
0
210666818
0
307829048
0
391851791
138240
0
154907904
0
202109666
4224
192997702
0
6971712
0
64609321
0
192
36955838
0
0
0
708372961
0
1836384
558291603
0
203658467
735663813
0
518007909
0
384
216940710
858670912
0
0
779644034
188255922
0
0
0
0
367583674
611321536
0
688644438
45455344
104034592
932725034
0
0
0
865127103
214351189
4575744
0
874028136
154907904
761236490
0
720414567
0
8275366
906682186
807552
990955608
0
561974330
36936053
0
761006825
1662656
0
807552
621490860
7693467
23999424
497449131
640250512
719806113
0
34016
0
721689115
904807748
487572057
92102336
489931278
0
0
586327990
0
183550421
0
24651664
0
338301494
230187033
850077988
0
0
639534075
3979008
213547610
4447656
0
973343951
63578576
315576286
0
195439602
534566700
0
0
231679100
0
66234072
0
721689115
1480896
0
0
45605104
0
0
106094395
409322545
0
0
259707356
313678199
795880310
258250172
2838080
297250983
937961102
0
203243328
7486756
5345472
0
0
0
582889221
867030457
140273475
0
64080
0
210889286
419761172
329143057
0
723869651
689112630
0
0
0
0
106688
423684
69530021
443285353
748323212
0
0
0
319412263
0
922611553
233620
0
160568657
0
555499281
580639021
0
84417264
0
730410249
0
1714888
405853516
1211328
183506170
117067018
0
0
662402190
0
0
0
233620
0
837363218
0
757942813
0
285949556
303188944
0
166020896
0
96
183506170
173097988
611321536
0
0
0
0
0
233825879
0
987777739
447923084
0
192333824
0
616191159
0
165363520
256999461
0
649232693
0
0
66627624
218590513
3615552
0
203850141
1029744
16302632
202872489
367199422
205487628
3840
740721491
345695604
56585264
945034974
0
0
215208
0
742989325
4320
0
0
1536
0
38269659
354052718
0
200100111
0
524048705
393304379
0
0
0
0
46748928
0
2129664
402738670
190545780
828165450
0
0
28902379
0
814627696
0
0
862624762
94652244
0
0
1424304
0
574709639
498697654
0
969033016
286217863
0
329313285
922611553
848866544
2688
41187252
0
0
147002337
0
72607544
250787144
850077988
3521192
617379012
0
0
0
707473783
203850141
111031269
0
0
832048576
57850881
749202543
0
116750599
19068116
166020896
864459516
879086641
0
301274920
898078907
854054192
0
870765816
51260128
453445849
0
879373638
0
0
0
490842928
0
748323212
640090359
140883160
0
0
441006064
0
0
370033044
284608
0
596304934
445718028
275150140
499522748
541155932
147236453
57888
327867192
351445942
0
0
59576
0
104832
404390080
1368584
0
0
0
25408
0
1368584
0
0
0
0
0
704477343
1709056
299812528
0
0
266944720
990955608
0
0
0
0
103320
19667747
0
658621957
519561941
188255922
608785479
880246631
0
0
13037984
299812528
3518316
0
0
0
0
983060842
0
782721691
614479477
556654465
7231104
0
0
2583856
0
0
654400886
962012017
0
0
1155048
9023616
923438943
290951744
25408
960
3007872
294068425
864908805
0
0
0
509968436
75377551
0
0
13255488
927950400
517142810
0
0
429770027
600136830
443285353
0
807750556
0
168604688
0
0
423648
0
72604376
656942344
452560318
0
194714504
0
0
50810832
45605104
801792
0
0
873805483
0
944806647
3040
0
0
947353387
0
683737059
823073446
685140905
0
547853376
621490860
0
0
3518316
939112080
879373638
0
43378824
501056840
0
0
418099967
229137395
913393404
323421274
567178138
244616114
130199577
15239720
0
0
262550809
0
0
3227840
650813548
0
13255488
36234436
205697856
761006825
0
915480567
463596355
940893851
0
0
0
0
62984047
0
152645301
116627865
0
327665801
0
421824584
58775584
0
854021816
0
206320899
37790952
890624555
193114464
360828559
60091552
0
617096151
0
0
8846032
0
0
418030005
559346662
292778751
462459481
882035439
297250983
147965377
0
951728927
0
0
939412399
0
0
0
712991665
576238704
557996340
0
95997696
0
10420274
133456756
0
0
576238704
0
0
342682615
0
55010688
1654992
304317264
599526835
0
0
0
0
0
547330274
579682348
190570911
322210910
0
0
0
0
0
0
0
13255488
0
0
400896
0
597134745
0
204177969
384
0
0
0
193612485
47998848
276792556
0
737736137
456564081
0
957789882
68790898
0
0
652364
247923380
1368584
837792
828000121
0
0
297250983
0
192997702
0
746442324
991298169
603928679
0
0
0
849275673
456868469
0
0
555524136
413085967
445576992
105248
0
101621664
12780096
104942737
685152600
0
0
488049945
280788780
94185936
0
0
900720923
95997696
0
4224
923438943
230254603
460135076
0
0
74934310
485024670
580480
3518316
899023644
168604688
481501308
149999250
0
7040
0
0
881525478
0
384
262816
123641200
1226080
981302723
866474768
0
81574033
0
0
0
13627284
914145242
858670912
757453332
48657600
542327769
238949548
987927800
231992671
0
27610753
820662486
0
805861451
26103460
369255967
144793782
535417406
0
101621664
749305370
837792
575896662
3979008
105897789
147292065
6971712
0
617096151
0
392526892
107991242
510274905
481501308
414769314
0
86496061
0
0
0
13255488
3801688
4220784
36234436
0
0
0
621490860
35569231
497449131
166407628
785519174
0
37392000
2018128
831546363
864493674
1424304
767554422
0
3518316
0
938033876
32025622
26208
151927937
62984047
7520
253445957
0
0
0
530436
437069218
0
590511743
0
0
50810832
368967339
2784
508024
200448
4993840
0
323421274
324588128
449742638
0
573568345
587224205
7486756
0
1205184
738870882
84505882
303639452
480
0
628993538
755179224
718991541
0
14391036
19346676
932695256
0
26720
344513958
0
0
0
617084053
0
0
458509276
0
0
14391036
0
0
70693097
476544196
0
0
0
974812124
0
2033088
771525690
350055073
0
13161334
759052423
0
761880904
616191159
0
0
677693593
392923760
0
0
523964219
54737252
0
974305100
0
0
600244065
0
397938366
0
777901060
0
390268980
0
0
5345472
0
690567338
0
54167832
0
681992256
356711330
0
54744928
952286989
912411798
0
13255488
849305754
369346885
0
590511743
929462780
0
0
0
0
0
494427130
26006973
0
404390080
403354228
0
649836175
532229718
0
730561676
75377551
0
0
0
0
0
879358874
155517621
193040471
801792
276900318
0
0
169789721
0
0
437630344
0
0
0
450572819
0
0
81281586
0
0
841438986
1387920
623576286
569613313
101519675
772890033
0
96
0
0
44518224
0
794021522
0
755179224
547062250
942990759
358242075
306371881
0
757453332
0
677746580
2223828
0
0
130011748
0
0
176309860
708372961
0
72448249
6243776
0
674206674
36234436
689112630
1424304
483566296
0
107604
441843830
183016563
2422656
435031581
0
0
3313872
0
26641656
46217550
0
491742925
0
50875160
0
0
95760912
533485480
471633398
0
855199656
318000960
281561075
761006825
785178890
0
765605900
262692176
310914384
347512
375216610
0
386132074
5664
826198915
13129248
0
385063911
0
37790952
662402190
156842012
7207880
876237870
0
637426085
0
0
0
0
0
800278939
830850755
368676889
281470828
818827739
3840
0
0
487608505
811342711
1987488
192384603
0
0
0
0
203243328
0
334582896
594515025
0
760573826
934505108
0
0
0
0
0
0
0
684044749
773776722
0
115776
787658364
0
129844044
1002720
96
0
0
958247405
761006825
0
0
460802592
420846878
0
816040999
497449131
732279048
0
4146912
1119148
949049576
298662022
920484140
215830887
0
9403680
885847533
526074871
880476373
541429152
0
783750804
32986976
1463196
507131691
0
747939835
96
0
50810832
211559000
0
0
0
764331316
880246631
0
0
0
4543530
21284370
334582896
0
0
0
0
0
464871794
920484140
272763408
0
0
636039522
716513128
59161784
0
0
189922366
637172020
390343544
91737588
852264105
0
462666925
0
500057267
0
550080720
136919482
0
22714902
0
0
79080396
167745363
38269659
798912916
0
0
15239720
0
0
0
0
744936
0
0
93286685
0
192333824
436930745
896503237
0
0
0
0
5120
0
758015497
9023616
561974330
0
0
898078907
543020956
0
0
615376220
0
0
58465013
0
63578576
1536
0
0
0
0
451580585
0
432
84266887
339718560
0
0
0
0
23999424
1280
0
68936472
138996528
4827608
0
203243328
973439460
0
289294682
0
0
284556056
0
0
1434024
0
221696
0
48472224
88020816
0
94185936
621490860
469768709
0
0
60528
0
0
0
0
557996340
145562949
877094263
11321632
368967339
0
0
0
0
0
591512714
3072
0
0
785178890
505234459
416280
133300249
203243328
53376
0
489267545
639441216
0
0
36234436
53975120
0
0
390873709
93595163
191504808
1411488
0
0
434057123
412427898
505234459
0
0
0
0
317140272
1211328
42794751
4633040
526488
664097299
1026000
267108686
0
741892593
0
0
0
6627264
187326321
64080
688345747
798912916
433131182
0
0
0
66234072
656429853
770778183
0
488450682
0
72604376
998753079
0
0
526488
0
0
25408
0
0
104832
0
0
888575970
140173774
0
957868580
0
318000960
327867192
416684772
0
0
33993696
338080
0
573520411
799611726
0
600096859
0
0
266944720
0
0
174629623
0
0
531705381
0
0
0
180312741
0
873595868
0
788284091
0
0
0
597212803
0
0
18837960
0
106672298
0
390436746
0
1520
0
0
0
686073602
0
0
1205184
0
0
964777144
861591800
0
0
0
116592
947353387
0
0
0
914563554
34016
734846806
203658467
0
855112555
774129804
5995312
765984
927950400
453437363
11159856
599526835
0
26208
0
0
13736
801480488
11899395
0
0
923438943
379335781
317337894
252739200
921669353
0
0
578861159
1224402
757312742
0
0
375336352
0
86736
0
804484291
0
0
831492553
0
3831336
2688
252628442
764971774
3521192
0
457192010
931988089
903502020
2459916
0
988439456
0
576
64080
0
213132645
0
233620
759052423
443146787
0
0
0
515819941
280326795
0
0
42343976
0
251120
246638105
0
0
0
0
980899058
0
0
0
163912839
0
0
923438943
0
0
0
5084960
0
1536
376300925
0
601224
486298246
205487628
26210949
168604688
356663573
675514344
0
0
230187033
0
0
0
0
203658467
0
0
0
0
134297461
26006973
1525248
0
0
0
0
0
136704
0
0
0
461472
27209248
0
177680
180402431
0
0
0
342406895
0
0
45058016
0
0
0
0
0
1939462
132786992
0
0
0
462459481
760573826
0
2864208
401286522
0
0
603928679
0
86006154
0
0
573520411
0
785178890
656688661
0
0
0
707136
96
0
182236886
0
0
0
0
495609711
90391010
703676655
0
180036928
420417790
0
331440333
624191381
0
0
767527312
9791104
50033544
0
724769614
0
0
4920768
0
508024
246431047
0
0
0
3615552
0
748533851
631934135
0
770778183
543981495
0
7486756
0
0
0
11759968
136711594
0
134297461
378804732
572766174
745722571
971951055
0
198074277
345225532
0
0
0
0
0
0
0
557996340
326397993
267264
728326442
16832
251700657
9791104
562431849
0
0
0
745414960
541697084
621961064
2784
539076883
0
0
0
4447656
0
532393792
0
499104859
138996528
1119148
895308795
151777235
0
536855132
0
271170315
50810832
0
57888
0
508595025
267264
10875694
0
0
0
27263584
0
764331316
98759232
0
116592
163512637
11159856
0
17192837
0
0
0
0
0
0
0
771310726
840338898
0
891120945
608541981
0
837792
0
0
0
0
286924600
208207055
979968
0
200448
0
685350654
0
347512
0
694268980
885865968
551340389
0
334413721
0
0
458011225
518911796
0
420999862
199162303
3264
939723317
351642985
10875694
991704
0
0
1310688
572666076
105335568
0
0
0
50832
364941150
693768538
106094395
698255623
617084053
445576992
52769028
172716956
203658467
527347169
0
44890639
0
0
27610753
432
0
0
0
390050340
372343966
0
3840
0
0
274725126
0
50810832
32072832
0
809365629
72607544
0
0
0
0
13804093
374450885
297268612
940893851
349889050
811340308
0
0
507131691
0
953115527
521361642
0
927043326
6951184
0
9850912
54167832
0
0
0
629734370
0
0
0
0
54744928
0
107417155
0
0
12217764
872977756
0
432
0
173543834
114932059
0
0
686073602
0
488049945
96
927467725
434958742
0
0
927043326
797933128
420879813
0
895308795
153347162
54167832
760166474
0
0
0
0
393599685
68105240
481501308
0
0
350702288
26208
693768538
0
568368
505413236
509968436
192
0
409771307
0
988439456
267108686
310494053
0
0
199162303
579035515
32943330
0
0
635921112
541648
696046286
118100577
0
0
0
0
415000171
0
0
0
885078884
375216610
423366085
203658467
0
0
0
0
11845800
0
563416255
0
0
0
22163179
879358874
428945558
288105268
27552
72610712
50810832
0
248539628
0
868997477
800796
0
874167354
0
462235968
0
2304
0
0
461262580
992018018
67702876
0
2136456
173543834
601492084
0
0
497449131
0
0
294068425
0
0
0
1520
801480488
0
1526796
410263084
1236756
734976
8955312
0
833551314
0
913347806
0
0
0
74419255
84266887
403354228
0
511048527
0
671098976
131545256
0
0
200100111
600136830
892787578
397938366
111360
0
463758104
0
0
838853180
3626368
758015497
920966979
95760912
0
200448
203243328
295941193
2660720
420879813
543020956
735004259
852264105
0
0
656688661
0
0
249870063
0
131995880
0
369124389
853996646
879358874
392475711
0
0
0
691439679
0
708075419
664715746
369124389
547062250
0
0
997442816
0
0
0
0
410584741
989909417
0
0
760573826
787658364
0
20291043
0
0
0
940216746
79357852
93595163
0
856634199
0
0
919529478
0
0
0
141429630
6243776
294068425
96
384
20240354
746208
0
0
0
2657113
0
43135184
103562016
231955930
469407111
21957496
576
294068425
735663813
0
212946316
0
0
26192
760166474
0
216145261
13335520
0
0
0
989564905
0
0
0
642054120
0
72610712
0
0
192
125770272
0
742989325
0
937867896
656192666
277259992
16968456
680097257
0
293007625
11924928
0
560333233
222720
0
0
1845888
0
0
2798632
0
0
0
974812124
0
2807816
0
73326434
0
274568091
0
0
950426416
96
801480488
629939270
487047579
210889286
13129248
740943180
247887795
0
633296028
0
0
980899058
0
0
699677904
879373638
0
0
329383167
0
1572552
0
0
383018992
70145420
111360
26208
138927328
0
0
0
193114464
0
0
661577805
568368
0
0
334592
96
42647412
5055028
412427898
850773240
0
736909717
0
42647412
0
0
0
0
195439602
0
0
0
3672768
0
0
450572819
0
345225532
386760302
578689657
32025622
0
1310688
0
940339442
0
879358874
0
0
147752729
0
929735034
0
0
0
717395460
7987840
324886837
650662075
0
845578214
0
0
393426849
0
588510463
0
62091376
940216746
215208
0
0
0
0
299812528
0
0
21654094
347102764
505234459
192333824
0
10659032
0
11854776
19541556
338980491
751809505
971966414
0
96
0
507131691
3840
0
3518316
658709435
608541981
299266010
958247405
168604688
989183294
0
0
13129248
338301494
2838080
0
736997648
4391560
26192
0
945988693
297268612
0
0
0
11321632
822326852
0
0
0
42647412
0
785178890
4861904
0
0
5345472
0
80836604
0
610741515
18718269
36265344
175249440
57111264
0
0
28248893
0
0
16893424
0
0
0
731447132
0
840497112
940218960
0
680646895
0
271112206
0
915576827
862276528
0
0
303537218
26103460
0
262140639
0
987264
0
0
174485517
0
432
0
895731344
369955290
712515462
9791104
39345568
541378984
0
0
923438943
830425242
0
0
599193519
344257598
278649744
242552945
919529478
344092198
22319712
32943330
727289066
0
0
94364
0
103360860
837792
0
0
0
5002272
0
957257284
0
0
115109634
0
714329426
889996986
0
96764379
0
111328824
762340891
931988089
4389832
0
150986210
546288139
0
307469750
0
115109634
660792
324088829
0
0
266944720
0
837792
256848959
0
0
0
73326434
0
934811221
0
530442961
874156684
755651530
5995312
0
26208
0
899023644
394351425
1280
0
187253066
0
0
186647668
0
154391197
0
167210538
926355799
0
753358783
0
699677904
899023644
930385320
10908972
0
204264194
193040471
8955312
169036558
947756688
0
0
0
0
0
0
238722757
0
0
974812124
0
0
37534970
894849663
384015077
911005496
0
4391560
396557433
0
461472
0
403354228
0
0
51260128
192997702
0
0
957991041
37790952
0
921669353
732279048
101524
0
15040
0
835743446
752738727
0
757942813
0
716114154
0
992337385
0
0
0
16893424
0
600096859
194537352
0
0
0
514817102
0
0
0
0
988281394
0
0
140728015
487608505
474663160
899937245
551340389
480999309
0
726587139
0
0
0
130931315
0
850773240
852264105
671456145
235439040
0
765777639
0
140893056
238722757
923438943
0
409771307
713746182
92792923
422405727
131136831
832048576
893741038
0
0
0
836291968
1192
0
169789721
547853376
0
105837045
983703185
880749576
249793794
0
0
293054091
0
0
33600
2136456
0
0
849804031
0
0
944796534
3840
7852159
927950400
358812817
458011225
0
118608705
379201448
924400067
0
320064
0
0
944796534
3738448
0
178427140
0
0
358242075
0
927467725
855214135
42647412
0
413939556
0
0
358812817
930292392
432
69775752
176309860
0
899700326
0
68936472
3518316
341500082
0
954477340
130983481
897147431
202872489
0
0
420816
977740734
0
259647124
656688661
62009825
0
783501278
0
0
0
0
0
0
0
0
0
0
0
0
580593487
190471596
901250982
403354228
192997702
7275184
22080
0
0
39528784
0
0
57850881
0
66627624
0
460135076
508339729
0
37790952
0
9151488
246778006
0
26720
0
654810793
0
775389632
110478912
0
644594233
0
0
1520
0
0
0
0
23999424
771525690
0
2975112
244616114
0
0
0
708075419
0
507131691
0
203380599
0
0
89969246
262157573
369623301
582972154
0
0
413876196
823943160
0
0
18155680
514313444
0
0
6851029
21654094
344055989
0
789033236
789033236
665574403
140893056
0
169789721
203243328
23999424
0
0
600096859
73685655
746442324
495120
0
0
0
505296
974812124
923001527
674786494
0
0
192
0
27552
751809505
0
16844708
926355799
0
0
0
0
4895552
0
1103544
0
368676889
807750556
0
568
173543834
600823070
55010688
648598576
785178890
0
789033236
0
0
0
0
0
919203486
0
730345855
639534075
5704128
0
432823142
0
826372733
851031640
81806424
173987221
91737588
3040
940339442
333907243
14701800
5252376
0
0
104675904
0
0
269368411
205110736
0
0
3336463
338301494
107604
0
0
1845888
165802507
0
962774863
851031640
403471814
0
692779779
337353452
384015077
487608505
527004918
471158860
0
319848632
465061247
514313444
17734980
0
250451420
337353452
163987964
44890639
374143965
144793782
0
420879813
297250983
312874337
9791104
50810832
562431849
696846151
0
0
0
329383167
342685565
0
849305754
0
0
0
907136602
0
1432104
0
0
0
606585030
3940372
0
0
58639345
1378816
0
778859554
457844082
541429152
216665680
0
0
648113263
0
105897789
0
0
0
928106934
990955608
3801688
0
204383932
277712
0
478435458
0
535417406
392475711
174629623
0
0
935513259
0
0
0
0
0
37790952
434958742
0
137114532
54111431
256999461
758215078
521361642
17248128
0
0
1280
200100111
424256447
0
53376
0
0
0
0
0
776924082
511937328
0
0
0
762340891
285197318
0
0
0
0
27260944
166020896
0
0
656429853
825034249
744936
0
0
4320
210666818
361231833
162455880
16844708
0
18116
179665560
0
0
0
0
86820264
291578079
0
0
877209812
213705845
0
0
533896875
0
932695256
271079120
352693012
334592
366324309
519561941
853996646
778131972
924400067
834545564
0
0
0
148557937
0
0
0
73052040
71998272
0
193757536
489259606
0
0
0
324968168
112574448
89301600
36234436
0
16966296
0
617084053
0
0
2422656
0
462571847
959629750
0
168604688
0
923721481
102681397
680509841
671098976
726429470
2657113
0
0
0
0
2136456
0
548459769
4447656
0
855214135
192
947128288
0
0
70693097
192384603
621861300
0
0
487608505
619043742
0
577273411
0
324968168
326367840
0
0
80441356
109250134
0
96
0
0
303537218
0
0
75636792
0
176949479
998133510
443415377
3521192
0
683737059
0
147752729
0
30209106
0
0
755179224
6243776
2464
675514344
4447656
919529478
905072570
200100111
0
0
741892593
740943180
0
439772968
403232664
0
0
557992213
333123456
1384416
831546363
462697630
116776
794925575
0
439979328
0
0
633296028
0
0
50810832
1486240
78073200
0
71853152
0
8706859
288105456
275504559
0
443545236
422090300
0
645844584
439159534
596205066
0
0
957172829
0
0
0
0
0
0
0
0
881640
4146912
0
738672921
0
45605104
32025622
0
870751897
0
15239720
392923760
219895374
0
879358874
678038063
0
489984
400212660
323481302
198347687
0
715555932
0
0
0
0
166292332
0
861591800
0
193068089
831546363
0
935717632
0
0
0
414495801
0
996654712
526416192
0
850773240
0
0
0
3840
188255922
154623871
813954830
0
0
0
156842012
0
0
0
0
238441952
0
977141468
0
0
705648262
386132074
0
681698869
774927500
0
6204067
0
235439040
0
0
156842012
148557937
656192666
125738228
615551478
85850827
0
0
2592
709541235
0
0
651843976
440522603
1941588
0
0
198347687
805806720
81574033
0
441006064
36265344
0
443501836
0
293349838
131908080
0
297250983
971966414
0
0
2657113
734846806
255181478
262157573
0
0
0
0
0
55381744
81424632
0
4447656
0
238722757
0
0
47998848
0
0
0
0
0
981802863
0
0
978567749
0
297250983
0
253445957
12758064
0
835952882
0
173121619
0
0
0
764712887
0
0
0
0
2809124
0
792055703
0
1310688
520502709
0
0
771960649
549270146
496863740
0
0
0
513883662
0
274568091
0
326838820
3297120
290735014
0
650671838
472711595
0
57888
317588064
0
3168960
383391932
0
0
26103460
7693467
0
0
636894237
62310714
192491029
492070132
0
0
2868048
0
0
121680
0
654188709
290735014
229713066
708372961
0
0
222720
19068116
779645867
0
0
0
0
13983901
3615552
94652244
878931339
912393423
155904
963175735
947128288
0
879358874
0
0
0
1628568
0
565207126
20683336
649862074
27929836
0
0
0
616914207
879373638
1205184
91461008
0
0
607036383
384164662
3313872
0
32115884
158721141
403776
0
180675271
317588064
6170196
485024670
230187033
209750070
430800321
0
0
176144000
0
0
0
891907799
0
294248503
0
842584014
275504559
372915475
249870063
539693960
907215400
265597558
277296
140390747
2844072
520502709
0
0
79285276
180402431
505107040
403232664
50339411
812546603
0
0
496526021
149160596
0
13335520
203243328
379809376
0
6690416
0
0
90391010
0
4827608
0
807750556
0
2592
28438694
0
604034339
57850881
0
104653322
152645153
445576992
280473214
0
404390080
0
1658880
50810832
0
0
0
0
42723814
0
754085706
0
586823826
0
0
0
0
0
653242930
20291043
59107739
251706533
0
0
84505882
585601777
839430341
688345747
0
133456756
710689719
0
12444608
597212803
403354228
37790952
52064
0
0
0
254909508
914214653
923438943
452560318
180402431
645627249
932725034
0
0
3072
4993840
275046578
909584200
37232385
0
40042948
0
443285353
0
393304379
0
602206312
0
0
785178890
0
730410249
0
0
732885497
465061247
734846806
798350602
4146912
0
3040
3168960
0
0
0
0
0
998585740
708075419
0
914507570
1321584
670580508
437146995
0
693768538
885525915
864493674
787168470
0
6971712
368967339
563241707
588510463
84266887
0
26641656
741027942
2129664
0
342637189
0
0
26720
34790712
106094395
6390048
487608505
60528
176192247
981302723
0
0
0
0
151927937
825034249
0
557328045
3519464
0
0
0
178724348
0
831777054
0
3615552
210889286
50810832
134417347
0
0
0
304317264
0
0
0
676887724
314032316
277259992
604489763
458011225
0
0
12384
0
0
50875160
0
0
2868048
297250983
159860304
0
659886008
0
22714902
1987488
0
757942813
151705394
2809124
0
0
188338430
606526724
0
0
0
255908189
39230332
0
0
0
38988368
0
0
0
0
763743568
96
32025622
834198678
218590513
0
0
0
461472
374303119
0
473918738
0
0
72604376
0
501929888
368676889
0
2942752
0
0
861591800
0
27552
0
659886008
136919482
0
0
548459769
0
344016171
597634941
982231652
0
0
0
0
748011004
203243328
231513901
509312488
931852830
55010688
0
876681927
8208432
0
686073602
0
0
892435672
0
350702288
0
960
356711330
0
0
329143057
111360
0
0
0
439979328
390271281
0
928161320
653242930
0
983703185
82702036
983703185
179091479
0
0
26720
0
0
0
621490860
458509276
0
850773240
0
0
0
152432496
76255815
0
0
514817102
0
174628457
111360
801792
417955925
133574989
242552945
238441952
0
633296028
793091705
351445942
136711594
974812124
2136456
445440
0
0
642054120
0
0
824128326
0
666506586
0
0
231100
0
258250172
183506170
0
0
0
734846806
0
177135324
553366332
37534970
0
801480488
915723441
649862074
295941193
13129248
0
0
0
1280
0
563416255
0
26720
0
1344
339718560
72610712
0
24651664
0
470314501
0
381942740
0
536855132
0
488427735
594088816
0
0
525934451
762340891
0
0
0
0
0
0
797446153
69775752
0
0
0
0
591686743
719688318
295981664
0
71692982
111833760
0
785630789
0
92102336
829152483
0
0
0
0
0
103562016
0
395017746
0
106157671
472573976
107223921
0
45605104
0
261247936
0
0
880680913
214351189
31212432
32457000
611821370
21224
789301340
450572819
975506458
166020896
45936
0
0
864493674
0
891120945
583555505
0
0
0
244992
154828744
0
249870063
691945733
90704136
0
658709435
790907549
1048576
977711107
0
610927255
59664112
3007872
0
256251516
0
75377551
0
135303432
716114154
154828744
3591216
72604376
432
0
32115884
745414960
55672
639534075
61241605
0
463596355
0
0
530436
0
2592
0
28763137
118829548
436960967
0
0
19346676
972004868
38175432
68672313
726587139
104960
50033544
0
6243776
275046578
0
0
263508607
755179224
199471493
0
679086750
0
0
25360190
0
403232664
527702438
767453996
485024670
0
81806424
0
244992
375336352
0
59736
0
740721491
0
3738448
507131691
250451420
0
998585740
0
974034901
0
177738439
103562016
368676889
648113263
418981279
0
0
414495801
0
444828994
0
708372961
0
4515559
211824
0
0
456868469
4393288
0
434976903
338080
0
0
0
945035279
543020956
0
0
797815108
0
7790928
0
0
0
0
26208
0
708075419
764331316
5704128
0
591512714
0
0
0
266486264
0
0
251008820
315099983
0
0
504488544
0
0
1249656
0
969033016
0
0
0
908371232
549270146
0
1424304
0
891120945
392475711
591686743
16727264
183016563
142031470
319412263
403354228
696511530
0
0
735688533
511048527
0
0
164047830
384164662
457988695
998585740
973929821
0
293349838
485024670
203243328
29685104
708372961
0
999120557
0
0
13255488
0
0
0
4389832
645017110
0
0
0
35209176
465638820
845578214
239241860
696046286
0
0
38029315
649836175
52416
0
557992213
0
0
707393154
0
731771661
526059513
210284894
0
959574642
0
0
0
736909717
0
0
1663696
0
0
0
104653322
0
755651530
0
647821818
0
0
0
943015767
323967376
3518316
0
547504608
727289066
55075134
0
95997696
1520
536069397
3313872
708372961
0
0
7207880
0
0
343616450
0
0
621490860
0
6627264
98602925
6627264
310218071
0
0
0
0
0
0
0
882035439
689034861
251700657
0
7207880
437945525
0
0
118776269
0
0
756319679
963603666
1015740
0
288
141763047
0
0
0
0
293349838
315099983
0
573520411
443028868
0
1527464
0
0
823943160
0
103360860
0
202872489
163912839
153276827
0
565047079
0
0
194022032
403156591
147299852
210408
0
507131691
0
0
39648
642494457
37392000
470314501
472492718
855199656
606526724
941629722
0
0
566168
167741733
395016579
169789721
0
0
0
26208
68582417
445718028
0
0
0
221186814
203243328
7742808
255181478
715555932
408424566
1536
24651664
0
0
0
0
718336
0
0
0
0
567936597
0
645844584
0
0
383890198
940218960
0
89969246
685920174
0
2464
0
0
294068425
0
973214374
5055028
137829988
0
0
0
0
771461607
594484269
0
322855869
0
0
1480896
0
542632100
0
45605104
0
0
0
498792510
0
0
0
0
29259504
329313285
0
527702438
0
775389632
730192433
0
511039476
515523514
0
641055025
0
0
944806647
0
672816261
0
0
41091649
0
0
0
0
592655152
0
0
0
149160596
0
194022032
935348657
606526724
0
880246631
329313285
914142124
0
201820929
0
0
117067018
356663573
1628568
389000696
0
0
0
0
488337211
258657149
0
979968
251700657
0
631171384
265460512
959310743
543981495
0
621490860
92178252
0
323277821
111360
1019352
521314366
200100111
801792
0
0
311141724
877040
0
134276149
0
7790928
740943180
862276528
0
0
0
923438943
152432496
640090359
403232664
0
0
347277340
0
718884403
0
0
554768321
0
0
0
0
461472
0
0
680097257
0
0
817031471
462459481
0
0
0
513883662
27500
0
0
674206674
306049540
0
603928679
434343040
0
0
654188709
0
0
0
4447656
0
658723659
0
0
0
0
716513128
29685104
621490860
15895144
0
40320
0
0
0
787168470
0
0
527004918
0
248449817
0
400212660
220440497
118829548
590675583
0
326944644
174145687
561962333
568977622
0
0
0
755322340
0
0
0
147217713
346887940
1605643
238949548
707846021
0
0
72610712
874156684
205487628
16893424
662402190
0
0
824128326
0
0
119829772
855199656
0
0
0
0
1321584
240819984
307829048
0
27610753
0
599526835
172716956
746434876
795880310
0
0
0
443455296
0
0
173543834
541697084
114794880
870765816
0
54167832
0
961418429
0
0
0
0
730100713
864226211
0
514594920
139131304
0
0
0
530436
0
0
0
0
656496
36916208
0
0
739434761
0
522736865
1424304
673332288
0
0
4384
228879130
12780096
907215400
357839111
849168787
0
0
0
826198915
475865642
849305754
654188709
935513259
614449800
303412
0
0
519683858
479580912
339563453
509790425
805806720
0
403471814
412427898
463596355
0
0
0
296998167
0
292778751
0
0
0
0
0
0
947076606
651128849
8260128
0
107894795
280473214
251700657
639534075
0
0
0
0
310218071
0
249920816
148958870
543981495
0
356663573
0
0
930935528
124887808
0
36262816
0
0
0
0
374415609
14175561
64151856
169789721
616914207
13736
877040
0
0
0
0
0
954296197
395016579
1645792
998289342
0
0
62984047
0
154391197
0
0
1236756
0
0
0
0
86879377
735432593
44540
967049628
0
998585740
0
50310330
0
8192
3072
0
490580672
276900318
0
0
788710707
0
987082169
0
462527932
7275184
0
167640
8192
85392
11982180
38400
0
878384
0
0
690948
948099589
0
0
119107267
2624304
890246642
0
0
884477695
511548483
953159154
432000
989885036
0
327312479
2472800
198074277
708075419
169838462
527347169
458011225
0
639244
955715584
475564120
693768538
0
251928
879358874
73685655
347512
0
0
0
0
81574033
19832712
760573826
603928679
0
9023616
0
2626188
927043326
445576992
820066129
0
156842012
0
0
641870639
0
0
831546363
820514565
0
1076
0
66203474
0
0
567936597
248195288
0
898043738
151927937
288871641
0
621490860
0
922944
9216
671456145
56656176
855199656
0
0
147080192
0
0
206320899
0
200448
104653322
0
850756905
180402431
954296197
436930745
105335568
265749696
0
743238521
606585030
740943180
0
0
0
69775752
0
105837045
0
508312440
0
0
0
2942752
606400519
0
317560349
23099872
799339790
464871794
0
0
5406336
546515080
7101248
211281599
0
0
0
907136602
419761172
0
57111264
7275184
854021816
876166115
0
0
0
0
109318658
0
64080
892663928
428945558
13300993
0
138927328
614020879
0
1816992
0
0
0
0
19668272
756620478
0
746442324
31189664
807552
977740734
2223828
511956755
0
716114154
0
1387920
50267208
666057098
0
751827374
92505865
587983084
259052908
0
27431008
0
140173774
0
707283234
0
0
93595163
0
313922240
0
178433003
37790952
393426849
422090300
696872511
85944
0
0
299812528
304317264
452948041
0
307829048
0
0
7207880
0
0
384164662
32920021
805806720
83678832
0
879373638
0
0
0
151777235
20240354
0
517422374
934628721
0
133397291
567178138
875226177
262816
683737059
0
809365629
0
213132645
655770054
26641656
0
0
37534970
44540
0
0
11854776
514511322
0
2864208
828000121
0
0
683737059
515457407
353858252
0
0
3040
310202560
317140272
291578079
180402431
317337894
611321536
247047240
0
35067258
244616114
957172829
14175561
0
28438694
0
0
0
0
0
0
54389736
0
0
0
0
489365220
505296
0
699677904
1520
0
0
0
0
880246631
0
0
66816
18413592
28763137
203243328
530457477
155675150
417036263
0
0
319720608
590679407
0
0
669256507
303188944
0
303412
3313872
0
823073446
0
685890024
5704128
0
0
244931387
423366085
0
0
0
1249656
0
0
0
0
0
218590513
999120557
654009939
0
0
0
0
666057098
578861159
0
782179737
0
639422958
224755387
482237161
0
980726263
318000960
970423176
0
0
525934451
281470828
0
107220838
805861451
118923223
0
0
45605104
0
0
730192433
700201828
0
154391197
681992256
9182520
0
439979328
15239720
37790952
248539628
0
0
0
940216746
3283248
2223828
710633506
830803126
0
323707347
0
458011225
0
0
606605006
0
778859554
0
0
726429470
761006825
510675150
0
0
850773240
0
232148833
0
107604
1321584
940339442
0
0
690567338
754085706
0
890246642
0
0
0
16036416
0
11854776
0
586823826
15239720
720745387
0
393896081
8846032
0
213547610
494427130
880680913
0
950165939
0
483984197
0
51785872
158180641
51383988
0
621490860
0
0
3020696
501590164
0
0
970716328
770778183
299886683
751827374
238792
883594483
266486264
0
0
384015077
224755387
0
0
647290215
0
402738670
0
464313626
421581308
388996704
238441952
0
666506586
493035264
973343951
0
0
616960001
0
0
0
104675904
140951336
333123456
26192
0
0
0
656853228
999438371
369623301
0
939915575
0
0
170678803
0
50810832
586327990
354374558
412427898
0
854021816
0
525934451
815184
0
0
0
403354228
17248128
26720
989449039
532393792
0
0
457602147
0
97692540
3098992
0
549639401
974034901
0
175249440
0
267572065
0
0
462235968
0
0
962012017
0
1017336
0
284608
0
112514470
0
57888
0
0
547330274
0
51512905
308422218
0
0
561974330
457192010
924400067
0
4827608
901784912
754160229
0
829440
9850912
838853180
0
0
9850912
285799097
0
0
306371881
248991976
333858882
0
27929836
92792923
464411213
413085967
377938946
0
61241605
0
0
19668272
0
445440
28438694
519561941
0
0
879086641
299266010
770197144
557328869
512
925261201
0
912411798
551340389
297268612
0
116266017
0
0
510274905
0
0
0
445240996
205487628
403232664
658709435
4701840
580119317
56745020
0
106094395
57709511
0
0
211904769
0
671079468
45605104
0
531513936
72610712
0
660792
0
611586265
238722757
800796
0
367583674
840497112
573520411
0
203658467
0
611413912
93257487
0
0
228622923
683737059
0
436809439
0
68672313
159359280
7207880
0
0
464368518
0
0
844129570
333858882
650117401
0
0
0
237049925
612849050
0
333870135
77356
0
0
440522603
0
0
265749696
95004213
386132074
0
111328824
0
0
3738448
969033016
893543846
645017110
0
596540265
0
418896
0
50679636
4633040
915546742
594416000
686101628
0
0
0
0
7207880
696872511
0
751827374
0
0
170095410
364592
0
0
492070132
0
0
77356
641870639
0
0
198347687
0
0
873595868
11845800
746208
882035439
872977756
0
73326434
205110736
0
717899644
0
788857469
118409076
318000960
0
443285353
368967339
57966648
392923760
0
265977146
0
0
372915475
0
0
0
0
880202332
0
327200266
0
249908161
2784
2800360
0
0
0
836434990
0
804621967
0
0
996440125
497449131
606605006
0
293007625
717293411
20683336
0
34773432
0
857396354
1017336
0
957473720
13255488
443285353
390343544
317588064
0
0
343297329
0
14333672
851031640
8046336
825456
633307725
0
10875694
0
525481621
0
322210910
0
0
297316784
0
0
930312181
0
27431008
1002720
0
375216610
649836175
0
0
789301340
280905050
667724503
0
807648098
351642985
2798632
0
290826364
0
0
1836384
4224
50310330
0
712515462
0
496419223
0
0
645017110
0
517804
198712800
0
340817563
0
0
2208
767527312
0
0
0
390343544
203049017
297250983
495596929
18718269
0
443452608
0
12384
655450202
490376987
0
212768200
271112206
0
0
0
0
0
0
0
0
0
0
0
84505882
434958742
758215078
961289694
0
0
481932378
0
0
460079224
511112264
0
738870882
0
974812124
0
27929836
0
0
230173248
0
233620
826198915
108036200
637623348
0
617084053
8192
0
0
0
0
0
807750556
138240
2942752
940218960
284938028
0
624191381
0
565047079
218590513
5962464
0
605281531
408424566
0
327867192
0
64080
0
479608121
361728
4701840
9103520
381232927
987777739
0
0
0
0
0
0
19541556
248890527
0
717395460
0
615365649
0
361728
96132566
303188944
370033044
788710707
189746147
101621664
16028512
0
85944
440661225
0
0
431158292
0
303412
23316
59466592
0
0
107452642
355392432
0
0
0
410263084
501929888
458509276
371633503
95997696
0
0
557657507
0
879358874
507131691
0
448278381
409668477
122958231
543981495
0
0
0
0
807552
0
0
0
0
286217863
81281505
0
158602489
369255967
0
37790952
0
672706823
2807816
0
181040
600136830
0
0
0
912411798
2304
709541235
350531724
636551993
0
339948872
18116
400245797
10659032
10963424
70400
7520
0
0
318914445
0
411130980
210284894
638305805
378919785
0
0
218590513
939915575
484073087
944806647
0
0
76290288
0
458011225
160568657
725217769
225792
37790952
8960
303537218
140883160
0
0
8192
7231104
217651682
65664
541155932
40320
423469822
0
0
0
0
0
940339442
19539512
0
0
52220172
97692540
0
50810832
762340891
68936472
333075509
369124389
0
930312181
0
338301494
0
797159244
193612485
0
117563736
0
0
849804031
0
107604
327098640
0
0
265460512
0
101621664
505413236
0
0
0
14904
65664
685890024
111833760
0
554816453
0
0
0
269675473
0
0
0
603928679
0
14772792
0
1103544
0
200448
0
0
276612856
581964027
337761380
0
0
0
350702288
617084053
744921895
0
215208
335611664
0
0
778593138
865770397
1437280
131545256
3168960
319412263
202872489
0
545514362
335503030
711373980
828165450
0
0
0
0
531513936
0
0
0
573520411
0
912411798
0
855214135
10797084
169036558
0
0
176309860
0
312559343
703676655
0
0
256999461
0
736909717
0
295965024
854577855
542327769
0
36234436
0
840338898
0
0
107971682
627743213
0
0
0
0
0
1227424
0
281561075
11854776
0
689112630
0
7987840
0
957172829
0
505324269
276480
0
757614879
403354228
0
0
204177969
899023644
850756905
419082731
2657113
0
0
21397291
804786656
471158860
265977146
85392
0
0
0
210284894
456939015
297250983
640250512
0
250686604
875226177
431158292
0
281561075
642374797
0
563000903
0
600132145
557996340
94185936
5664
0
0
0
242358431
283774699
333075509
882035439
0
0
92102336
526194642
577084617
0
0
0
0
0
0
350627121
6627744
58510208
0
509790425
0
319492935
96
581949972
0
300388098
957789882
923438943
200100111
708075419
0
110772400
295941193
0
938370862
103360860
371529163
569858574
2422656
188255922
37790952
0
0
810235674
0
0
0
72607544
893543846
0
0
0
14671950
0
535417406
381005896
0
0
887574301
570794886
0
36234436
0
268209801
173121619
0
0
0
148958870
0
0
586327990
540324508
200448
57850881
0
0
2784
37534970
0
0
591512714
0
885653493
4436544
0
333870135
0
80842921
319848632
175956672
2059488
325044468
1026000
715555932
0
981802863
0
54167832
0
0
0
0
0
0
957789882
0
82719265
0
0
475616490
0
0
621490860
0
0
0
644156670
265977146
0
0
13255488
762065756
0
0
0
327867192
453445849
0
688923438
814171209
0
957789882
654810793
0
0
104653322
0
955099638
284608
981302723
37534970
676959789
763165306
788631217
288105456
0
93595163
0
317368965
849804031
0
192997702
0
0
0
0
0
481501308
2560
837792
0
147507174
0
0
0
390242311
104942737
119723167
485692703
0
231955930
327200266
954782443
76255815
0
855199656
11625682
301197968
142007248
0
445240996
0
926864433
107452642
0
789033236
560635265
0
654323014
0
685594388
0
0
0
421200
0
77356
0
0
64773732
0
149160596
687568549
0
0
738735661
928712707
1280
0
994126848
0
677693593
0
0
40547540
0
34154472
0
0
0
0
0
0
0
168604688
451580585
0
0
403232664
200448
254429188
778131972
0
0
0
0
0
0
317140272
117563736
39936
52522285
0
3519464
0
961289694
0
0
755179224
754261572
40732014
0
0
949032000
0
604489763
492070132
205487628
0
166020896
0
0
12777984
238722757
780449249
473405975
38400
0
0
801480488
353294457
424756059
65664
0
755277160
94364
0
174485517
0
47612600
508595025
0
81806424
0
526194642
64920
0
0
313678199
3940372
807552
0
920966979
800265205
0
979897049
311808
328500619
0
38988368
56585264
0
992018018
402738670
490842928
330175056
901784912
891120945
0
7520
395017746
462459481
0
299812528
0
656942344
461262580
227751796
81561899
814670448
0
0
0
615002489
3313872
0
542327769
0
0
813134761
0
0
423366085
880476373
0
317368965
167741733
0
165802507
18560557
820662486
581604544
498913540
621490860
273544879
0
0
0
0
631419242
756620478
0
0
557992213
0
0
0
0
155517621
559754013
0
0
0
564635989
492070132
553511639
0
28529584
101621664
760166474
0
104653322
29685104
0
0
236212268
596508073
10224
166020896
0
0
0
947731096
23999424
591512714
0
0
0
46748928
0
0
18698112
1507396
111360
885847533
1424304
0
0
314731543
0
991287349
761132752
0
648000
530273151
996654712
303537218
0
22714902
0
654323014
1321584
0
5084960
0
0
656688661
63120060
0
0
865127103
0
3040
554034893
352534042
0
785178890
1089144
530442961
631171384
0
810863840
0
0
0
0
0
826372733
831683261
116776
275834092
0
0
0
0
0
95760912
233825879
581001342
0
695480746
0
8679682
0
113615384
0
6192
0
0
0
644916357
0
0
814627696
769187901
0
0
811342711
0
91461008
986622170
820210810
187326321
74934310
350702288
317560349
807552
70567564
8046336
0
291812729
639534075
0
0
0
0
183506170
0
0
163291344
734846806
193068089
0
817585314
0
671685368
0
0
353858252
216940710
0
453445849
756319679
91184040
12217764
938370862
0
0
0
299266010
952671589
649862074
0
0
418896
415000171
326397993
0
0
3227840
23999424
413939556
0
564635989
0
1662656
622499556
0
0
750800898
922944
0
203380599
0
788954974
13255488
0
556421867
0
659840594
480999309
730410249
0
797446153
105837045
0
922732717
0
0
0
849305754
0
0
443285353
167745363
715555932
626499386
129982962
21224
975506458
15239720
899427342
0
29729289
111833760
34678164
0
6971712
591512714
275437647
960
17248128
636601510
0
0
0
249189600
536069397
0
0
110969468
50810832
820514565
0
504257179
403776
758215078
3040
180675271
231679100
1445040
0
0
0
870755785
160595574
940893851
195439602
166020896
797159244
317140272
0
0
0
384
0
709704643
0
0
346320228
717378057
106094395
969033016
1536
0
369623301
0
0
658620014
0
45936
0
0
631419242
957991041
508312440
761006825
573401724
621490860
0
914142124
688245686
196862773
0
0
987777739
0
438245123
509790425
0
0
780773160
0
164452327
591080792
167741733
0
46217550
546515080
169789721
0
183550421
1296
807552
0
0
695480746
66203474
0
911853684
51260128
0
40732014
5406336
0
0
0
210990088
0
907215400
0
0
0
591686743
0
0
0
3615552
962173466
0
0
0
458509276
94185936
887739375
299812528
329313285
10427768
31212432
597407341
557328045
256999461
738870882
0
504122400
0
0
947624481
675514344
311141724
0
0
147292065
0
388263956
23615184
121816896
0
0
0
623576286
483984197
0
3518316
920484140
740943180
914142124
369955290
306541850
1211328
167741733
0
63389667
0
1368584
0
0
200880
93257487
2422656
0
474207211
0
317368965
0
7486756
0
0
103562016
1026000
13804093
0
888686857
0
636601510
531122570
760573826
0
977711107
0
0
0
0
0
0
700177208
495516554
95997696
403354228
0
557996340
898043738
0
315576286
69164512
0
255908189
0
15360
3313872
335503030
215208
497449131
0
0
600132145
