300 247147314726734811 247147314726734811
2 3 5 5 5 1 4 8 6 1 5 8 8 7 9 2 9 8 6 2 6 5 9 7 1 3 1 4 8 3 4 6 8 4 1 4 8 9 1 3 9 9 1 6 3 4 7 2 4 7 5 5 6 5 9 8 4 5 6 3 2 6 1 7 1 1 9 2 1 9 3 2 1 6 8 6 7 8 4 2 7 1 1 4 3 1 5 8 6 6 8 7 4 6 8 5 9 5 2 2 8 2 5 1 1 1 5 2 7 5 8 6 6 4 7 1 7 8 4 6 6 7 7 3 4 8 9 6 6 5 2 7 5 3 9 3 2 1 7 4 1 2 4 2 4 5 7 9 8 4 4 2 1 4 4 7 8 8 7 1 2 1 3 3 5 7 6 9 1 2 8 8 5 2 2 9 8 7 2 7 8 1 7 4 3 2 9 7 6 7 7 4 2 3 4 2 8 9 5 5 1 7 7 7 6 8 5 6 8 6 8 3 6 6 2 2 2 2 4 7 1 9 2 5 3 2 4 4 7 9 1 7 4 6 6 3 1 6 8 9 6 5 1 3 2 4 7 3 4 1 9 7 7 3 1 3 1 2 5 5 8 8 4 1 7 3 1 4 4 6 7 3 9 9 6 4 9 2 2 6 8 8 9 1 4 1 3 7 1 1 3 1 3 2 3 9 3 7 8 9
50000
191 247
283 295
117 190
70 99
87 291
118 292
178 276
215 289
77 168
118 265
159 177
18 53
59 88
21 237
120 212
103 283
57 185
125 125
57 196
170 269
93 100
82 113
194 267
65 161
93 225
29 88
77 138
74 165
268 279
105 227
90 100
31 126
95 298
249 252
37 271
124 188
122 176
31 173
34 114
176 204
25 220
54 83
88 210
25 111
162 240
188 212
129 147
69 115
72 292
203 224
212 242
74 221
46 209
110 283
142 240
69 299
127 300
61 224
121 160
84 236
73 138
117 153
88 131
107 125
56 184
53 205
84 232
61 61
59 161
262 286
224 276
126 134
165 204
1 135
147 231
79 252
22 300
65 266
79 96
104 161
33 95
51 227
34 287
232 261
32 261
24 159
120 260
31 235
176 237
19 138
102 129
11 233
253 255
22 262
102 256
214 266
4 200
27 49
101 284
110 127
102 230
174 273
89 101
88 127
206 273
234 245
192 194
56 151
105 169
41 234
42 190
155 281
92 274
33 62
179 209
28 33
9 217
139 251
140 248
17 44
220 221
52 89
243 296
140 286
60 294
107 252
57 149
78 253
81 171
153 160
18 62
169 220
36 297
7 16
46 229
183 277
55 168
163 213
162 199
125 159
67 147
89 238
9 131
34 300
102 269
119 161
75 284
16 64
176 241
174 299
3 255
81 201
2 123
29 273
141 285
37 165
235 238
156 214
24 247
244 255
6 42
37 273
1 40
42 298
274 275
4 245
227 284
14 216
158 187
10 207
119 288
32 242
54 143
74 293
48 214
146 284
99 297
110 240
116 127
252 300
222 298
32 247
110 275
143 146
54 288
81 213
40 209
4 135
128 293
36 243
144 278
79 182
219 244
148 183
95 100
114 177
130 300
84 234
253 272
57 98
175 234
52 148
257 265
92 113
22 255
258 272
18 117
8 22
91 158
111 154
184 297
44 208
67 106
25 166
89 284
196 216
168 238
252 256
33 194
164 248
20 169
136 227
204 271
77 78
94 186
19 224
96 261
35 183
185 251
23 225
24 268
9 170
148 176
112 291
81 170
19 54
33 199
59 148
143 293
97 230
148 220
253 298
48 259
6 23
218 276
66 272
133 252
65 95
29 247
260 275
184 210
106 235
97 107
15 288
254 286
150 159
163 288
243 272
100 135
89 91
56 87
1 5
37 240
163 238
145 172
78 195
120 254
17 80
165 221
227 238
136 230
154 172
154 196
11 171
34 53
68 206
187 274
166 202
111 132
63 99
122 182
33 166
85 296
112 164
23 127
29 163
27 181
3 273
92 239
65 142
13 93
21 111
23 141
73 228
139 199
108 251
104 192
1 49
187 202
126 136
106 279
156 171
69 200
269 290
44 260
57 284
43 183
122 269
59 119
61 128
36 191
9 287
15 298
194 283
57 103
32 200
202 215
206 247
114 125
55 208
11 110
125 279
25 275
112 231
17 188
114 251
60 206
19 247
64 214
2 33
125 137
65 130
142 286
187 284
62 125
21 256
98 247
57 100
161 248
154 197
36 93
197 201
12 31
170 298
293 293
89 256
89 295
103 247
80 236
185 212
87 159
101 131
28 277
90 170
17 273
164 243
40 89
107 129
56 106
80 279
25 239
60 279
90 281
51 80
232 240
124 294
17 206
16 166
1 82
155 216
131 233
295 295
54 192
24 48
125 267
260 267
19 134
100 227
93 293
30 49
182 233
101 104
279 283
120 293
10 151
161 204
63 158
92 136
52 64
41 158
161 278
51 85
217 288
56 66
160 238
73 87
82 201
151 281
83 251
37 162
250 278
253 300
152 191
112 274
74 134
29 166
103 145
18 239
67 287
63 120
197 256
205 227
15 252
9 53
113 192
83 130
231 280
79 235
147 282
267 297
193 228
28 293
92 148
41 293
180 253
22 128
81 249
27 174
30 245
68 200
172 222
33 186
39 217
28 140
46 109
190 223
19 157
11 41
223 295
3 298
70 129
231 283
46 81
110 191
123 136
117 243
72 207
19 143
42 104
164 165
194 228
91 239
139 220
135 169
16 247
26 128
131 223
115 243
74 98
213 275
117 253
13 100
77 190
133 247
4 276
261 267
129 180
149 195
137 203
13 18
105 171
134 194
95 234
167 214
40 190
24 94
87 105
28 234
243 298
167 227
161 192
105 294
247 278
25 42
61 158
44 55
148 240
50 136
195 250
190 234
53 153
40 140
10 126
240 252
58 253
35 270
41 144
260 283
95 165
73 267
88 290
21 110
32 117
34 270
7 198
90 280
89 134
30 206
100 209
101 259
180 295
169 255
45 286
61 242
82 215
177 220
73 86
18 54
10 58
198 231
25 87
26 194
133 176
49 225
26 276
172 290
207 224
172 196
4 129
119 235
15 143
140 226
99 120
137 280
185 279
266 280
2 106
11 223
2 67
26 102
89 235
254 284
36 183
207 211
134 187
132 202
52 78
158 252
255 262
92 220
22 83
81 215
13 51
264 298
83 154
83 117
32 227
93 267
238 248
101 161
141 265
156 220
14 52
114 230
231 286
45 68
121 282
6 174
6 288
120 151
15 245
122 266
4 56
31 121
235 288
65 252
35 162
75 254
208 251
131 245
63 117
17 84
31 288
61 74
6 140
20 290
98 132
94 273
166 166
41 268
118 201
214 262
120 251
183 274
228 241
59 268
21 251
254 263
199 210
6 300
95 280
96 172
170 224
129 261
68 220
184 267
53 233
40 152
77 293
298 300
7 138
4 287
84 190
77 191
19 192
76 199
157 224
76 238
176 236
129 244
128 187
108 147
61 276
41 138
35 68
128 259
10 121
35 229
111 142
57 215
179 238
2 290
23 175
172 280
44 299
218 244
40 202
1 296
208 273
217 220
10 182
147 273
155 226
284 296
50 233
146 215
237 239
80 160
10 166
52 172
148 280
119 179
70 100
37 141
141 241
123 272
33 120
73 216
104 261
109 132
26 295
39 201
39 108
95 278
189 288
248 294
185 206
202 232
189 213
22 233
100 123
15 291
239 243
42 230
32 149
88 164
13 268
217 252
1 207
54 135
93 122
24 53
27 43
11 123
154 196
223 232
208 208
20 127
6 253
174 218
44 180
156 260
203 282
137 214
218 221
23 243
111 286
120 194
38 52
58 283
55 253
186 241
33 74
126 153
7 23
15 93
5 198
170 214
149 233
110 203
10 141
55 246
17 273
6 108
65 204
25 107
236 262
150 180
233 274
97 288
55 131
92 230
23 180
41 231
101 172
84 189
189 251
56 255
37 254
4 262
45 56
169 299
76 98
146 165
36 85
162 216
44 49
20 281
256 286
38 243
67 116
14 205
96 291
39 79
104 263
58 247
132 225
130 183
2 47
63 257
3 80
21 155
284 298
54 181
134 262
70 217
272 297
39 60
15 280
92 281
55 242
30 110
43 157
78 110
23 211
107 176
24 79
87 210
102 245
41 253
4 49
226 281
57 67
175 278
75 185
77 112
65 87
187 224
11 268
70 133
105 151
165 192
106 281
1 34
103 213
96 202
93 186
77 115
30 272
206 268
117 194
12 179
87 94
57 90
114 209
39 224
176 254
52 140
18 197
175 266
61 243
70 227
7 240
124 214
132 289
226 270
87 279
101 150
20 99
2 91
43 242
72 133
98 100
159 208
109 121
191 273
68 167
148 190
68 236
132 291
129 144
52 203
169 246
67 202
17 222
220 223
129 180
34 178
64 87
69 235
136 176
189 194
176 260
41 102
16 157
131 246
164 288
204 237
54 254
158 198
6 91
14 249
195 218
4 167
50 299
155 161
125 145
112 278
157 291
57 61
71 117
128 186
26 38
2 39
91 99
114 250
285 297
13 92
66 112
34 93
16 283
67 231
71 250
35 85
117 239
39 73
174 215
150 262
120 182
40 110
45 233
103 183
207 261
19 61
12 130
13 205
85 300
209 261
237 290
40 86
48 152
56 240
90 286
96 188
209 258
94 105
88 93
135 255
40 211
261 286
122 290
32 118
101 169
183 232
139 171
24 90
195 263
191 202
185 201
15 76
57 248
27 199
82 187
130 193
251 275
150 198
192 280
60 171
146 165
137 249
209 289
122 150
96 284
6 22
41 236
121 213
28 148
15 277
279 290
182 231
82 142
28 249
222 238
20 61
138 157
27 125
147 187
45 83
140 299
44 291
1 58
169 291
120 148
38 290
125 263
19 293
11 96
210 261
220 261
66 108
56 163
28 202
201 271
4 115
1 111
159 242
79 262
8 144
83 205
49 122
32 276
24 114
38 75
9 110
85 90
82 288
139 215
3 108
253 278
211 273
68 250
75 231
7 221
283 296
139 237
244 277
74 91
142 226
165 293
155 296
161 201
142 194
229 231
106 256
126 236
63 83
195 258
2 163
34 232
158 269
136 164
151 200
160 170
71 161
35 173
222 265
106 278
121 139
83 141
3 154
128 154
244 256
89 270
95 139
234 277
113 285
141 277
27 189
159 234
34 261
173 192
107 149
57 99
76 178
125 167
206 286
92 259
42 87
49 267
230 245
187 212
117 177
197 217
191 228
35 40
26 129
4 97
211 275
12 14
12 44
57 211
2 232
241 272
21 141
75 93
187 299
252 259
25 58
45 108
93 245
53 272
22 273
32 208
17 268
70 118
141 156
19 123
188 286
102 284
239 290
53 165
65 251
9 44
41 165
20 271
201 266
61 105
249 263
130 290
44 199
207 282
199 286
129 294
106 214
33 50
39 252
142 163
79 281
179 234
122 222
161 236
9 289
108 157
32 120
58 275
75 280
5 262
103 189
64 85
112 297
44 201
26 290
23 36
30 226
52 189
122 185
48 142
209 269
23 55
10 183
49 254
18 275
253 266
22 298
113 275
92 112
282 294
30 137
64 90
253 260
67 138
99 124
72 107
57 167
61 95
105 159
223 287
14 217
87 276
69 174
245 250
190 269
119 208
126 166
144 280
45 89
18 86
239 299
126 286
17 65
57 252
54 223
226 265
253 271
54 55
153 273
166 278
168 203
19 50
233 256
17 174
48 113
139 221
149 150
54 270
28 197
132 292
131 182
204 268
3 278
69 141
44 132
115 207
205 215
133 259
71 111
61 62
95 270
144 204
65 183
88 260
16 99
9 32
150 227
92 187
31 104
167 267
151 209
37 199
10 30
106 164
44 152
188 284
173 211
81 264
11 76
13 147
170 188
50 273
236 241
162 181
57 286
78 169
97 127
188 188
106 296
4 298
7 207
145 295
14 177
92 153
43 247
79 176
120 212
105 260
40 224
166 224
98 271
54 177
124 219
103 170
81 189
16 146
64 263
64 274
172 238
98 151
203 244
1 28
29 128
28 80
204 214
65 119
23 67
171 184
180 208
173 207
16 264
172 279
36 55
33 135
171 245
16 290
34 37
204 207
28 209
34 51
65 138
5 229
133 202
175 276
74 145
23 57
100 282
25 96
119 176
34 148
2 13
66 276
74 115
206 228
43 118
163 243
130 185
157 242
104 238
256 293
52 142
123 137
124 284
47 169
16 174
10 283
32 47
18 49
120 279
129 213
194 197
10 173
23 68
152 182
46 264
29 150
16 190
282 289
58 225
98 263
100 277
131 293
68 111
19 243
15 102
127 261
105 147
290 296
79 219
86 260
45 279
5 245
234 285
98 131
134 263
85 177
55 166
48 265
17 101
26 169
73 114
65 123
171 200
14 278
198 288
141 260
24 194
53 267
218 275
93 269
67 242
109 211
147 267
111 124
233 264
23 88
44 192
49 281
21 234
65 241
137 229
250 292
199 272
213 259
23 133
3 180
259 281
75 96
55 288
202 243
42 299
248 291
67 157
10 188
173 300
6 258
217 287
87 238
20 97
106 188
226 274
87 98
187 252
54 274
140 241
155 225
234 237
147 193
92 117
49 49
12 78
16 136
182 199
50 92
243 280
165 289
234 234
136 241
122 154
58 77
120 122
18 57
45 143
171 300
206 296
70 141
48 119
89 208
79 163
77 135
81 280
114 198
95 169
119 154
10 300
134 248
107 245
66 213
4 164
3 223
19 82
72 123
74 212
82 110
145 254
10 33
131 213
95 180
196 255
53 88
120 275
11 184
29 94
160 233
228 284
197 260
179 205
1 37
142 169
249 260
44 174
35 261
2 158
102 140
8 9
34 130
12 21
124 182
205 269
26 147
10 271
71 206
46 275
10 55
13 180
14 282
135 275
64 118
53 126
221 242
39 264
154 243
188 295
124 251
109 160
42 162
147 215
162 208
62 136
41 61
245 256
39 163
54 277
101 252
122 188
189 235
34 85
5 235
57 130
133 299
113 239
39 187
109 175
119 140
90 204
147 165
212 228
105 281
6 191
27 269
64 180
31 91
170 235
51 262
36 149
132 275
71 101
172 275
77 124
173 181
142 294
50 207
112 248
136 279
65 245
92 140
38 54
120 124
16 48
229 233
127 268
41 250
150 284
28 51
26 176
77 112
74 271
44 57
73 248
185 234
11 46
149 217
197 223
6 150
6 127
178 216
79 237
141 224
110 211
152 243
220 231
74 262
102 177
160 235
135 283
77 199
121 284
73 101
60 160
16 189
4 74
22 205
137 299
79 240
7 297
11 75
115 120
17 61
12 198
43 47
101 294
220 241
49 179
177 253
10 204
141 288
74 182
243 260
164 239
124 220
116 163
85 122
151 288
168 189
250 293
177 205
28 271
226 276
242 277
161 239
199 232
203 227
21 73
121 208
106 221
21 137
217 258
90 102
54 241
97 198
180 295
99 289
29 63
15 229
36 133
116 192
17 146
76 201
211 276
188 291
77 141
55 64
93 221
26 281
103 300
17 97
135 220
4 269
130 201
4 264
78 173
58 123
50 96
182 244
197 233
42 153
71 227
63 115
173 205
126 273
277 296
54 166
178 300
5 35
91 162
2 22
215 249
119 125
85 298
82 140
48 80
20 78
150 228
111 123
61 119
38 94
115 192
116 223
284 299
118 150
133 199
58 80
121 286
60 64
158 228
194 271
84 254
13 244
114 172
94 94
88 264
49 127
137 138
68 160
201 251
50 160
202 235
39 62
125 127
68 123
196 285
100 287
243 281
16 188
210 220
173 287
123 167
109 164
142 184
150 206
82 174
124 193
114 250
81 139
71 119
74 192
18 26
5 252
105 151
67 210
61 256
137 223
105 240
102 234
32 100
12 287
117 197
110 131
161 197
212 265
27 176
49 210
58 95
177 238
37 282
163 281
117 255
71 163
70 87
92 163
46 246
78 102
233 244
150 264
27 132
105 232
216 233
184 223
51 199
8 146
4 7
46 114
95 269
133 234
55 295
171 191
177 269
26 127
13 254
150 230
108 218
148 198
9 288
24 114
42 258
16 132
208 267
45 238
168 290
153 171
84 227
22 182
66 175
283 284
110 123
166 275
116 117
196 293
62 162
51 52
8 57
7 176
20 107
75 233
105 187
102 136
62 192
8 285
25 195
153 170
168 230
78 200
25 201
59 110
3 279
183 249
44 224
44 98
46 80
13 165
24 117
121 200
149 277
87 275
184 215
82 125
55 116
7 10
89 181
22 208
9 126
226 279
79 257
62 96
52 62
133 241
84 213
12 81
92 238
7 71
94 203
2 103
128 141
38 296
75 117
106 294
69 220
100 122
271 283
2 256
165 171
89 294
133 297
117 147
89 236
200 265
164 282
49 234
166 297
66 102
149 201
90 98
32 57
181 233
227 294
77 169
135 291
155 228
95 229
17 37
5 55
12 176
7 83
116 168
28 195
161 194
55 112
124 274
99 147
178 220
215 228
7 247
212 219
92 188
108 139
163 212
21 119
16 294
75 179
76 243
123 125
9 266
12 19
273 277
25 143
154 223
175 267
31 157
25 259
100 231
96 184
133 264
60 265
6 198
82 214
28 210
106 171
2 168
67 275
240 249
184 230
159 181
26 237
81 159
143 169
30 53
135 204
46 140
238 293
64 123
24 201
10 185
93 286
81 129
12 234
85 193
2 159
30 144
142 295
117 150
199 279
176 181
96 262
213 230
27 164
160 204
153 221
9 40
145 274
111 186
176 211
32 259
68 71
147 293
2 112
31 156
179 210
181 263
93 263
35 187
75 296
187 199
12 264
19 290
14 218
75 170
122 190
36 206
94 115
105 119
242 253
87 122
250 275
62 264
128 272
247 251
133 218
40 277
128 173
90 260
182 215
81 108
149 178
53 89
61 270
122 191
33 45
122 239
17 258
195 214
65 212
39 196
165 292
80 205
263 299
75 89
120 190
13 149
163 236
20 53
59 137
142 213
97 163
115 158
67 285
71 164
36 65
9 209
12 92
3 4
180 275
121 279
90 213
56 144
55 175
174 235
64 260
117 290
4 183
143 174
163 261
224 224
21 200
235 286
185 278
23 125
154 175
123 268
97 206
157 180
38 170
45 156
31 40
174 221
164 199
13 293
172 175
13 67
88 94
220 283
59 167
158 223
86 121
105 243
173 256
79 205
71 211
56 269
118 146
131 243
4 103
53 247
228 273
22 196
246 275
144 191
12 96
18 90
14 231
36 234
142 261
130 259
22 156
90 268
217 239
12 231
229 288
27 243
104 131
26 91
124 243
196 280
22 91
78 101
141 190
25 200
54 216
6 179
93 187
57 116
210 294
108 155
173 232
182 281
7 244
157 293
177 246
170 283
103 289
106 135
30 44
32 289
18 252
96 219
35 63
1 33
24 204
213 297
53 97
220 243
36 181
60 76
80 185
79 246
203 251
184 221
114 160
195 279
56 228
48 151
102 288
231 263
74 242
260 295
147 292
13 256
28 181
104 288
68 248
91 246
177 245
274 296
16 173
47 267
102 247
4 144
261 292
119 282
30 125
65 81
62 236
16 260
45 87
158 286
29 192
113 255
159 224
85 293
43 177
186 258
207 256
132 177
157 182
85 135
135 142
26 142
257 286
246 249
25 51
16 210
30 61
161 250
86 239
21 170
7 210
97 213
82 197
26 244
9 123
85 143
43 236
223 247
26 62
70 268
12 192
97 265
285 287
32 89
11 203
136 142
33 171
95 144
84 90
123 259
42 57
196 228
81 283
160 179
80 291
26 215
109 128
212 237
29 287
5 295
102 109
176 272
192 234
19 141
109 168
157 199
38 56
56 182
81 121
57 173
136 276
173 212
216 251
125 239
105 158
47 257
118 138
4 157
192 238
142 211
136 240
136 171
146 153
112 225
100 211
26 143
230 260
98 156
14 116
65 284
175 243
242 297
116 118
132 173
118 247
186 267
46 161
70 76
82 273
148 204
18 173
203 269
73 181
60 179
113 273
171 293
59 291
100 186
17 297
141 273
77 143
81 271
121 206
18 216
103 143
34 214
105 121
17 250
196 221
107 226
34 176
117 129
178 288
37 285
189 197
17 295
92 166
46 287
109 277
27 90
172 200
11 119
94 193
167 187
13 56
78 87
68 104
74 130
31 285
123 286
42 289
4 216
99 242
133 214
78 248
17 22
147 226
55 272
31 191
57 105
110 210
130 245
137 230
98 126
116 225
49 257
22 87
134 253
197 252
16 43
44 207
34 46
74 174
28 89
97 125
36 292
79 106
235 254
198 283
180 288
51 163
45 161
86 185
174 295
60 258
12 277
145 171
88 100
189 224
32 32
153 183
82 243
114 270
153 158
81 180
223 284
20 168
3 226
63 129
28 231
171 246
62 257
104 206
22 195
64 272
3 146
201 236
179 233
275 295
214 277
48 153
173 257
252 274
42 141
103 203
57 103
244 300
121 281
253 268
20 172
158 183
62 218
111 215
224 227
114 127
45 214
42 261
273 297
21 188
55 185
190 209
3 191
42 265
14 73
37 264
158 283
110 164
12 19
9 116
235 242
57 161
95 217
106 176
126 288
60 90
162 166
259 282
63 114
74 193
4 236
52 298
1 51
73 134
223 246
9 142
58 218
120 229
52 278
104 271
105 280
63 122
39 253
239 261
81 173
99 159
8 134
17 43
159 243
41 96
19 215
174 203
218 228
159 161
22 46
207 229
55 104
225 237
68 267
85 213
119 299
10 80
100 113
9 218
175 231
93 229
169 286
65 248
205 262
125 161
6 32
108 179
33 101
81 165
9 54
174 180
139 232
62 199
28 113
40 284
159 212
86 267
183 186
22 158
116 204
40 92
57 69
29 208
46 191
118 237
62 89
32 288
16 257
266 288
38 120
71 194
245 279
98 152
185 245
94 116
83 225
18 260
53 290
122 215
238 262
62 254
210 298
217 237
22 65
43 72
154 272
9 130
63 294
118 224
21 259
61 182
71 175
23 117
111 237
40 274
83 109
33 292
108 135
92 180
74 133
182 283
196 297
96 211
158 184
214 226
34 140
61 299
143 161
260 289
44 185
92 132
211 232
151 193
21 152
18 245
205 237
281 286
90 123
121 157
133 146
207 227
101 179
51 300
184 237
140 214
55 161
1 225
70 157
42 173
188 260
170 259
100 128
18 107
120 273
32 273
104 172
12 146
216 279
106 297
6 180
75 120
18 200
35 259
80 162
97 113
279 285
151 174
189 260
186 228
116 123
25 89
186 195
193 285
49 296
37 157
42 151
193 280
46 74
204 295
186 238
48 87
203 234
38 178
37 267
76 160
3 96
91 295
246 281
237 286
50 53
48 63
7 64
20 58
188 243
113 289
73 151
57 297
201 286
115 170
25 294
206 284
30 241
28 225
34 299
243 247
123 207
77 233
195 217
107 205
95 296
94 174
135 269
142 284
53 53
72 223
81 112
18 202
166 201
64 178
143 158
31 144
80 278
19 75
101 193
54 102
243 270
164 177
169 282
179 200
232 284
95 170
59 170
38 207
139 189
6 170
33 192
98 231
69 128
13 14
123 264
49 69
98 256
182 258
167 186
35 267
119 270
212 266
237 287
138 226
156 296
76 168
26 90
126 277
115 182
257 282
199 253
8 35
224 251
156 206
50 202
107 270
151 246
211 214
94 283
241 262
105 205
160 173
228 263
211 266
35 79
107 269
85 166
55 148
4 35
20 85
143 179
159 300
86 196
5 125
20 215
105 166
100 145
54 189
210 218
133 139
137 284
210 275
227 248
71 214
198 293
293 294
69 279
43 98
297 300
183 268
140 177
81 243
246 297
30 263
97 153
59 255
229 295
53 112
70 154
59 264
39 146
71 98
47 163
106 150
155 223
162 195
19 291
38 58
79 233
32 102
16 162
254 287
38 127
80 199
74 284
81 299
8 241
151 206
18 18
150 247
128 176
136 229
18 144
91 102
206 287
181 257
88 249
61 121
237 272
166 197
6 203
105 287
172 274
43 241
100 269
141 206
7 249
130 297
249 280
73 154
66 177
118 123
84 151
18 194
21 123
191 297
71 204
42 90
91 221
229 247
1 126
42 200
56 98
61 183
8 88
43 95
56 296
195 282
123 161
40 60
83 204
107 190
58 202
41 56
78 196
107 188
93 200
188 220
12 181
227 230
33 41
197 295
167 250
39 277
13 77
112 147
12 291
169 211
111 221
28 108
36 279
32 79
56 263
26 225
197 248
49 185
16 138
32 171
107 234
18 270
4 230
100 187
199 257
36 42
26 259
102 148
249 262
136 195
83 202
75 144
247 299
111 208
47 110
160 231
103 288
109 138
221 288
41 129
128 164
114 191
53 94
202 295
2 21
40 108
129 181
53 268
165 190
103 161
226 293
76 198
87 294
125 255
28 203
54 233
87 168
88 158
52 186
70 216
249 279
68 73
56 229
63 282
4 251
65 186
125 253
11 178
17 216
34 224
125 227
104 224
136 177
150 211
94 132
53 271
4 270
204 256
82 131
32 233
93 159
74 152
175 277
8 268
25 63
91 264
41 162
152 207
30 296
157 177
69 224
27 155
125 152
43 291
194 194
223 297
21 29
47 137
33 201
151 263
34 111
132 169
107 223
155 197
17 25
113 214
58 144
28 261
23 194
137 180
74 274
134 278
135 172
127 299
162 277
12 190
147 219
121 173
264 277
266 294
125 172
211 295
210 246
98 150
7 115
253 283
11 198
148 250
54 279
164 204
95 143
128 251
77 202
23 174
33 65
270 298
51 118
40 96
166 172
57 292
203 295
53 102
28 46
90 265
48 97
36 219
200 287
2 223
194 202
148 223
40 191
37 54
128 239
289 297
78 193
194 238
2 289
49 166
159 251
100 243
29 282
144 242
175 269
136 285
47 280
216 218
182 228
13 52
183 286
19 56
106 228
13 260
14 224
65 296
65 163
58 149
37 82
52 237
54 81
194 230
34 88
20 104
137 185
11 265
14 158
110 207
227 231
185 270
4 201
235 272
9 64
157 172
222 227
89 259
32 249
45 281
45 161
29 210
12 30
175 254
264 286
73 119
168 206
146 192
40 248
77 79
122 250
46 227
14 226
53 289
51 294
47 64
25 65
142 203
126 169
153 213
149 228
1 289
142 287
14 260
47 61
9 133
102 292
49 176
10 272
50 243
166 262
53 286
86 124
38 93
188 280
50 157
19 44
22 270
273 285
13 247
11 35
33 222
252 295
119 174
269 296
1 91
223 241
59 293
60 149
230 273
121 153
113 170
85 194
9 78
6 171
6 106
175 300
135 168
18 29
12 29
228 260
8 172
4 99
136 248
130 176
100 250
175 230
124 246
133 167
49 60
5 9
175 288
21 61
149 197
190 272
107 167
13 129
81 237
72 195
3 214
36 300
77 192
209 238
163 266
268 283
17 246
24 123
219 232
128 132
81 138
106 128
139 254
24 75
161 300
3 197
216 221
125 146
20 53
46 240
242 300
133 205
106 121
100 208
145 179
127 284
64 194
182 238
61 282
36 198
8 119
39 273
117 237
16 106
64 255
145 292
45 79
78 218
256 297
145 208
7 257
94 261
183 275
95 235
59 192
72 271
229 273
66 284
89 297
40 186
41 275
23 121
136 236
38 222
222 279
20 143
12 50
241 244
94 181
40 223
28 166
149 266
57 152
84 93
6 61
199 233
193 198
70 142
14 112
62 210
15 72
141 174
70 158
24 226
222 228
114 282
177 224
32 132
188 242
141 163
46 278
101 217
60 80
67 212
127 274
27 209
12 85
76 262
89 202
121 266
11 273
73 160
26 74
29 118
195 235
171 254
97 128
49 149
18 111
51 207
31 249
25 246
11 83
11 201
52 97
50 143
12 149
15 289
61 187
43 173
172 289
139 210
51 191
105 209
27 250
278 295
28 193
161 203
155 261
7 168
87 299
225 236
201 241
67 140
86 276
141 182
203 272
204 278
83 218
33 293
12 37
201 223
53 260
168 201
115 294
68 222
22 123
85 224
61 171
39 40
11 212
55 114
7 27
103 264
84 124
37 219
101 250
11 210
246 258
28 53
6 139
24 138
262 266
2 212
90 103
25 273
116 158
111 272
40 128
148 225
146 296
159 293
141 268
5 57
93 252
143 171
140 213
55 58
50 184
217 247
74 139
230 290
99 218
66 193
152 231
116 138
140 250
27 252
273 274
127 244
26 286
116 166
93 105
57 168
172 268
17 233
120 257
85 106
247 276
106 106
105 280
188 255
138 295
15 85
182 206
37 169
95 157
147 240
72 234
86 98
70 120
204 293
151 159
205 220
11 200
153 178
164 275
173 185
100 160
127 128
32 281
26 126
27 300
198 257
5 231
46 229
130 195
66 143
75 139
166 265
190 219
116 294
188 267
96 225
193 229
193 222
41 297
213 253
28 127
120 164
12 123
58 170
40 215
122 185
82 249
59 105
227 251
127 179
6 94
233 266
112 193
104 152
25 95
66 288
18 289
145 269
26 236
246 269
36 72
47 230
58 286
55 202
14 263
71 113
62 233
96 146
11 18
79 210
233 248
126 129
11 55
19 249
189 205
144 247
30 259
171 178
100 278
132 264
82 210
82 244
20 297
7 136
20 195
119 141
119 168
2 70
2 129
79 133
69 149
156 259
140 274
241 280
23 160
149 283
165 259
146 247
16 122
88 114
45 194
36 205
78 280
240 296
20 223
34 252
209 232
140 176
193 243
49 72
80 252
42 175
225 254
108 130
96 141
109 171
106 258
114 258
5 176
107 165
80 129
85 253
99 184
83 104
42 221
241 247
43 216
7 146
87 99
112 187
120 177
138 274
195 240
139 181
83 208
114 211
117 211
142 195
166 235
17 289
46 298
126 271
14 90
31 173
124 138
134 145
21 208
201 240
33 107
75 174
47 278
6 21
173 196
45 277
42 249
113 242
107 152
126 191
134 255
58 293
44 111
21 60
13 211
97 283
47 279
31 73
65 189
153 163
149 249
218 239
210 241
176 299
102 230
2 284
229 296
92 164
120 147
87 191
8 229
213 218
14 119
185 231
18 85
100 131
21 148
215 264
50 218
203 216
29 34
98 273
140 257
14 26
86 218
59 100
3 107
63 90
15 133
151 180
27 130
18 206
239 274
233 233
65 195
239 260
71 246
130 255
152 246
186 239
150 202
43 196
29 164
14 87
202 250
89 276
34 272
61 103
91 216
51 268
254 270
4 122
157 204
4 184
8 190
19 167
220 277
105 181
65 288
90 139
45 187
76 87
203 299
47 174
164 232
14 147
64 116
114 238
12 119
28 241
22 206
45 169
53 172
5 166
170 207
80 83
280 286
199 296
14 64
143 227
215 257
136 175
39 279
89 206
184 190
144 256
262 291
88 192
180 211
28 128
122 137
200 215
11 126
57 141
17 124
147 176
30 56
203 275
134 135
71 110
93 262
238 300
28 48
73 109
94 128
55 55
138 201
102 193
84 212
39 198
181 281
20 254
97 249
25 248
100 226
48 233
83 221
102 273
95 155
192 264
112 138
90 246
92 106
94 217
81 248
74 185
69 104
147 210
15 238
3 140
195 228
29 184
106 133
54 158
68 184
83 297
69 105
175 232
103 229
62 105
30 174
135 176
9 98
111 260
207 284
2 103
13 16
59 63
75 130
114 265
104 211
48 106
66 250
140 157
83 252
85 250
213 223
23 281
211 280
199 242
77 237
76 106
103 116
207 214
116 232
262 296
10 283
20 296
74 226
68 108
15 100
45 202
96 196
176 262
23 72
152 164
38 110
122 165
29 85
113 262
90 205
23 78
57 273
43 205
102 158
130 156
113 191
191 234
76 288
145 184
21 21
22 72
180 196
104 151
86 280
162 279
79 238
54 186
34 204
7 25
146 170
23 178
52 283
1 239
69 287
114 183
63 152
260 285
145 189
154 242
198 232
172 265
64 109
144 248
12 49
52 218
61 87
55 68
216 298
32 109
32 163
138 214
84 255
42 155
203 284
54 86
58 219
2 193
2 77
105 255
10 38
68 263
62 135
3 21
97 218
14 159
167 199
74 299
143 200
3 23
12 205
225 288
95 162
139 178
106 182
133 239
173 255
250 266
63 157
59 114
267 279
156 280
26 100
104 104
42 224
63 151
108 227
123 257
75 196
20 164
117 170
171 218
97 226
49 249
82 232
31 82
93 261
71 270
61 236
139 284
101 163
204 224
169 181
70 149
257 277
14 215
164 234
136 192
16 213
130 158
113 279
129 190
21 203
94 236
35 114
278 289
48 72
207 240
20 144
15 37
129 209
118 197
116 235
51 147
20 76
8 55
4 107
86 282
57 287
2 53
100 195
144 286
94 198
177 178
129 277
200 236
43 270
166 195
112 208
4 244
34 78
103 280
46 246
242 295
76 135
21 178
140 223
51 193
123 263
248 269
101 154
81 195
149 183
142 260
14 211
92 284
171 271
110 282
45 104
254 264
97 205
168 276
134 227
17 300
86 207
182 198
182 192
57 277
258 296
167 217
47 160
59 94
15 99
122 275
96 101
136 291
202 268
115 169
103 173
57 264
202 236
56 135
14 273
181 227
197 272
195 268
138 280
63 237
244 262
125 188
35 104
151 157
210 300
59 145
45 136
11 196
113 206
24 91
69 138
70 223
233 272
179 189
8 296
63 64
6 276
231 275
29 36
21 41
9 150
221 254
53 73
108 239
45 149
69 75
16 185
181 229
23 139
115 196
33 218
41 226
7 96
24 294
161 189
57 166
178 282
38 59
191 242
119 163
115 148
64 132
169 296
193 297
28 263
123 127
130 190
59 109
63 102
139 217
255 260
31 248
128 204
102 218
95 177
82 211
27 50
99 299
180 183
124 276
39 263
156 270
260 268
47 284
78 175
184 228
51 70
222 300
115 144
136 234
59 186
119 264
153 278
31 127
23 104
103 249
127 130
137 152
101 257
271 299
23 49
5 74
99 101
64 158
51 115
75 266
86 106
67 94
180 185
45 148
21 166
137 149
92 178
12 248
112 139
160 209
153 234
28 295
9 235
124 263
152 169
36 48
48 138
25 33
35 191
5 114
60 284
142 243
15 266
178 200
146 159
232 297
52 186
197 291
100 203
101 175
98 276
11 63
234 280
98 203
129 279
35 267
43 126
181 213
109 278
31 63
160 205
6 17
44 73
83 95
277 288
216 216
1 218
49 245
108 184
68 185
92 211
6 43
10 168
16 244
94 144
144 292
142 190
138 297
16 59
222 284
66 139
124 262
141 154
93 159
69 88
146 163
151 181
93 217
10 287
95 131
106 201
121 296
5 261
40 297
64 293
177 298
239 249
137 277
220 240
114 203
240 253
111 144
18 272
58 198
154 245
196 202
44 99
11 52
39 250
87 190
107 233
163 183
133 199
116 263
156 185
178 223
108 262
37 276
139 278
243 289
161 210
185 295
121 204
164 176
284 288
94 127
147 157
14 85
197 280
103 160
34 40
190 238
64 295
168 198
78 232
20 285
179 297
104 187
18 165
15 256
4 32
115 202
15 117
162 297
112 214
8 175
1 297
32 166
131 287
48 159
91 252
135 285
20 274
133 298
97 112
199 202
198 269
128 265
172 241
85 158
64 244
87 280
32 148
109 200
163 222
4 10
241 291
161 230
59 238
122 145
34 182
163 163
224 260
190 298
47 270
155 298
23 161
68 194
99 281
192 256
45 223
132 166
63 110
123 253
189 285
19 109
65 293
31 88
6 17
12 61
61 132
20 129
119 224
230 262
186 233
90 289
136 270
55 91
116 145
53 261
200 298
174 294
32 35
93 197
271 291
111 156
20 151
30 287
78 115
8 255
55 190
124 131
245 294
143 197
21 194
31 286
138 208
199 223
117 143
150 251
96 244
230 267
31 62
117 179
23 145
95 146
85 272
12 285
98 215
93 256
5 234
44 109
86 196
114 262
32 250
198 237
92 250
18 277
232 271
63 192
75 280
47 115
14 91
12 246
188 261
151 185
91 277
71 134
192 243
132 156
117 271
160 271
64 181
4 103
38 134
216 254
170 284
135 202
125 236
134 206
14 232
115 268
246 284
190 196
97 182
210 221
67 80
85 115
44 296
79 178
142 223
124 222
240 256
50 227
227 268
75 78
111 291
42 75
112 234
121 166
187 240
13 134
52 65
107 203
217 264
1 103
120 219
199 288
26 269
3 32
6 212
227 243
127 290
247 252
101 213
187 261
240 283
231 289
179 194
83 246
45 204
208 286
59 101
228 259
213 226
173 259
24 181
72 288
118 185
134 152
71 182
162 259
34 66
34 184
244 248
277 286
83 284
49 252
133 136
131 201
78 148
25 37
42 163
86 256
65 263
103 174
144 151
120 188
15 61
112 240
267 271
144 220
15 86
184 272
118 196
115 260
132 223
83 262
124 280
51 145
71 230
22 139
215 296
49 117
214 259
229 247
21 285
184 215
29 45
131 282
55 101
162 235
1 220
182 232
174 177
95 126
122 129
200 250
98 200
54 84
145 174
64 190
108 284
142 272
3 99
256 291
41 177
216 299
160 222
153 267
37 283
192 279
116 126
208 261
85 261
4 196
132 256
43 74
8 114
74 206
149 159
27 72
1 259
86 135
51 192
164 220
74 295
164 207
109 262
30 291
69 113
17 91
150 286
208 240
159 192
105 191
62 181
214 279
145 238
135 271
98 211
71 239
74 216
33 153
106 169
104 164
224 287
121 270
54 219
154 262
195 200
85 168
45 155
124 203
37 289
165 233
25 232
139 274
101 107
202 225
132 233
161 231
183 204
148 219
139 190
151 188
208 214
28 139
16 97
130 221
194 236
155 210
112 131
74 106
239 268
246 266
59 266
90 125
95 143
113 291
91 139
51 72
4 152
26 29
279 289
25 233
134 183
191 264
216 286
118 169
153 231
101 155
62 146
54 139
31 185
173 178
89 209
53 245
194 246
143 272
11 25
246 281
230 258
62 216
46 263
39 175
130 223
257 268
87 260
220 264
150 292
4 249
72 298
150 221
187 266
90 261
88 290
41 208
210 233
59 61
104 112
243 274
24 285
129 132
174 236
98 209
96 298
93 198
75 221
25 31
16 75
211 260
14 168
116 190
121 290
117 122
4 50
154 214
100 111
33 119
123 185
5 215
201 212
176 240
110 180
92 171
47 141
69 95
206 251
9 253
1 292
91 95
211 218
99 114
81 203
148 211
190 245
205 243
141 176
130 192
75 115
85 285
167 252
193 265
206 278
115 195
84 114
17 196
75 138
13 237
2 225
82 283
53 277
276 287
70 184
39 188
196 215
15 63
3 65
235 240
54 284
25 169
121 123
16 228
126 228
79 178
19 89
9 65
158 181
91 282
259 264
50 82
63 219
52 174
41 44
27 139
197 231
54 259
126 174
125 185
41 296
114 235
15 286
241 243
196 294
120 267
53 187
155 260
115 295
128 281
46 136
20 174
19 81
13 138
112 268
120 281
101 292
97 297
14 190
173 237
86 181
224 232
252 280
288 288
149 204
164 216
239 253
148 160
168 200
77 236
30 136
25 69
102 162
63 221
142 200
29 281
64 262
67 220
3 11
101 278
46 105
137 224
25 102
100 254
9 269
128 213
38 44
174 233
148 247
160 232
34 107
9 147
59 247
74 290
89 254
224 262
4 12
83 226
195 290
204 243
42 254
131 139
252 294
162 256
70 269
108 226
2 182
26 43
117 232
115 145
176 206
129 148
56 293
3 250
114 300
7 157
93 131
98 282
89 207
124 223
23 176
249 253
257 291
80 269
16 262
124 253
76 197
31 202
226 254
247 249
7 293
28 107
24 253
150 195
134 239
61 178
53 85
7 145
168 234
163 225
101 107
14 152
176 292
171 222
208 268
98 145
65 219
136 200
182 259
112 191
266 279
38 124
90 298
235 283
166 208
143 166
43 223
75 241
79 166
87 231
148 159
34 157
68 156
173 283
88 90
95 179
9 210
25 124
131 232
36 94
193 296
124 160
30 234
99 264
172 296
56 104
66 139
214 268
159 168
261 291
55 132
170 203
77 185
54 169
258 274
97 103
31 136
7 257
134 179
98 221
180 243
177 239
135 196
181 282
97 97
148 265
58 210
2 239
16 41
120 274
22 47
164 228
15 239
122 239
186 264
131 297
82 255
102 190
70 238
111 263
103 230
129 165
11 87
138 259
97 193
8 206
76 293
189 242
107 174
91 195
81 235
28 191
136 161
290 295
50 64
180 275
41 182
240 244
131 131
4 75
122 246
82 191
118 229
90 171
82 123
34 100
64 70
57 233
150 296
174 280
42 156
218 280
89 252
140 279
64 142
194 207
13 291
13 156
59 210
24 209
80 93
269 288
25 164
206 276
193 214
104 300
276 287
105 279
244 299
173 282
91 160
35 238
4 280
36 227
142 264
12 25
18 198
19 203
5 7
27 193
145 214
69 112
25 115
264 287
45 49
75 143
213 299
105 226
189 203
244 275
231 250
40 82
157 286
149 190
135 285
24 248
92 254
143 220
163 195
200 289
191 230
110 201
56 124
167 291
112 156
151 153
61 208
215 218
24 176
50 67
11 178
221 281
149 252
104 188
41 63
41 163
146 235
219 231
99 180
9 25
4 132
60 99
27 171
76 206
90 200
85 191
103 112
156 216
171 204
86 291
164 189
216 289
103 182
14 148
52 209
72 295
102 248
247 272
198 200
43 210
92 271
75 177
175 176
32 147
65 140
117 208
52 217
7 41
27 262
89 189
134 252
184 258
32 167
145 150
84 238
2 19
45 132
54 290
39 248
59 206
244 273
31 240
73 227
34 219
53 214
82 294
17 86
96 300
48 258
109 173
120 232
137 151
52 236
65 73
168 177
50 86
161 267
9 183
55 199
46 82
163 234
192 216
9 106
266 271
116 289
245 272
12 218
81 131
159 188
57 169
16 283
43 71
111 111
54 196
213 269
69 240
128 227
241 282
32 211
260 300
13 73
209 268
74 238
115 172
81 210
26 35
150 248
147 263
14 149
151 210
36 156
152 177
227 229
198 295
227 235
173 261
56 236
208 254
11 133
140 208
22 252
178 235
73 169
26 300
25 144
154 187
263 290
94 286
183 227
110 166
47 239
52 125
218 272
50 241
78 234
247 254
61 202
252 293
84 248
24 166
161 260
145 177
3 128
56 171
85 222
102 270
47 283
51 288
57 171
9 103
190 287
57 62
19 164
126 261
109 239
140 282
65 295
62 80
131 272
47 294
6 181
144 294
187 278
179 195
70 212
14 264
112 299
7 116
109 137
102 139
208 248
95 181
194 270
57 239
38 213
52 182
108 242
29 184
124 261
1 98
69 284
60 197
184 214
64 108
108 236
89 241
8 297
50 185
75 94
130 296
10 274
164 225
5 197
187 259
124 239
94 201
207 281
165 200
77 257
130 260
29 200
262 272
61 262
94 190
64 168
108 140
39 170
160 161
117 212
49 175
211 291
22 24
93 227
18 265
101 136
193 248
28 229
54 96
57 278
77 173
236 266
14 163
15 191
45 92
66 138
38 273
249 255
43 124
29 263
256 267
136 149
42 101
21 276
94 213
79 121
50 212
223 237
82 269
90 176
88 219
18 99
138 140
93 141
185 242
160 199
62 184
49 273
147 178
247 296
11 117
56 273
144 234
119 277
66 262
160 189
97 176
222 247
177 231
206 244
42 117
106 170
100 158
65 147
142 214
174 285
252 262
222 235
9 241
242 255
2 176
190 244
59 202
60 284
96 114
52 262
194 298
163 250
65 125
29 252
123 151
76 296
7 298
52 265
23 94
113 127
215 253
159 228
84 289
176 297
57 133
5 102
203 216
153 262
34 236
175 228
15 165
23 143
248 298
189 237
19 102
93 282
246 261
63 235
102 111
180 199
143 287
117 230
124 289
114 195
29 64
80 135
129 161
87 297
39 89
9 216
90 109
186 219
109 248
49 187
107 140
61 234
153 176
4 266
84 189
113 290
67 235
32 199
33 85
83 300
227 255
6 41
44 156
97 161
150 280
140 260
138 278
75 147
195 281
13 230
32 130
98 264
49 156
16 23
181 230
147 228
177 256
84 194
17 73
33 253
31 61
124 167
140 188
108 171
220 293
62 197
208 300
29 277
86 164
150 205
196 222
105 157
138 193
4 199
23 279
9 135
6 125
58 230
105 172
21 98
135 149
27 192
113 182
23 203
193 193
43 198
137 212
188 206
105 259
47 271
116 148
253 257
51 295
109 270
72 250
170 288
70 285
9 14
253 259
8 236
28 83
131 160
163 291
177 181
205 207
263 283
110 141
79 286
60 165
172 203
110 179
227 241
33 224
18 219
87 253
187 235
126 198
221 234
98 193
135 266
64 118
30 75
89 146
160 295
25 135
115 265
147 261
49 77
59 182
258 286
67 178
251 286
63 284
217 284
4 93
127 211
122 146
57 192
252 252
80 182
37 296
234 300
85 170
79 83
47 117
200 288
145 157
13 186
43 300
62 297
132 221
100 242
151 300
189 261
89 110
89 253
73 270
40 267
23 44
49 159
139 253
61 83
125 231
241 277
48 220
108 278
92 278
10 36
202 291
199 291
23 122
43 258
112 150
133 165
1 50
77 105
20 59
5 183
65 241
261 261
146 193
105 173
244 266
96 232
38 292
13 47
101 145
101 280
8 82
100 185
182 279
51 101
190 205
22 37
87 236
234 251
146 256
35 107
202 247
41 205
235 281
31 216
54 282
72 210
177 262
54 164
69 272
92 214
151 280
150 197
35 96
8 159
55 150
43 127
29 181
185 233
47 143
34 294
65 239
18 172
139 202
76 136
92 226
83 298
157 270
123 231
170 199
61 190
112 137
221 294
215 251
46 180
68 118
10 218
73 209
166 241
191 227
230 250
108 113
57 249
52 144
115 190
5 30
71 259
115 297
154 257
39 170
12 99
196 208
25 152
39 124
23 74
157 185
182 278
64 150
208 292
4 203
76 242
79 221
33 288
182 276
111 236
47 213
227 266
40 246
112 280
64 128
116 283
137 295
2 199
71 253
91 296
170 176
193 299
135 193
35 163
31 256
63 259
151 219
227 280
136 165
138 162
287 291
146 297
19 264
92 205
112 250
219 270
89 257
251 285
124 252
141 275
12 28
244 294
122 280
68 273
73 239
8 298
169 285
34 45
2 16
120 225
61 128
3 253
41 200
72 147
192 257
81 103
130 162
108 111
20 163
167 267
19 206
259 262
207 294
40 219
11 224
126 179
11 86
177 261
12 22
74 279
29 118
51 106
115 129
182 275
145 268
10 137
51 185
76 237
166 279
107 251
164 170
11 142
16 181
71 192
224 233
139 179
175 290
124 151
24 106
203 270
202 221
28 104
19 99
125 174
71 252
204 234
10 35
49 80
33 35
157 189
95 218
151 281
173 180
264 297
78 171
113 258
149 209
68 181
64 186
47 296
105 283
118 166
187 192
136 160
90 220
54 104
32 54
159 292
18 160
239 246
132 184
30 112
69 139
51 279
1 151
58 167
190 243
46 154
9 256
4 239
23 216
201 210
102 219
9 21
13 170
68 228
178 232
145 294
250 261
221 224
19 64
85 179
177 252
16 32
136 189
46 288
67 243
195 261
99 265
33 98
18 122
218 297
8 84
38 110
46 159
38 90
64 106
66 252
226 292
167 209
44 177
78 107
203 289
111 137
38 107
28 199
34 107
26 223
282 298
19 66
76 246
198 259
37 61
186 296
123 186
128 180
21 203
7 162
104 292
240 271
185 207
192 205
35 147
63 133
56 154
246 253
145 212
19 101
73 157
8 51
130 131
139 153
13 117
38 269
77 295
32 125
71 109
21 293
144 279
121 189
51 190
184 243
57 114
61 221
80 174
226 282
116 181
17 27
121 164
22 113
60 105
158 249
208 287
123 238
147 148
61 210
7 102
217 242
184 275
31 147
35 87
161 291
127 173
1 12
274 287
45 256
118 200
68 74
114 156
7 141
123 233
79 137
148 184
203 300
50 131
108 252
108 163
47 172
84 253
108 220
120 238
61 210
13 146
245 245
70 220
188 233
67 233
36 87
24 276
82 214
237 295
164 280
148 163
46 171
237 271
101 245
161 200
273 282
9 189
54 146
164 233
129 166
80 94
66 107
75 244
107 262
81 115
17 127
107 191
117 130
88 119
165 263
76 244
109 268
28 79
89 135
6 115
96 120
41 232
9 19
129 300
112 251
8 242
188 204
212 264
81 92
59 173
52 87
164 261
87 151
224 228
3 165
72 229
72 155
46 163
53 131
115 227
130 168
64 110
76 217
10 227
212 273
179 255
147 300
53 116
48 151
108 256
48 224
95 205
167 196
17 229
19 114
103 277
63 73
34 68
116 296
78 177
129 129
62 206
29 100
165 228
72 131
104 203
153 280
255 273
177 268
239 287
109 198
138 148
108 144
27 119
3 252
128 144
43 46
147 297
12 209
90 121
112 296
100 201
72 132
147 291
150 253
1 175
51 65
146 265
18 147
64 268
29 211
156 220
17 79
37 194
37 168
75 104
53 147
10 263
265 278
184 248
111 122
10 116
137 148
123 297
31 167
47 199
147 205
201 277
22 126
25 55
81 263
134 146
136 151
174 223
155 175
237 282
62 286
3 91
186 275
196 259
240 274
161 169
15 189
8 137
179 198
56 179
114 135
192 252
2 277
154 267
199 205
193 241
26 131
11 260
69 111
142 150
175 265
106 130
157 265
106 245
205 221
16 253
82 256
6 292
108 164
179 271
211 261
181 292
133 284
200 273
53 82
90 224
100 270
140 191
94 108
9 87
29 171
178 284
52 211
131 265
156 271
2 71
88 192
91 266
239 276
56 167
35 217
94 97
70 207
119 137
150 258
93 226
28 107
69 203
177 194
69 106
135 170
123 139
202 207
28 189
47 119
115 208
9 134
182 243
8 39
123 300
34 49
22 73
74 83
79 187
28 230
52 297
141 202
50 156
5 148
23 260
179 252
164 245
108 187
77 287
255 264
208 256
106 118
58 93
102 241
182 294
40 58
1 289
49 157
18 52
90 194
158 199
14 294
188 289
111 262
164 292
50 258
21 132
5 224
97 98
86 102
100 129
29 256
2 292
231 234
170 183
160 257
270 277
103 169
132 287
211 279
84 211
156 200
159 256
59 176
37 233
74 77
19 265
269 276
63 187
193 262
129 208
113 120
25 39
17 160
6 189
41 45
48 185
85 290
86 244
3 24
105 194
242 243
17 52
69 194
87 98
65 135
117 273
100 285
87 171
47 219
202 247
96 168
223 288
19 284
157 288
228 262
212 255
142 245
7 84
162 291
122 144
108 158
102 199
167 195
191 195
95 227
93 260
3 39
24 173
167 216
193 223
178 204
32 262
232 298
176 186
19 112
10 104
2 285
60 139
11 271
14 195
148 175
177 189
211 298
25 26
216 249
32 186
123 147
92 251
28 222
273 293
8 18
3 286
76 272
188 260
14 137
66 189
184 225
200 256
66 82
153 295
102 211
68 133
84 220
42 70
72 133
125 169
50 73
68 123
1 281
25 276
192 201
51 214
66 238
3 296
12 52
250 266
214 261
199 292
33 299
94 194
21 257
127 299
4 154
113 210
168 247
67 159
234 270
143 164
79 174
120 280
180 292
176 280
104 258
182 216
14 142
78 296
8 101
126 260
152 218
35 191
35 290
3 73
64 157
7 20
86 158
224 244
37 139
79 236
182 185
25 80
46 71
79 195
5 73
8 254
94 182
53 93
257 273
68 121
108 268
14 68
26 263
95 104
84 218
12 232
17 290
121 287
51 197
60 269
46 199
140 140
61 118
186 217
4 9
254 276
88 225
10 264
226 286
78 100
226 239
180 202
164 289
80 181
44 276
74 162
263 296
134 231
32 223
55 200
102 214
69 246
177 246
20 41
276 299
44 108
84 261
138 257
59 190
3 98
56 194
37 231
34 126
84 156
36 296
53 249
246 285
76 127
34 72
137 274
156 163
138 282
128 162
6 243
211 277
32 286
88 267
173 276
206 252
194 204
6 295
185 210
11 71
123 210
245 300
174 228
200 235
149 253
193 217
118 264
18 256
192 200
46 259
36 146
235 297
7 12
41 210
59 228
131 197
80 183
123 135
29 195
157 159
100 291
135 191
91 278
66 261
8 199
236 276
43 63
179 199
217 266
44 89
283 294
164 249
66 203
81 187
235 290
128 209
122 267
10 124
4 126
81 188
5 253
42 204
214 272
33 128
146 248
30 297
103 119
152 230
89 278
98 232
39 74
163 276
148 286
30 289
245 249
106 159
30 109
10 247
177 208
55 120
211 241
6 196
55 273
4 290
155 188
243 268
38 38
49 67
131 267
223 228
77 208
4 104
99 267
62 62
91 210
168 240
120 142
177 185
48 273
109 269
50 179
176 217
52 233
116 282
68 220
10 75
65 75
176 180
72 203
99 158
5 69
71 156
31 132
42 207
51 161
58 209
167 182
177 293
234 260
166 171
150 161
119 259
6 299
181 283
2 97
184 231
90 297
142 221
134 199
42 66
133 284
196 230
172 207
245 274
50 69
22 267
36 97
107 202
103 137
59 75
149 290
21 257
167 177
252 260
173 298
138 252
42 226
45 121
5 142
259 290
90 190
112 200
12 167
12 42
165 223
103 118
24 57
63 197
52 213
46 170
132 178
85 111
84 110
5 119
20 255
54 179
184 211
16 69
33 226
118 291
120 291
260 290
133 216
71 181
69 208
139 151
87 137
5 163
91 266
98 141
98 140
55 176
25 158
148 150
58 145
35 56
84 279
185 200
38 241
224 271
2 38
9 43
28 78
37 182
221 238
57 269
222 231
85 251
34 293
162 270
168 189
210 214
98 300
24 25
49 272
171 277
49 244
132 199
165 183
122 169
52 101
154 231
37 211
20 43
40 160
132 162
76 126
75 95
259 286
120 237
32 98
37 39
58 246
63 113
212 285
11 294
94 157
43 164
86 116
257 270
57 288
164 210
241 258
61 261
207 235
43 233
7 43
75 247
50 144
42 165
39 159
40 138
72 119
36 240
39 267
143 266
175 292
131 164
12 90
137 227
122 284
3 78
146 166
161 172
44 255
165 292
220 269
155 289
32 107
22 197
18 233
131 155
134 156
78 288
112 194
91 220
77 163
95 283
21 295
56 175
218 287
66 282
33 147
65 89
83 134
107 145
118 186
4 270
91 202
126 149
181 204
184 257
43 173
165 174
142 210
59 180
290 292
7 220
19 241
148 271
20 63
120 159
138 234
140 291
109 174
258 275
188 229
46 238
21 75
129 296
85 226
192 278
161 293
34 117
198 264
93 205
190 262
127 219
123 171
129 280
2 160
144 248
52 72
40 89
99 246
29 170
2 15
17 272
22 204
5 165
47 85
208 235
218 253
91 143
128 282
33 255
157 208
117 257
82 239
43 231
132 167
204 251
74 280
24 195
81 82
84 192
69 134
230 250
131 267
58 125
120 157
42 76
220 226
99 221
181 193
71 244
125 149
36 150
125 230
65 83
33 276
50 79
202 288
20 137
157 183
152 154
231 262
88 125
231 285
12 131
200 259
84 280
161 218
97 140
55 259
148 158
165 227
6 190
146 176
125 297
144 176
204 286
21 193
119 271
215 275
85 280
167 261
80 105
100 192
119 278
48 92
243 253
17 166
279 288
118 255
48 50
117 169
36 174
179 230
116 292
191 237
65 278
93 202
13 252
122 252
156 223
235 249
109 274
11 15
24 172
260 269
16 229
123 262
184 280
168 243
92 98
125 140
151 221
62 82
141 221
90 145
30 124
26 84
65 132
38 221
94 259
75 213
102 107
169 212
194 269
194 263
58 189
86 120
110 298
15 214
286 297
84 91
2 198
80 88
113 160
204 275
85 224
61 192
85 206
18 106
97 178
13 188
157 230
205 298
38 277
90 124
103 187
96 295
110 261
63 169
219 257
179 236
39 62
83 179
178 273
70 138
47 50
161 237
3 170
96 236
232 265
42 217
157 261
229 239
116 143
69 104
2 237
175 217
15 46
209 231
32 224
46 106
144 156
35 223
58 64
10 239
96 153
83 166
38 197
12 139
93 250
39 69
128 273
93 235
136 182
5 199
23 274
64 230
149 226
54 60
41 249
105 295
4 95
61 173
260 281
19 197
23 245
27 111
119 146
66 287
242 265
138 183
86 100
72 129
237 283
21 274
123 164
137 154
145 182
122 231
229 249
214 278
121 156
121 152
62 268
38 55
142 228
190 194
5 97
174 250
7 86
55 153
183 197
43 272
93 137
87 93
223 274
142 218
178 186
27 265
147 164
143 160
229 283
40 224
123 201
196 201
224 245
92 155
190 198
29 189
159 235
58 281
5 23
225 271
73 148
155 168
115 240
17 275
110 111
220 282
83 143
87 198
15 145
24 298
4 68
19 108
73 276
63 67
202 264
12 78
138 186
237 240
133 280
61 116
26 27
20 106
82 260
149 188
103 210
37 235
89 229
199 264
219 296
54 137
23 222
144 219
169 227
58 272
101 249
36 86
229 276
74 173
87 283
149 269
155 280
15 57
84 136
98 147
101 242
54 189
217 280
127 270
157 188
130 219
65 154
23 107
235 276
40 249
161 166
34 175
46 143
21 273
21 255
133 270
199 250
223 234
82 93
42 51
94 272
86 278
118 161
3 210
96 174
11 111
135 295
12 213
65 282
151 176
143 151
240 260
16 152
101 287
65 157
155 251
28 168
18 100
48 56
239 286
45 97
190 258
75 287
29 211
181 183
25 230
131 133
34 211
138 158
227 249
163 221
138 196
212 226
94 300
36 113
101 222
54 207
168 296
7 119
146 254
170 297
117 121
76 121
191 240
11 22
188 272
68 77
169 226
98 288
175 263
34 198
131 158
194 249
18 68
159 267
84 219
56 170
20 261
159 204
157 277
89 178
128 264
39 86
179 204
113 202
250 256
122 274
101 182
60 179
156 251
8 198
38 242
36 96
96 282
58 171
255 298
144 254
51 167
177 292
102 210
10 167
111 149
43 269
198 260
176 289
91 163
129 143
7 48
157 282
6 87
10 186
1 162
49 68
91 181
102 144
28 244
229 234
17 72
132 170
10 92
26 246
103 140
74 239
166 249
101 105
80 255
68 257
217 229
82 200
20 191
8 108
48 278
108 168
8 79
266 276
61 295
135 212
78 109
38 65
127 253
3 228
102 207
81 225
90 173
66 266
24 288
169 249
165 240
41 209
12 286
62 217
98 207
69 202
15 153
119 261
88 250
116 177
103 171
18 278
222 281
36 203
155 278
73 104
81 161
15 62
30 91
52 199
250 296
57 121
41 65
47 217
172 198
60 226
32 272
74 252
38 53
66 232
138 276
148 291
136 150
70 186
28 268
114 152
153 198
103 129
221 225
17 151
67 272
59 106
168 173
88 142
184 200
203 240
156 229
103 205
137 217
49 268
54 93
203 264
123 267
105 193
102 124
50 221
62 221
84 242
47 202
39 208
20 196
136 188
141 193
44 279
241 276
20 95
38 68
34 95
58 114
83 96
155 230
102 157
5 83
37 80
100 220
49 148
64 99
86 150
113 190
155 219
56 245
25 109
64 286
58 155
1 160
89 164
66 136
48 298
209 293
14 254
50 211
17 75
61 213
256 278
29 86
136 180
245 267
231 278
32 299
35 249
169 222
81 116
163 247
4 176
39 78
112 219
90 246
94 246
155 237
176 279
175 186
73 253
59 185
81 190
108 148
21 177
234 248
33 177
4 175
40 136
159 167
32 191
29 168
10 152
23 173
3 176
29 226
272 286
64 151
38 223
272 293
114 241
14 18
270 286
26 267
37 147
224 246
134 137
40 232
45 51
52 216
11 244
59 263
113 130
28 116
16 215
79 159
37 215
21 133
122 135
50 77
101 230
171 274
44 157
64 300
185 288
50 269
125 192
228 264
206 297
186 196
14 228
176 239
17 210
104 111
274 280
193 295
232 300
12 105
92 176
129 298
102 149
81 184
211 294
20 198
175 259
65 269
167 287
185 250
11 158
49 258
88 277
156 253
110 231
163 223
121 135
141 189
32 236
103 156
77 162
123 204
100 299
223 300
12 12
116 287
97 103
82 109
86 174
13 27
274 284
109 131
144 233
91 225
67 121
145 276
171 219
128 139
251 265
233 290
69 261
119 269
3 259
51 142
118 222
77 100
102 274
120 241
4 217
166 168
106 263
40 177
22 281
97 227
32 138
211 292
155 218
22 35
76 164
130 210
163 209
129 258
264 291
98 294
60 230
73 296
55 109
147 218
100 110
38 247
77 201
135 171
150 225
153 159
4 198
166 213
55 266
135 187
76 147
74 230
127 216
178 281
77 122
36 163
54 125
81 288
26 158
68 265
41 164
82 206
106 293
53 291
73 211
119 221
113 175
175 262
150 259
125 218
10 255
23 212
27 289
51 288
29 122
78 241
15 290
229 274
194 232
206 246
89 296
5 173
134 189
236 263
4 29
8 65
187 238
56 57
67 144
137 206
43 238
175 188
170 256
69 269
55 291
86 170
70 276
264 275
221 274
105 172
43 119
13 93
32 72
99 207
57 78
10 49
8 142
127 260
104 159
143 178
126 244
19 251
276 297
47 246
4 84
13 50
69 285
21 146
37 42
32 287
30 146
75 260
51 110
115 224
181 232
111 247
150 242
53 86
59 112
3 296
36 95
118 127
46 165
272 287
117 216
123 153
46 267
90 201
213 290
56 226
159 209
201 204
138 262
39 204
210 280
215 292
135 194
192 298
109 120
20 102
53 106
2 35
40 98
77 78
54 293
50 283
88 255
26 287
85 254
199 247
289 297
207 230
136 258
74 225
129 268
58 117
86 109
175 181
221 228
78 86
135 284
142 282
127 224
35 136
174 233
5 227
228 290
206 271
67 141
170 197
51 138
121 285
216 257
90 289
75 192
85 267
248 261
41 155
42 94
105 165
210 268
237 292
259 266
162 246
153 274
185 268
92 193
119 283
213 276
186 220
204 216
118 216
8 132
124 166
93 154
290 294
15 73
136 264
62 95
126 154
152 203
89 197
98 144
34 63
107 285
31 108
163 203
66 285
81 155
19 91
19 83
8 117
65 249
173 201
108 118
55 62
80 210
131 229
8 239
94 230
174 286
138 159
77 130
67 67
158 274
225 243
108 172
83 294
148 188
76 283
16 288
123 215
242 242
9 107
75 167
238 280
102 203
73 236
14 66
119 236
136 157
207 217
88 107
94 107
108 300
135 138
19 246
97 99
180 293
93 230
208 213
172 240
10 19
139 173
60 196
149 152
64 125
228 299
18 179
166 184
68 244
149 237
25 240
107 258
130 266
4 174
132 277
19 63
23 158
183 300
143 279
34 92
193 284
183 190
178 274
61 167
4 30
117 141
3 45
254 275
168 231
85 239
59 85
18 237
2 194
195 209
117 127
121 220
160 234
143 249
50 298
19 43
129 138
56 63
217 219
198 249
93 147
175 184
114 139
137 187
1 275
54 246
21 297
161 180
199 240
74 87
32 111
89 149
99 216
44 194
53 242
290 299
197 219
66 115
58 112
143 207
42 86
1 15
36 114
66 229
78 123
54 261
128 151
138 168
121 187
162 247
1 6
125 129
92 158
3 17
108 217
67 223
83 254
9 268
144 164
27 33
34 259
115 258
47 227
31 176
90 235
147 233
6 256
101 296
92 277
7 218
54 198
13 70
118 300
80 141
10 270
48 139
18 138
40 158
138 261
169 247
238 269
19 45
247 297
67 286
113 212
45 77
63 87
107 187
62 111
65 213
69 89
263 274
167 202
235 239
254 259
146 188
94 170
101 191
65 134
34 80
57 167
38 64
68 111
187 276
157 168
56 253
209 273
41 132
21 171
18 279
137 157
90 240
81 272
248 276
34 249
130 150
164 212
69 250
74 194
27 143
258 271
189 207
121 163
40 256
61 65
167 191
130 275
24 153
76 165
174 223
165 269
232 250
184 244
5 263
46 99
41 110
18 268
148 226
9 196
160 184
73 229
150 231
134 269
155 179
88 187
98 260
88 205
89 266
32 37
112 143
4 204
110 263
144 291
23 120
171 268
106 259
194 296
134 167
100 197
29 96
178 237
276 281
58 292
146 189
19 107
73 230
153 228
42 259
5 150
9 70
82 141
77 186
15 163
44 268
175 193
129 276
186 240
80 92
13 300
111 114
89 244
72 160
19 19
23 170
177 285
75 88
36 140
135 262
64 94
111 175
212 250
46 295
5 175
11 121
93 245
67 76
148 170
138 288
220 236
53 173
196 267
84 291
79 134
50 58
85 130
171 202
35 134
36 242
66 269
29 112
60 205
23 237
52 164
48 100
99 130
150 246
3 31
188 191
49 299
148 182
175 224
228 280
8 81
77 226
240 270
78 246
139 146
139 214
19 194
111 135
250 270
123 221
217 283
98 169
83 178
78 126
258 295
164 298
81 191
94 260
144 179
146 218
80 144
76 132
36 65
74 294
1 213
60 124
246 283
119 226
15 247
84 85
137 243
91 156
164 287
200 266
90 189
93 209
9 49
81 91
40 287
192 293
191 282
75 293
89 172
33 227
152 170
55 178
123 203
42 128
137 256
102 200
91 237
98 108
189 209
13 279
193 298
31 153
89 258
34 286
30 299
114 114
127 143
29 229
16 204
8 115
60 225
106 234
104 239
108 268
233 243
197 223
67 160
32 115
138 182
52 232
119 210
113 155
27 57
77 166
111 270
37 198
136 209
110 269
58 174
97 296
202 265
119 211
16 198
162 221
146 206
172 185
154 220
229 270
268 273
44 191
64 115
135 173
212 258
53 206
119 234
13 173
122 152
61 133
18 115
45 147
229 278
21 106
51 169
246 295
90 245
151 294
184 300
130 248
99 122
138 283
72 265
6 296
41 197
9 148
71 121
11 288
155 178
206 214
27 104
202 279
21 92
7 89
87 196
17 36
31 152
109 188
154 154
63 92
21 283
175 216
15 30
162 290
85 234
47 96
11 202
59 217
201 234
167 295
63 215
201 285
136 215
8 10
15 257
102 127
86 289
250 262
77 189
77 164
51 298
166 200
163 272
250 254
126 208
85 160
204 298
222 246
50 288
2 203
185 238
215 245
154 263
188 264
19 96
33 106
41 87
48 272
50 198
124 201
13 57
74 109
73 234
34 57
160 286
105 185
35 166
133 208
169 205
210 293
1 249
33 78
164 235
81 176
9 47
29 257
38 229
201 278
34 194
89 123
87 215
70 221
54 132
223 227
30 183
145 265
7 156
214 221
71 210
46 59
176 248
212 269
160 220
201 249
195 298
262 297
240 298
29 107
28 289
219 275
234 242
64 73
16 124
101 293
220 227
120 288
135 249
250 255
136 300
143 263
85 96
28 114
167 180
112 177
110 280
77 200
62 292
203 225
45 229
128 208
100 214
118 238
159 267
196 251
166 238
19 135
190 299
59 92
82 154
116 242
59 232
35 293
13 63
64 167
101 209
15 148
272 281
208 231
80 153
82 138
233 238
244 260
36 284
34 187
159 219
74 99
30 232
156 213
97 259
209 213
97 172
76 150
157 281
137 178
246 276
27 78
86 273
26 114
47 129
222 253
159 278
44 178
105 174
175 272
35 137
66 110
118 195
135 224
196 231
115 139
117 164
94 164
248 292
22 225
42 111
89 217
194 272
199 293
143 231
35 245
63 175
176 284
20 142
117 159
21 102
65 222
47 198
245 250
159 214
140 296
84 153
77 296
157 209
179 256
217 228
257 274
51 238
94 191
50 140
71 78
137 278
155 166
191 207
12 289
192 270
2 29
174 249
67 105
111 127
174 259
131 156
141 219
247 294
55 284
155 167
186 269
122 204
48 246
87 204
3 240
10 71
21 108
232 278
50 72
177 218
96 132
107 240
88 111
192 230
101 199
55 280
21 292
32 229
49 293
81 105
7 140
226 269
90 142
167 285
41 245
90 92
252 281
203 206
96 275
81 106
35 170
82 204
250 268
236 261
241 267
104 222
76 83
101 256
168 285
180 294
27 197
204 225
17 89
174 252
58 80
219 298
35 300
214 270
239 253
46 67
217 297
236 265
134 158
99 160
127 207
122 179
41 250
53 288
51 134
247 291
53 179
269 300
145 250
111 113
23 220
128 215
89 143
84 177
104 146
78 244
114 163
247 279
3 119
133 195
74 229
6 241
6 18
98 208
201 274
99 163
69 135
43 121
110 155
254 296
81 141
245 296
204 206
177 294
7 59
85 258
183 233
55 82
40 87
99 149
8 38
248 293
71 122
171 266
127 229
69 216
40 113
78 230
27 79
8 60
239 250
104 201
49 270
63 177
41 273
49 227
85 276
190 226
24 289
7 266
126 193
212 213
209 259
136 147
35 190
77 224
187 234
1 59
45 197
178 281
57 219
37 191
130 263
107 220
48 294
154 210
53 280
97 181
16 34
69 119
203 237
239 278
66 210
161 276
17 205
35 98
33 148
176 256
114 297
166 245
92 182
144 270
41 44
15 218
38 139
69 187
9 204
89 283
153 204
5 46
79 202
203 231
241 269
191 290
82 161
73 245
37 220
33 175
61 220
37 132
156 275
15 27
119 272
239 247
4 14
243 282
43 85
50 228
65 116
58 256
89 288
67 274
97 144
198 289
274 300
223 249
9 104
148 221
51 231
182 224
211 235
80 161
41 64
70 159
78 180
27 253
76 95
185 204
236 284
55 99
142 229
250 263
71 77
64 162
37 155
2 126
113 205
77 277
168 295
49 199
43 189
228 286
43 131
113 169
120 163
162 275
113 196
181 262
30 153
41 237
141 280
87 216
89 220
89 250
95 168
95 249
117 225
46 131
187 195
104 246
126 227
1 13
16 16
183 245
280 299
148 151
25 101
116 205
86 228
182 209
35 243
122 170
171 228
285 288
93 206
98 172
143 184
38 199
230 279
80 274
61 250
115 184
213 279
120 275
90 179
104 162
11 93
137 210
188 293
169 210
225 238
112 171
163 262
121 262
204 264
87 212
51 184
41 117
25 274
109 208
125 232
138 230
282 285
152 226
169 241
182 285
136 298
262 288
59 274
67 198
28 175
70 231
130 279
12 138
57 260
5 297
124 269
31 64
79 234
231 262
70 187
272 286
195 229
41 288
5 237
9 30
11 283
108 116
104 251
138 242
52 181
157 290
220 298
16 35
58 118
22 103
4 161
163 187
157 255
12 173
11 239
230 236
127 241
18 36
108 293
43 146
59 257
24 83
152 165
26 57
106 292
39 253
134 288
45 266
102 265
49 75
131 226
116 235
185 293
63 272
60 104
66 126
3 19
29 107
174 291
8 161
51 260
125 165
41 92
43 244
56 125
111 254
73 190
52 91
55 65
70 90
73 187
45 116
256 265
66 200
103 214
179 298
59 103
81 100
237 291
129 139
51 104
49 200
231 240
33 246
114 279
33 110
111 145
134 160
72 171
136 267
47 66
99 174
86 204
34 265
85 223
113 140
140 203
34 171
7 246
111 173
161 203
18 22
225 228
101 241
274 281
6 36
80 242
158 250
6 161
171 276
10 107
123 296
27 166
172 219
45 206
23 247
107 181
52 170
197 200
40 122
92 268
257 300
150 182
42 242
88 248
221 300
78 219
142 173
64 124
141 258
117 185
1 217
91 269
116 206
160 201
214 253
150 240
12 194
21 285
103 281
1 197
13 105
122 227
33 68
193 226
108 244
140 221
168 222
165 212
39 237
138 203
137 269
96 222
33 190
119 256
65 123
103 184
99 274
49 90
32 87
61 114
19 67
33 230
235 245
51 72
212 239
48 237
144 165
42 189
109 187
70 180
25 252
31 211
96 249
193 264
91 201
28 159
38 169
200 224
186 273
38 256
200 241
123 217
236 271
217 282
67 295
79 173
32 179
50 174
173 199
115 138
262 283
155 160
210 239
56 100
191 211
112 279
194 196
69 288
45 69
7 160
107 172
92 145
107 265
143 222
113 172
4 133
100 262
107 222
161 251
242 267
13 292
69 238
150 192
138 272
11 235
149 300
67 258
46 206
186 238
52 73
11 40
107 178
38 102
70 296
11 249
129 284
22 39
28 247
166 299
257 275
40 75
106 189
122 284
93 162
48 226
277 297
61 148
100 260
12 163
143 176
197 281
271 285
49 242
37 214
197 294
95 108
82 99
86 228
142 196
121 150
187 206
113 232
49 59
84 123
68 118
33 288
9 246
132 149
157 191
27 141
37 284
208 259
108 196
217 238
198 203
53 155
190 257
5 67
188 273
80 260
254 288
114 283
146 167
52 157
122 201
168 241
272 275
33 113
159 187
133 235
24 100
228 300
12 45
147 170
132 153
250 293
94 100
127 288
200 220
19 79
16 92
98 122
70 162
85 136
104 279
4 241
228 278
223 296
137 190
89 89
109 135
14 134
135 163
36 210
72 273
206 248
174 175
217 278
174 267
44 197
35 66
102 206
94 172
73 273
6 96
32 144
9 10
126 198
20 154
6 135
114 232
181 229
223 252
62 184
251 260
84 206
38 108
30 155
263 298
258 269
125 271
31 186
5 211
47 171
96 119
132 182
15 19
55 128
18 88
40 198
8 262
85 161
53 298
146 152
198 223
8 63
124 273
1 49
176 200
21 215
167 171
51 81
103 224
194 227
168 252
32 142
84 98
208 264
191 287
122 128
6 240
58 90
133 171
95 244
26 65
111 277
45 294
13 149
226 275
21 185
92 101
39 67
37 161
200 260
3 241
109 221
266 270
31 204
44 136
20 233
37 46
286 290
242 282
100 258
42 240
62 209
125 251
24 47
65 66
58 216
56 294
45 275
147 289
238 273
111 191
38 141
189 284
54 89
38 158
68 282
45 77
12 228
111 202
88 159
7 211
74 159
82 102
126 243
130 270
138 299
36 37
26 285
283 297
58 250
156 210
243 297
286 290
19 77
40 278
78 114
123 298
23 275
15 221
66 277
75 188
91 284
237 270
85 228
8 95
94 278
7 284
127 133
33 277
169 214
222 300
223 224
1 260
43 299
58 102
132 259
68 157
2 62
225 279
135 207
186 281
79 222
160 212
199 294
38 144
246 260
188 277
28 39
198 222
25 185
76 112
90 146
149 149
198 224
185 224
66 92
59 81
225 280
170 254
73 226
142 171
208 245
129 263
179 231
48 260
269 269
60 122
37 200
117 211
69 229
17 133
171 289
159 276
64 207
103 299
167 167
177 265
145 178
100 152
11 270
159 216
22 149
83 281
238 282
61 207
56 95
106 126
129 245
38 202
15 265
93 170
82 172
74 105
52 226
109 291
7 73
183 201
3 151
286 294
69 211
60 185
142 188
103 242
210 236
41 230
157 240
91 241
247 277
153 179
19 269
71 133
147 242
179 188
134 245
61 73
139 179
64 143
6 89
87 268
47 88
236 295
117 261
206 213
48 221
53 158
67 86
134 159
95 117
88 233
116 215
106 255
211 231
102 160
38 267
48 200
80 223
133 285
111 171
186 232
103 265
8 214
30 53
143 271
9 157
75 112
6 259
185 282
134 134
1 167
18 290
10 130
140 201
104 229
14 206
192 195
142 277
80 120
146 263
17 59
141 210
170 261
1 208
266 297
224 278
88 110
62 126
56 84
104 133
243 262
139 142
29 226
146 174
133 136
75 293
106 295
125 286
101 135
111 193
10 26
168 212
15 87
15 250
214 238
47 60
59 111
18 56
13 266
212 274
66 140
13 21
208 241
160 211
221 226
173 234
154 215
190 229
4 237
27 246
165 205
17 283
41 169
19 296
17 180
157 205
191 208
89 114
65 198
169 282
179 193
89 212
65 203
150 167
43 203
12 41
46 201
51 232
236 245
34 124
43 214
6 104
57 177
196 283
28 258
10 84
24 217
46 203
6 57
120 214
101 168
94 250
64 269
242 253
66 96
224 279
298 298
140 235
168 195
152 270
23 262
102 121
91 257
167 181
17 251
102 135
181 191
40 154
13 109
43 129
26 256
25 162
67 252
80 165
128 232
191 200
186 298
6 235
21 225
29 234
63 74
58 221
36 196
151 259
44 150
12 280
152 262
236 300
154 285
66 243
117 240
68 253
3 239
26 79
213 272
173 277
40 100
88 118
80 145
186 243
224 249
37 143
85 137
299 299
90 290
8 252
53 177
64 196
92 124
164 208
110 136
63 234
165 278
32 255
44 287
70 209
55 138
59 230
23 250
7 165
2 14
12 56
9 51
58 192
241 284
32 55
16 214
86 145
53 96
91 270
200 229
7 90
60 96
79 244
166 196
197 292
183 195
181 208
40 150
5 112
225 287
68 246
185 284
109 166
24 143
219 226
113 296
16 88
94 162
210 214
257 283
118 287
154 225
91 293
7 19
82 189
173 254
116 253
67 72
85 89
189 231
27 123
221 266
100 107
44 100
34 87
96 127
34 70
168 259
85 220
46 97
137 273
62 294
127 276
127 151
59 99
72 253
169 180
219 295
112 114
84 290
220 267
90 115
132 258
81 269
116 187
59 128
201 300
134 196
37 138
69 69
95 274
31 203
66 258
17 131
84 300
63 261
46 148
99 280
222 254
64 251
18 105
10 203
43 200
156 175
65 78
7 153
145 249
90 277
131 208
43 81
49 284
118 289
116 171
22 99
173 176
116 154
197 208
175 200
115 278
188 207
97 290
56 116
104 106
159 160
44 146
129 186
204 263
61 274
70 166
39 144
29 221
96 158
111 130
203 236
35 266
149 196
9 187
135 278
14 259
122 213
25 164
20 60
180 213
16 233
33 84
109 195
31 229
90 154
193 291
96 128
111 259
78 250
53 69
72 217
40 163
240 285
17 111
7 87
22 111
11 127
131 150
15 274
31 150
155 171
16 251
120 267
225 299
13 114
216 229
133 194
48 299
32 82
131 270
19 232
22 127
176 252
216 243
3 100
146 191
19 93
10 13
71 278
102 255
141 171
5 84
17 83
243 294
80 83
183 248
201 255
229 251
175 222
236 252
172 270
160 210
199 283
170 287
80 172
237 298
98 199
71 112
193 222
5 61
240 261
7 201
29 162
9 83
14 198
57 101
39 123
72 102
6 228
245 260
19 240
48 300
80 179
94 111
103 114
139 149
75 110
59 179
59 225
163 292
10 187
194 261
213 257
74 241
167 179
53 107
47 126
22 201
18 109
79 298
210 225
129 234
91 169
66 292
141 286
180 291
20 41
23 196
21 300
131 227
170 260
158 258
170 277
23 241
103 238
129 215
23 289
130 170
84 249
85 142
228 280
64 275
128 250
51 95
48 55
98 176
152 277
126 190
50 241
50 80
80 258
16 53
46 55
225 295
46 134
102 206
229 294
126 171
255 283
50 187
46 93
124 284
16 82
268 277
51 94
139 218
132 132
63 79
5 162
281 297
149 240
144 227
166 261
54 201
60 163
117 120
76 284
100 229
61 67
26 85
47 216
150 276
61 170
46 135
168 226
31 111
147 214
32 126
197 247
73 193
211 258
46 245
38 266
229 275
12 298
52 53
89 188
158 289
2 38
24 145
163 227
140 161
205 282
96 216
81 154
68 127
86 151
91 146
205 270
8 112
13 252
159 191
168 180
11 193
124 300
68 227
83 213
39 236
79 90
188 205
64 298
160 241
149 179
67 199
2 76
130 237
154 162
72 204
228 247
33 204
59 90
55 251
23 293
34 225
195 201
51 135
146 214
24 245
174 258
15 207
165 168
52 158
251 256
200 259
62 271
5 55
26 140
257 291
8 200
59 270
42 120
90 180
254 294
59 142
9 72
110 164
139 184
1 230
209 213
113 295
74 75
166 200
99 157
120 198
154 184
20 289
163 205
149 216
292 298
136 156
108 246
64 164
50 88
10 112
67 268
51 240
64 93
21 282
101 291
114 169
27 220
4 175
53 239
12 229
54 202
152 241
76 229
24 110
102 192
56 224
230 260
107 259
129 272
26 117
210 290
81 130
46 226
118 217
203 253
25 235
99 250
249 294
83 111
20 82
179 247
45 287
22 172
68 238
170 209
9 156
71 152
105 238
59 201
129 270
198 214
34 298
12 284
4 253
40 252
85 299
255 270
215 247
80 283
20 105
24 192
51 59
152 251
130 261
192 193
191 202
189 229
43 262
20 113
57 94
20 116
93 297
39 244
193 270
10 169
127 240
55 102
168 287
218 292
11 254
148 230
55 236
11 23
99 296
202 203
212 272
219 262
55 117
11 183
164 206
134 240
23 228
27 281
35 175
50 66
240 269
60 240
128 182
58 186
94 210
89 279
9 74
57 143
147 289
59 256
55 286
237 244
265 275
122 152
287 288
171 190
46 269
38 114
23 96
158 237
68 141
163 252
210 248
171 265
83 200
125 291
151 154
182 236
266 266
164 194
16 84
28 215
113 139
214 285
139 170
39 259
32 154
66 74
97 199
78 83
139 168
153 196
192 275
199 290
154 201
78 249
11 17
164 190
205 231
37 74
57 267
28 29
132 171
174 192
98 291
36 80
35 213
140 171
128 223
142 191
244 247
36 81
30 202
130 144
108 169
76 185
1 146
36 225
44 179
31 244
19 191
33 54
228 261
92 283
188 239
17 152
57 282
40 55
173 210
41 195
144 294
94 179
139 236
183 209
1 183
8 165
90 96
186 282
105 124
104 234
154 177
121 254
238 243
181 296
74 254
265 286
133 177
82 257
181 190
36 188
18 205
109 233
140 217
198 204
103 126
171 183
238 284
11 90
115 154
228 238
17 221
150 165
57 91
51 201
70 167
36 264
81 85
77 241
74 171
125 200
78 186
28 206
11 279
77 280
153 191
241 286
131 274
98 107
14 122
112 258
219 269
67 97
28 201
24 28
40 282
83 91
10 97
199 297
12 87
150 232
156 232
87 201
52 224
265 268
244 296
24 103
66 268
126 196
59 177
274 291
13 30
197 273
6 78
32 93
179 187
26 101
167 204
34 285
63 126
172 269
138 211
69 247
68 209
43 138
21 38
104 115
198 292
77 153
144 162
28 163
268 269
102 128
161 179
55 225
69 221
50 126
123 177
8 59
16 275
59 211
6 55
57 300
109 300
59 248
18 59
103 137
17 145
150 203
13 270
17 147
51 211
16 287
146 156
156 299
9 277
3 125
112 216
157 211
84 104
32 232
245 277
127 234
6 212
179 196
89 139
94 269
47 100
58 217
34 296
254 283
88 251
107 150
78 79
121 271
72 112
15 55
5 90
123 252
37 108
18 119
64 119
162 245
10 135
28 106
173 177
66 154
250 281
236 285
33 188
88 170
39 150
92 236
165 246
64 79
26 297
91 178
53 211
103 258
109 275
159 296
35 49
163 226
52 159
97 267
74 195
176 270
148 205
145 273
127 226
45 299
7 189
162 269
144 183
95 98
35 207
3 118
46 190
129 185
150 216
32 105
141 233
50 191
75 208
43 64
294 300
8 13
139 290
233 291
52 259
1 271
82 290
35 103
221 285
126 167
6 136
87 107
278 284
39 282
148 264
226 237
210 287
56 80
66 239
85 176
160 203
26 56
57 111
5 192
63 166
227 285
182 257
137 183
81 300
96 253
14 19
7 98
39 85
123 289
84 150
90 218
72 255
113 217
126 184
106 185
146 290
161 177
77 246
215 274
191 248
197 271
32 84
33 215
42 135
144 148
25 41
69 267
120 298
97 149
6 54
118 177
172 263
65 182
23 197
183 213
49 208
75 136
95 219
183 285
16 209
53 103
154 182
118 259
165 189
41 152
114 257
19 165
22 250
119 160
43 205
93 107
43 173
115 190
260 265
207 269
81 284
48 90
21 284
173 250
69 118
120 199
124 127
221 278
251 251
67 125
4 286
31 37
190 255
244 288
58 271
50 97
106 265
96 267
45 244
74 208
12 27
178 258
50 210
125 184
60 175
43 55
17 23
190 227
191 216
229 255
22 101
184 202
231 257
18 40
42 140
21 204
155 191
23 223
75 132
109 214
23 134
81 242
213 224
35 53
131 190
37 260
258 299
43 166
51 153
46 144
81 214
16 78
2 74
119 145
19 229
230 232
86 286
13 126
173 281
75 181
165 197
203 214
32 298
70 114
53 105
91 194
69 238
27 108
148 174
157 208
157 167
26 155
38 47
69 74
188 280
7 37
102 181
37 91
260 297
146 241
13 250
118 147
134 290
244 265
284 293
56 297
137 298
55 186
70 121
52 256
34 278
133 183
25 203
127 203
157 236
68 218
74 197
42 61
42 64
100 119
114 173
152 216
9 178
74 257
181 208
29 136
27 54
49 196
65 114
210 256
142 167
14 61
142 233
6 146
227 296
44 230
16 172
31 112
16 56
67 291
190 202
149 267
113 221
98 165
99 247
237 294
25 181
43 133
44 261
100 274
184 290
147 286
186 191
45 278
101 162
249 277
3 205
2 88
240 291
155 294
78 117
93 165
128 211
111 278
248 296
156 295
56 238
30 77
120 121
103 241
29 44
44 115
19 95
7 217
262 294
29 120
57 296
19 292
149 299
110 167
71 294
184 261
51 298
177 204
148 276
24 109
64 248
205 231
62 212
162 232
137 290
18 132
42 213
19 126
23 170
218 266
20 70
129 189
179 293
7 181
11 48
60 100
193 282
100 130
29 265
65 188
224 274
46 278
59 221
156 246
135 258
148 153
148 149
103 296
82 279
162 272
168 283
7 63
202 224
111 244
55 130
108 229
90 131
134 260
211 248
178 256
240 246
77 264
156 255
54 272
141 259
93 101
160 274
127 263
34 280
132 139
227 240
3 142
288 289
42 80
24 238
94 152
35 89
139 196
60 239
24 275
12 126
194 233
83 264
145 195
153 212
195 269
65 265
44 111
80 149
29 126
130 148
19 190
221 245
212 245
196 211
179 295
16 77
77 249
44 262
13 207
53 213
97 215
125 282
113 209
41 51
256 290
141 204
1 217
234 260
3 187
129 238
120 230
40 261
2 130
30 130
224 256
19 144
2 275
14 290
92 225
165 248
83 201
1 89
82 227
109 149
140 256
117 168
170 174
129 161
57 211
154 158
40 52
40 237
98 242
37 48
65 161
105 153
43 54
22 217
7 134
81 89
43 297
186 193
72 247
220 258
149 168
249 283
190 241
8 37
8 221
107 229
119 197
49 182
132 269
14 118
4 19
213 229
24 167
11 79
156 248
19 166
17 85
253 297
19 216
27 127
100 198
72 141
221 230
157 285
48 157
84 228
202 238
66 71
91 229
269 279
62 260
107 247
24 212
16 22
18 119
229 280
29 169
79 93
33 234
79 241
42 98
142 181
104 289
147 271
148 214
227 279
78 188
47 123
213 232
23 253
81 148
66 161
179 266
132 154
154 283
226 289
43 49
76 255
241 299
73 286
109 250
45 201
168 194
65 297
49 216
72 220
162 273
8 49
61 146
154 233
39 69
109 158
18 21
35 115
67 240
95 295
104 208
19 213
124 255
6 69
68 189
98 261
157 201
10 290
77 203
56 174
11 213
34 101
42 172
71 283
94 177
120 132
182 261
117 198
33 77
109 225
153 228
113 186
5 36
18 189
3 174
60 218
188 256
8 71
192 281
5 205
56 211
70 188
82 96
1 270
132 209
136 205
22 51
45 274
149 286
184 219
182 207
34 108
10 244
151 285
208 237
196 217
94 188
34 264
2 205
48 277
56 155
107 268
83 276
87 292
78 260
17 70
75 183
63 208
58 86
6 60
148 166
92 191
58 205
195 210
83 269
1 97
183 270
110 134
4 110
210 270
63 283
41 213
39 223
130 153
42 241
119 204
198 261
121 218
134 206
81 298
9 35
200 227
71 207
6 155
71 118
78 131
37 295
6 275
12 156
39 182
199 282
162 254
196 239
105 135
279 286
165 181
52 241
80 229
28 131
73 79
38 265
90 126
58 278
131 230
44 242
25 262
63 95
31 228
69 161
3 57
2 257
159 196
54 110
15 83
3 148
148 224
48 83
37 185
150 189
13 33
42 291
98 143
44 141
38 167
138 191
236 272
87 150
72 222
25 186
164 299
163 254
99 183
7 228
177 259
130 284
80 283
57 115
55 143
100 163
120 223
39 205
200 291
130 135
254 265
113 135
84 212
23 288
149 182
8 204
67 245
148 181
263 272
6 245
18 291
238 240
78 110
21 213
177 190
106 162
168 221
294 294
3 84
249 262
163 201
246 246
1 106
23 210
103 225
10 275
62 276
9 224
30 273
251 281
161 276
213 252
69 234
93 240
15 296
233 263
181 265
168 196
24 237
81 142
86 197
31 206
43 56
18 140
131 185
43 184
38 51
156 191
119 120
96 270
208 297
25 266
104 174
141 252
196 220
60 285
81 277
199 231
57 285
97 255
12 32
40 184
256 256
148 300
30 43
20 64
9 205
69 144
66 165
166 219
7 210
65 267
20 35
54 90
95 276
143 159
19 237
75 297
35 248
127 129
91 256
91 292
129 196
10 209
67 182
197 231
43 275
46 120
90 216
213 227
177 202
30 126
255 295
56 195
243 244
151 279
36 275
39 290
95 259
205 293
168 274
208 224
101 227
18 101
87 289
63 76
147 299
121 138
54 120
86 175
1 100
218 290
194 241
107 163
42 131
55 277
50 256
99 173
2 152
204 227
102 258
14 175
153 232
135 281
45 231
128 171
151 289
29 282
96 208
72 79
55 261
46 75
10 191
74 224
44 239
40 94
257 271
281 282
31 54
64 229
107 204
48 114
136 299
5 269
49 231
156 179
64 219
72 146
39 118
76 289
136 159
177 277
61 300
205 233
133 282
82 92
212 246
213 280
4 142
213 230
209 260
3 231
33 121
213 249
247 294
118 245
121 228
62 256
11 189
72 290
169 237
190 191
129 265
1 132
272 289
191 236
120 258
54 200
4 158
100 241
174 291
192 207
71 281
149 289
13 135
1 20
191 212
34 54
50 126
139 283
86 273
141 214
203 241
28 275
130 172
15 98
189 286
233 289
35 219
186 272
44 124
103 237
39 240
148 288
78 237
205 250
45 242
32 233
8 111
17 287
200 271
168 182
165 211
46 166
20 282
147 298
49 81
275 275
74 288
147 192
86 103
32 103
55 274
71 115
100 181
7 180
105 152
14 243
107 113
9 234
72 86
119 147
26 121
25 36
104 163
36 112
113 129
5 188
14 88
191 249
124 279
169 271
177 266
157 229
194 199
137 257
155 213
45 296
191 284
73 95
26 229
99 191
104 247
69 201
70 206
107 194
7 155
189 228
33 228
136 152
97 102
115 177
67 180
123 126
61 244
15 276
205 278
104 185
226 272
42 276
31 160
58 153
86 191
80 251
55 276
76 232
221 231
54 131
285 295
84 264
35 188
85 287
5 51
35 272
221 286
140 153
135 274
75 245
23 218
152 254
121 199
4 21
29 300
111 168
46 293
80 164
67 129
54 76
4 83
142 209
23 28
41 280
38 210
175 239
25 111
230 255
156 224
136 220
37 76
3 67
91 106
256 276
222 251
163 222
23 115
145 285
127 294
153 265
244 250
48 268
186 234
74 100
146 209
34 288
92 292
21 54
161 219
137 234
55 231
141 185
175 271
142 172
131 281
195 269
159 172
39 238
63 123
6 249
85 141
116 189
27 38
44 157
16 19
20 206
136 272
81 94
33 71
37 277
288 298
19 129
88 149
128 175
67 224
80 154
55 107
81 127
16 163
9 198
94 200
14 127
94 240
126 239
13 106
168 242
66 72
252 275
226 244
150 173
192 210
129 182
79 153
85 150
55 275
60 92
116 237
46 91
248 270
14 173
109 190
47 69
33 202
103 292
156 161
59 253
187 284
74 86
254 273
36 175
3 220
220 237
5 290
122 232
139 279
13 101
56 139
158 161
100 181
26 70
31 125
138 264
18 223
65 255
120 249
39 110
108 219
78 276
195 295
22 97
13 107
45 288
91 262
83 258
4 233
187 293
195 249
131 194
126 240
256 298
96 152
110 189
16 263
250 251
89 96
214 228
74 123
29 121
51 172
237 254
5 56
18 253
88 95
224 275
10 242
149 227
91 155
28 285
83 263
99 128
203 248
73 264
18 44
83 270
40 221
99 156
7 49
106 183
39 213
74 160
44 54
154 264
210 217
74 172
215 260
19 282
117 204
79 293
53 262
251 254
159 202
135 277
91 240
167 236
193 288
23 266
137 204
119 241
179 270
82 238
57 93
86 250
14 80
116 131
64 78
8 143
112 198
255 272
218 243
14 101
90 195
76 179
250 269
165 255
73 277
149 259
105 194
159 231
109 272
187 269
34 102
72 106
140 147
2 2
17 249
9 294
43 225
42 112
286 289
25 224
23 208
6 29
10 236
131 271
224 241
13 249
54 248
85 119
19 239
73 113
228 268
80 151
156 212
126 127
56 241
116 200
26 132
1 27
192 215
215 298
154 251
12 201
121 292
38 175
37 266
226 257
20 131
166 217
60 212
183 205
23 47
217 274
58 133
125 235
126 209
236 273
160 284
59 161
85 273
96 263
77 104
199 254
136 250
113 224
29 95
14 47
15 113
57 164
36 248
18 113
50 130
102 278
97 232
82 278
103 222
160 296
47 103
121 191
39 289
250 288
24 236
88 298
126 185
101 234
229 284
166 273
124 135
67 83
185 197
134 297
124 168
186 291
1 181
79 88
70 116
72 192
124 291
141 245
1 77
46 281
228 275
177 193
47 297
58 138
180 298
118 134
269 292
35 77
99 249
156 298
126 262
4 163
117 294
44 96
186 222
31 212
133 267
161 295
25 55
4 80
65 246
68 184
169 203
101 157
60 295
239 265
142 246
234 243
34 172
93 93
126 180
115 181
116 260
57 281
98 223
73 290
236 293
34 163
171 236
46 206
37 206
31 273
211 220
27 138
119 289
86 90
19 263
18 152
17 29
29 236
69 124
199 226
154 239
49 178
135 223
145 264
27 65
76 107
49 133
26 33
105 117
149 151
69 169
217 256
112 145
64 241
226 257
42 206
128 246
173 274
229 240
244 255
110 274
174 229
101 264
33 265
39 61
102 146
74 223
29 140
14 31
71 202
60 286
10 295
9 245
168 171
3 33
14 242
190 261
29 227
88 266
26 280
142 227
122 167
30 50
76 113
179 198
188 216
130 176
9 202
179 190
75 106
38 116
152 189
138 185
139 224
190 203
50 124
186 252
143 163
71 271
108 273
219 265
68 288
10 232
145 287
243 254
42 196
82 288
163 180
151 202
122 183
159 173
24 38
116 233
104 169
101 156
43 87
163 196
189 268
129 216
65 215
107 187
114 236
239 242
98 130
154 219
59 141
132 263
180 254
122 156
220 244
149 192
111 126
66 250
24 292
59 250
89 221
45 90
268 290
104 215
186 260
18 158
90 97
8 253
136 214
131 239
168 197
27 121
8 54
111 187
82 289
8 93
144 288
94 218
118 139
105 262
175 299
267 281
30 33
190 245
99 271
122 223
227 277
144 168
119 151
153 169
110 227
47 70
132 198
267 268
89 169
175 208
7 237
94 208
215 221
14 114
138 269
66 194
93 289
21 227
141 239
36 257
77 129
72 219
202 223
20 287
108 188
92 132
140 270
75 163
131 256
79 243
104 236
84 140
61 217
8 286
27 245
41 211
57 289
139 207
21 283
52 99
51 278
18 167
47 204
60 83
261 289
112 212
109 253
41 174
12 80
212 289
255 281
180 257
19 132
159 236
73 94
52 71
51 159
67 153
59 71
73 170
84 224
149 297
9 220
52 196
25 242
62 267
6 66
24 35
45 115
278 287
20 300
14 287
16 87
124 132
237 297
104 158
144 152
131 237
140 288
234 292
64 191
233 258
5 53
288 295
159 261
21 268
154 287
8 266
191 274
190 238
52 153
123 284
84 187
239 256
8 67
72 114
104 178
198 245
253 273
184 201
51 218
93 164
10 99
183 267
80 194
6 7
118 124
38 250
103 141
10 149
35 215
94 276
195 288
31 49
252 300
22 219
27 116
25 267
72 182
172 215
97 286
175 293
90 174
259 259
124 259
46 242
161 294
17 102
75 88
43 171
46 243
59 245
174 224
98 124
225 268
187 229
163 263
12 178
175 194
214 275
232 281
135 180
118 209
67 206
23 106
201 259
7 136
51 263
85 138
164 234
170 232
69 295
49 163
204 253
72 179
92 257
279 293
87 249
155 172
59 265
11 124
35 171
124 288
62 241
15 210
89 108
104 256
26 59
105 268
59 84
40 197
66 216
156 157
60 235
222 234
80 112
122 198
86 220
41 98
9 184
55 270
246 252
97 111
7 113
10 33
100 272
57 275
10 80
21 270
138 239
162 164
45 179
78 116
109 226
124 267
2 137
96 263
161 255
227 246
12 75
113 201
95 292
56 115
69 136
108 235
79 192
198 201
76 135
30 171
162 260
145 272
204 279
35 283
16 222
215 224
54 165
255 293
70 272
48 181
201 205
78 129
218 269
194 249
86 208
154 213
8 287
225 246
76 125
110 250
201 243
29 267
80 267
218 232
117 120
170 170
34 68
50 180
6 294
130 270
160 245
157 200
65 230
115 175
34 191
32 180
79 129
106 210
75 255
282 284
111 146
62 263
104 255
151 295
183 231
96 154
127 196
160 185
44 295
216 268
98 239
39 87
64 211
62 93
278 281
106 159
103 165
117 166
6 11
14 72
43 117
112 273
138 167
20 115
138 246
11 109
108 209
11 239
154 299
5 276
145 147
128 221
66 149
89 182
75 219
5 50
98 206
237 253
145 225
201 207
14 285
8 209
119 266
224 237
170 211
5 221
158 264
138 275
31 139
202 205
238 249
221 290
32 68
227 269
243 299
84 297
176 269
111 264
92 253
51 86
29 207
167 278
173 214
271 298
24 249
49 168
244 287
94 256
222 256
205 228
68 126
186 216
51 91
70 152
92 201
119 237
8 294
13 13
150 174
165 186
54 240
153 260
135 186
30 247
166 198
31 184
233 249
49 78
162 211
279 291
70 198
83 207
116 256
135 141
22 75
22 169
73 139
169 218
59 153
280 281
47 155
152 267
95 106
210 274
115 250
91 124
272 296
168 255
56 277
52 137
138 172
121 205
82 241
191 270
158 284
2 36
124 299
5 34
19 71
248 288
67 191
203 209
26 55
15 190
189 267
178 210
21 109
199 299
127 255
35 218
210 253
60 78
104 291
46 247
75 207
19 103
116 134
83 209
23 37
224 273
120 196
108 127
268 280
82 276
61 185
45 100
149 239
90 271
24 293
54 175
21 65
142 225
38 172
12 269
123 237
87 175
69 222
168 289
104 218
133 242
5 165
98 189
23 45
39 153
92 221
80 93
283 287
154 265
77 102
3 177
43 199
13 220
142 182
78 112
178 249
157 176
10 139
55 282
22 60
140 268
28 101
41 62
11 243
83 111
92 173
115 206
38 299
33 136
194 281
123 232
83 83
46 105
97 160
135 188
55 235
62 299
188 234
91 279
72 83
3 75
84 184
278 282
53 292
152 157
112 126
198 295
13 142
40 117
99 228
150 155
57 239
43 44
14 161
130 253
97 129
153 191
50 139
171 225
277 277
23 199
38 58
85 242
136 139
96 156
96 173
189 299
42 223
71 286
177 238
8 216
70 160
99 227
215 290
91 147
147 253
124 230
130 291
85 178
14 99
55 145
29 225
81 245
43 92
92 272
30 118
84 283
90 252
13 19
21 261
51 140
62 296
65 115
73 222
166 248
236 240
100 267
70 168
134 164
8 271
14 180
87 117
21 89
122 230
201 206
51 186
19 23
190 280
66 279
169 189
37 154
80 163
54 208
278 300
91 154
221 284
123 243
114 141
65 131
80 173
200 204
139 205
194 276
214 233
143 149
42 219
54 271
102 116
28 146
49 147
30 176
139 274
74 211
19 222
147 206
262 292
192 199
205 238
248 266
44 158
114 160
72 186
169 243
45 114
84 173
22 175
42 55
126 176
1 150
149 219
26 213
110 216
87 205
88 89
11 206
128 143
70 289
143 297
162 196
32 158
154 188
93 268
59 107
176 185
69 96
63 170
7 209
18 89
81 204
214 271
227 286
10 31
45 249
77 216
27 151
6 93
137 260
118 220
131 279
42 298
150 215
6 284
167 206
41 217
183 265
20 219
22 119
10 53
18 136
27 114
238 290
11 84
160 287
26 37
13 209
64 198
15 115
196 234
154 288
87 165
28 164
33 125
42 113
190 195
94 202
121 246
8 127
165 260
116 182
95 141
170 216
134 170
233 288
103 162
96 113
66 109
214 257
92 168
117 210
104 268
26 40
160 208
63 147
36 270
157 212
57 88
40 227
90 110
93 212
137 235
30 156
135 184
181 185
250 299
11 47
124 152
185 269
10 12
32 207
119 243
53 297
98 139
111 125
73 152
148 253
69 100
66 174
34 177
42 116
64 259
54 91
68 228
100 143
34 128
53 247
53 285
73 103
98 219
102 275
105 147
112 210
112 290
98 238
156 284
261 278
19 250
25 78
104 240
43 169
203 256
25 281
134 203
159 189
295 299
16 297
205 227
112 295
102 260
268 285
174 254
158 234
54 183
28 179
164 263
70 98
131 140
7 280
35 57
127 165
39 197
188 287
55 224
218 223
290 297
183 295
140 149
4 248
182 204
89 115
236 281
114 200
177 188
101 149
61 266
85 288
93 179
23 261
17 263
84 179
30 204
93 203
193 283
46 64
127 161
57 139
5 222
200 212
158 189
2 166
53 219
2 46
86 134
42 113
110 152
59 61
231 252
115 233
137 184
210 282
218 300
29 239
59 144
129 289
10 269
68 240
77 204
163 279
93 191
172 256
141 187
194 280
17 215
210 269
16 63
27 63
234 286
185 237
107 108
25 187
129 184
152 190
149 223
47 132
57 216
57 115
44 151
168 170
28 180
135 153
78 198
270 271
161 242
34 142
139 203
271 295
112 113
174 205
41 283
57 204
25 250
32 247
19 226
155 263
96 187
106 131
252 277
101 285
35 118
211 211
19 22
15 201
13 127
173 268
61 255
122 203
27 59
52 295
32 99
194 221
51 143
170 251
60 141
39 292
168 271
22 276
66 236
170 181
151 197
146 251
48 263
267 293
105 223
66 73
44 51
52 134
77 215
25 255
259 277
22 207
212 254
36 41
59 104
161 292
42 143
42 232
69 268
49 222
171 193
230 296
59 209
149 236
210 250
130 282
228 237
99 203
7 108
106 252
170 206
7 75
11 60
61 288
19 221
166 221
227 250
134 226
79 249
18 50
44 87
101 281
281 289
164 252
84 144
31 287
143 288
50 176
56 72
83 265
256 292
96 215
94 126
63 196
4 191
24 153
122 172
24 96
65 158
99 112
184 265
184 222
253 271
265 294
233 234
247 266
65 129
12 257
95 204
193 256
174 245
23 149
14 271
1 241
144 272
8 130
125 284
72 216
184 254
195 199
31 298
169 264
56 172
137 191
39 96
85 187
81 198
77 290
157 299
6 264
88 200
58 258
74 232
161 168
191 192
23 159
79 193
113 118
102 275
130 165
165 270
228 231
62 109
250 285
163 176
55 300
207 295
149 175
47 149
139 197
13 172
130 142
73 225
43 132
6 221
74 140
249 275
63 144
97 187
21 76
51 244
132 229
4 131
160 192
16 117
45 135
17 235
19 34
119 230
103 163
125 191
185 262
20 220
259 283
23 149
1 54
132 214
222 223
63 119
127 180
4 67
61 249
33 140
75 191
77 198
37 63
200 255
79 116
213 277
240 257
136 206
5 120
61 212
100 141
64 211
50 193
188 281
104 137
28 56
126 280
63 195
56 113
53 197
15 247
173 264
35 145
148 243
97 205
20 96
87 193
26 226
195 237
14 273
10 256
170 231
110 238
78 267
28 65
36 224
27 271
46 152
80 294
33 197
17 224
89 300
172 216
152 181
251 272
9 161
173 223
75 157
100 190
50 83
101 207
151 231
196 276
46 123
104 123
48 148
83 187
10 18
14 43
166 239
222 278
74 147
75 101
32 284
241 251
22 55
48 284
101 216
94 197
226 276
90 156
77 206
77 268
149 153
75 227
57 137
126 178
146 197
1 19
104 299
89 150
142 205
68 98
73 207
83 271
30 147
196 253
19 134
147 189
74 78
115 270
85 247
20 166
27 213
140 143
144 218
154 238
62 284
202 230
251 264
32 64
65 286
237 247
32 292
11 151
217 292
106 292
53 184
40 179
113 179
20 149
256 288
65 118
162 178
100 205
122 211
118 118
40 269
52 61
10 115
85 221
179 289
217 222
23 100
111 136
32 238
144 145
36 147
125 128
68 81
137 188
45 66
18 210
49 215
89 264
63 274
74 267
97 184
81 262
44 119
101 153
127 163
112 153
28 256
37 241
249 281
168 246
4 296
23 57
18 71
52 152
170 227
71 272
28 162
83 234
82 217
15 279
27 268
201 293
142 241
155 196
22 155
62 103
24 152
65 117
46 139
161 274
202 285
8 269
199 258
4 112
83 237
215 233
221 275
83 126
232 271
89 260
163 269
196 245
30 37
152 265
199 206
31 123
19 31
60 94
148 196
48 51
20 203
30 243
201 246
53 218
11 207
92 218
42 91
17 118
86 167
18 110
179 208
64 149
75 121
114 290
125 133
20 280
86 119
56 232
97 138
55 210
180 188
6 209
131 135
167 184
168 284
189 189
38 79
134 169
173 231
208 215
227 300
198 278
20 20
106 207
68 203
87 244
180 247
134 300
39 257
249 249
152 183
129 211
120 221
173 233
175 215
54 115
186 268
156 207
41 54
13 89
214 291
174 188
77 232
23 189
115 201
99 176
93 277
143 284
99 219
216 275
51 112
108 136
265 284
67 277
233 248
212 256
6 130
3 295
143 298
22 179
121 293
87 274
7 262
10 44
21 165
9 258
150 186
173 209
181 278
145 170
6 145
99 255
272 299
171 283
132 165
16 145
14 92
209 255
8 263
17 212
145 231
255 283
113 248
60 99
123 149
207 236
85 195
125 150
60 297
203 249
193 281
127 259
148 185
13 210
62 255
135 246
70 140
63 233
27 147
138 153
82 264
52 165
68 125
79 273
97 250
66 203
68 252
178 198
144 281
188 288
8 280
123 146
17 269
57 70
243 285
7 17
23 51
162 284
35 64
32 43
81 168
76 266
180 237
100 296
100 244
67 297
97 263
68 271
102 296
116 191
186 251
137 144
23 201
214 215
238 274
8 97
77 259
27 62
134 271
43 153
127 169
121 238
59 83
174 216
16 199
74 103
45 210
261 270
109 130
14 251
205 288
41 57
118 120
67 193
163 170
87 192
224 279
23 283
127 151
217 257
78 223
139 174
150 293
23 98
189 246
71 299
31 293
34 81
31 214
112 190
75 131
83 162
65 133
68 268
109 163
147 151
87 263
12 34
59 95
183 211
101 130
125 197
20 100
148 267
129 288
10 226
121 193
38 183
85 214
134 299
180 235
58 98
115 254
109 194
33 52
188 189
226 234
37 51
138 215
44 265
110 175
131 192
252 287
193 253
48 142
118 257
168 184
233 293
67 208
122 293
119 213
222 225
128 203
117 209
67 172
82 112
27 223
44 115
143 221
93 300
12 237
112 215
35 199
64 226
62 154
140 300
34 138
65 173
192 227
206 282
75 103
70 267
184 184
66 219
78 99
114 292
239 300
253 262
135 273
163 233
15 52
69 137
96 260
228 239
80 296
61 122
8 58
149 243
140 160
83 235
14 79
147 207
153 291
23 194
215 232
162 260
104 243
187 279
107 115
197 213
42 201
73 218
114 131
29 248
218 263
81 147
27 27
16 109
52 97
172 234
135 164
191 193
45 126
8 98
36 208
111 141
43 150
118 129
209 275
243 291
68 196
88 175
179 296
165 264
60 95
114 206
238 291
136 259
62 232
64 188
17 45
112 202
24 256
3 50
73 217
141 289
86 178
72 140
45 196
12 159
36 200
264 272
60 119
36 227
13 166
16 299
128 166
95 112
192 224
163 203
234 276
13 204
138 180
93 271
183 224
60 251
5 287
69 107
11 229
1 129
13 60
95 240
111 290
150 194
6 162
135 272
26 209
143 194
57 202
116 297
73 299
196 260
122 279
200 225
180 265
6 123
163 298
248 287
150 255
153 216
95 185
22 105
7 52
46 130
18 162
143 256
77 238
24 124
53 54
37 88
145 169
100 240
17 129
218 295
40 188
102 116
131 238
115 122
5 140
255 284
139 241
187 260
61 235
36 213
146 294
74 141
153 167
89 204
11 221
8 156
119 149
214 292
35 116
25 137
138 146
37 184
153 177
94 288
18 181
160 246
223 259
233 240
95 248
40 116
64 159
79 138
109 271
42 99
22 136
103 250
147 186
89 174
107 121
21 254
195 275
212 292
11 179
126 295
83 116
130 167
105 278
94 130
233 259
19 273
276 288
57 217
176 224
152 283
77 144
151 212
57 263
164 192
22 245
97 276
153 229
219 264
157 260
38 77
167 212
59 218
250 295
70 202
70 117
23 185
158 214
8 235
16 245
65 124
138 286
46 53
155 225
33 41
16 95
159 295
72 272
8 152
200 254
39 295
6 186
25 213
235 252
126 150
61 134
49 297
171 175
140 215
110 171
287 300
222 235
79 299
37 223
236 290
1 179
42 179
166 191
65 253
128 143
77 91
91 128
45 175
190 274
39 168
14 202
50 232
93 108
39 104
21 36
253 276
56 209
105 136
153 240
93 119
136 252
191 289
105 204
204 213
105 212
170 228
177 179
130 218
119 274
16 253
45 261
62 66
73 184
72 181
160 181
173 299
41 85
78 133
11 100
27 168
28 235
75 263
97 240
4 259
52 281
197 278
154 211
149 170
123 184
179 203
184 252
66 247
80 275
57 200
23 99
97 121
21 162
125 229
116 150
93 125
25 283
172 277
54 158
55 155
49 224
5 265
92 240
59 64
199 280
60 113
38 215
155 207
49 135
171 174
81 162
93 284
74 79
17 154
8 76
192 212
14 67
217 254
99 111
57 181
14 105
215 285
28 171
228 274
181 209
41 50
92 212
176 276
25 104
241 248
103 192
225 249
153 300
118 178
98 214
46 55
238 266
76 144
107 288
39 227
46 98
292 297
101 128
41 85
239 245
94 199
172 288
36 60
66 90
28 254
59 118
133 144
83 156
76 215
229 230
134 235
166 252
96 279
97 183
197 235
19 43
22 249
226 234
278 298
58 266
189 254
205 208
60 263
53 65
17 88
181 195
112 261
86 142
8 223
63 271
61 277
192 208
232 251
233 267
222 272
58 295
186 225
235 259
4 282
175 237
17 39
123 288
133 268
220 271
114 166
6 237
128 245
49 134
108 197
15 285
14 146
116 168
127 199
28 169
18 104
190 295
198 219
198 258
8 27
143 224
91 132
141 178
92 165
128 200
138 258
164 186
17 18
137 240
106 236
239 282
50 99
182 237
46 230
125 219
62 129
15 202
108 171
270 299
68 172
30 41
31 198
200 233
28 68
4 160
52 178
5 66
79 290
91 94
183 206
40 132
60 132
86 133
92 200
56 273
227 236
7 239
65 185
159 220
163 191
54 140
94 280
79 300
231 231
69 90
254 281
240 267
97 101
24 94
90 132
175 220
183 222
34 84
129 174
34 153
111 233
61 162
11 24
265 273
68 283
169 235
35 239
190 289
198 202
32 213
166 182
55 270
145 296
15 200
54 143
128 196
72 264
244 276
122 162
59 251
256 271
83 149
127 157
115 189
75 175
217 268
162 238
188 218
5 249
69 73
62 293
171 171
157 164
137 207
99 261
143 215
84 258
157 254
252 273
182 197
11 33
112 292
247 263
185 209
181 184
137 198
141 242
173 222
206 264
101 208
256 299
173 252
24 182
100 171
172 221
86 293
158 229
106 193
150 210
164 202
145 276
77 298
167 269
7 143
167 188
96 200
78 271
24 198
17 194
21 289
57 99
169 259
130 281
87 123
22 107
16 220
48 129
46 235
18 221
160 281
6 175
148 266
6 71
133 152
95 166
37 145
60 159
87 164
104 221
159 290
40 277
177 278
69 230
56 165
43 249
126 146
209 254
7 193
88 190
71 199
167 282
78 278
182 246
41 252
124 200
62 178
213 233
24 244
245 262
3 172
87 248
34 77
8 177
6 47
70 253
130 277
65 223
89 192
26 109
91 280
152 224
47 234
2 184
53 164
193 220
30 40
24 44
85 126
123 217
75 262
172 296
23 291
116 291
116 279
186 266
163 257
70 293
117 174
71 90
54 150
273 290
203 213
196 282
241 263
262 295
73 162
88 207
108 138
73 155
223 233
5 101
27 84
3 291
30 262
131 145
194 279
177 248
79 147
205 232
198 211
7 123
65 287
12 13
4 281
120 189
138 161
54 85
272 283
59 155
57 158
16 165
160 266
67 162
250 252
21 44
45 128
138 237
158 270
40 283
215 267
156 272
194 231
74 282
172 271
114 268
41 115
204 238
55 183
102 250
68 262
214 273
116 178
148 206
117 167
55 140
68 109
119 163
186 209
141 180
104 273
126 291
107 239
140 231
89 177
148 206
66 199
118 273
59 300
88 292
54 291
6 216
1 265
21 93
67 289
173 203
45 129
78 202
75 198
74 97
1 255
40 67
292 295
5 88
72 176
2 11
162 170
82 83
100 179
237 281
88 261
115 150
86 87
212 280
147 208
182 212
154 217
164 213
73 118
275 296
155 176
88 96
81 241
218 283
91 200
26 202
87 229
143 191
62 77
155 279
185 271
140 289
154 226
42 185
39 228
25 106
110 294
86 292
50 207
197 267
46 103
103 125
124 234
7 255
134 153
32 56
58 82
171 215
141 157
90 217
74 186
8 90
41 133
50 118
105 272
206 249
109 234
111 213
198 255
43 96
102 186
67 135
2 102
213 258
112 173
169 294
152 184
165 277
61 270
108 189
104 216
25 122
90 292
26 41
141 266
41 266
96 286
121 179
24 134
107 229
96 106
21 206
94 277
67 109
223 271
234 235
104 197
5 218
59 252
87 117
23 172
92 231
21 42
117 138
191 213
79 169
225 262
56 206
152 273
20 249
37 229
250 298
72 232
190 282
161 188
107 236
68 103
42 286
4 91
99 171
68 293
190 265
211 213
44 222
75 237
75 172
167 194
182 289
130 198
20 193
35 202
174 289
140 141
76 115
88 196
119 296
37 85
106 196
210 258
48 254
3 34
75 91
113 237
197 245
191 261
27 263
261 293
76 223
141 150
106 277
60 134
240 262
5 255
18 266
17 116
8 202
172 218
173 191
61 263
69 191
37 38
174 184
106 129
131 254
16 184
31 269
102 163
145 275
2 236
178 244
71 130
57 145
100 288
236 283
5 107
99 262
184 266
88 113
76 178
176 214
104 116
98 186
89 226
5 11
42 228
153 233
219 230
82 287
259 289
27 241
66 163
39 132
37 188
214 267
103 294
9 174
54 124
33 276
9 221
74 286
167 214
203 214
99 175
132 159
157 207
8 61
76 196
44 202
1 52
270 280
205 230
277 299
55 252
232 295
21 275
178 195
57 192
60 214
267 272
67 98
160 177
116 268
93 178
106 121
42 218
75 243
175 273
153 243
119 207
146 182
70 258
74 181
48 255
35 249
79 289
25 217
103 179
91 151
44 63
19 154
26 105
182 253
7 287
56 81
128 247
112 118
36 46
58 241
10 165
30 106
175 178
152 256
110 135
23 300
13 265
77 183
33 278
89 199
12 18
179 181
16 115
104 284
78 90
6 103
92 92
14 49
79 188
97 203
65 150
246 272
42 290
224 231
29 190
78 270
163 204
180 280
46 60
206 277
48 292
162 266
99 222
86 89
92 96
204 248
157 193
48 219
277 295
21 46
50 57
166 184
71 88
41 236
30 189
4 168
48 64
38 212
55 163
8 275
76 226
89 129
84 200
13 253
3 101
117 269
72 88
63 81
29 206
179 214
5 274
192 242
104 297
155 235
115 237
71 291
110 230
73 165
108 129
17 81
191 252
99 138
127 172
188 227
3 120
232 263
130 252
7 33
30 157
113 185
26 242
209 233
45 227
28 29
27 204
91 97
212 235
11 67
94 212
81 210
54 74
41 77
62 287
134 143
82 120
134 223
55 86
47 252
113 252
55 103
206 253
23 290
7 234
125 238
26 247
6 236
126 207
182 221
122 138
220 262
129 217
54 265
156 235
14 108
54 54
107 243
170 202
31 114
18 40
164 297
122 199
16 120
32 204
15 73
102 172
17 130
54 168
156 159
257 285
98 154
209 218
23 297
118 183
34 292
233 275
66 191
226 284
40 295
41 97
143 215
29 278
127 150
27 263
52 280
224 290
210 243
10 96
69 145
175 292
185 216
183 236
128 230
76 170
175 282
128 285
7 196
144 149
218 284
24 240
27 280
227 260
49 160
6 114
75 171
257 292
49 111
154 207
87 259
209 295
110 222
97 193
196 277
205 240
23 82
124 259
40 69
46 104
175 219
10 174
137 167
162 167
11 199
88 163
136 232
52 180
169 197
88 150
78 203
228 246
173 275
115 236
94 219
35 124
2 197
202 209
1 25
50 141
117 263
56 235
192 283
23 113
7 151
117 157
46 63
16 280
6 227
43 228
37 45
17 100
57 261
193 211
180 271
42 122
95 190
36 247
78 181
60 215
73 221
38 282
28 296
158 290
22 272
203 296
121 252
71 86
139 172
50 111
255 258
69 184
99 295
18 178
107 294
180 282
282 299
217 262
215 299
85 133
50 98
235 298
35 73
153 202
159 229
49 279
13 150
165 187
205 242
8 131
154 266
99 116
121 245
193 219
21 28
16 46
270 294
202 248
82 220
127 268
204 232
70 286
80 85
30 84
2 165
66 91
13 259
15 89
157 297
21 281
8 195
3 22
24 133
3 184
119 266
69 215
134 175
88 161
118 231
159 201
34 173
82 152
118 142
97 139
62 141
201 291
12 290
44 277
107 231
103 243
214 246
58 274
149 229
25 121
164 195
5 106
270 276
109 164
158 182
94 125
173 193
111 121
2 115
50 283
190 248
104 109
5 63
58 184
144 262
265 288
78 266
214 251
73 91
207 210
28 115
166 285
60 141
269 296
41 119
90 247
23 79
57 207
76 257
7 231
68 82
166 292
49 204
18 135
17 74
158 206
141 199
239 285
118 227
80 214
215 240
98 290
158 215
110 272
119 128
49 251
77 243
43 151
43 237
89 184
42 244
209 253
123 292
21 52
205 255
32 263
69 189
214 288
238 251
215 229
219 290
109 261
4 52
176 220
253 270
3 116
10 113
234 259
93 176
54 249
34 283
129 130
116 281
107 201
10 90
15 291
115 191
60 233
145 283
77 210
34 247
14 128
39 219
156 292
212 294
44 46
112 167
72 259
77 297
205 283
56 173
105 219
261 284
66 222
17 56
106 198
88 211
35 67
65 160
3 275
65 262
202 231
28 267
135 219
36 99
99 155
127 170
136 145
74 243
160 264
143 223
182 210
56 202
118 226
146 279
198 281
13 131
109 294
32 225
116 300
78 136
117 244
91 200
36 197
138 222
58 185
103 232
220 263
112 232
53 146
26 203
69 182
29 241
112 259
25 160
162 188
38 236
45 117
177 197
206 254
29 153
100 215
156 217
32 241
7 70
184 194
167 200
34 241
54 157
254 268
124 205
20 51
95 236
14 255
231 284
91 287
176 202
85 212
143 199
81 238
180 258
180 212
10 193
121 239
81 135
97 132
107 260
42 121
74 135
205 289
115 216
3 271
111 255
59 69
31 88
92 284
39 99
149 171
62 187
132 234
142 201
214 296
4 69
6 99
95 110
96 297
258 290
263 295
66 244
99 247
52 214
101 218
118 250
56 251
150 162
26 107
189 272
33 261
93 220
25 247
82 118
89 103
222 262
76 169
4 229
251 253
268 268
164 175
7 269
142 161
27 52
4 45
11 222
91 286
271 296
60 216
16 261
8 230
45 59
169 294
101 286
151 250
178 229
73 254
59 87
109 143
10 134
182 219
89 148
138 151
38 201
103 117
1 4
167 246
29 62
44 278
14 27
29 276
238 279
22 86
24 169
119 297
22 288
167 249
16 188
76 176
25 171
94 151
48 127
147 288
55 83
202 212
115 281
101 124
27 46
51 89
3 156
235 275
199 278
38 204
116 257
172 213
209 283
208 229
264 284
126 219
110 251
166 287
245 257
81 157
58 59
56 145
182 213
55 105
148 235
54 64
88 197
64 219
62 253
246 264
15 227
26 271
80 276
139 244
136 251
151 240
2 195
152 263
8 123
76 261
185 266
123 265
13 34
44 176
25 38
68 135
45 63
177 219
203 285
106 222
136 194
196 242
132 189
161 258
69 191
273 300
2 175
249 291
117 224
214 252
118 228
181 270
113 247
90 299
37 66
39 281
107 171
217 272
131 298
114 276
228 259
101 139
128 269
28 31
130 267
22 110
78 105
35 231
175 209
129 224
220 279
38 86
21 146
1 140
153 153
251 292
70 150
74 258
133 286
118 180
4 140
78 152
82 143
169 179
109 236
22 186
137 255
67 283
77 222
40 247
226 236
196 252
91 253
3 173
124 133
111 294
34 170
85 275
60 150
63 251
100 280
45 166
36 36
241 265
47 225
118 121
17 168
50 258
211 250
147 155
44 274
148 201
6 111
38 261
111 155
23 273
24 120
40 241
107 184
25 115
29 245
62 111
9 82
221 267
84 137
248 295
8 11
49 57
235 272
199 227
80 148
65 260
114 150
108 262
287 296
231 254
125 156
131 167
93 296
99 291
194 215
32 38
123 224
45 258
20 218
53 254
124 164
208 232
99 226
105 175
114 189
133 217
106 254
240 242
46 195
24 107
126 278
13 80
183 247
206 285
121 174
18 282
24 42
5 143
224 294
111 122
70 291
13 23
202 257
125 290
70 218
69 94
136 226
280 283
50 245
40 188
51 291
202 214
47 269
47 150
73 262
50 279
33 225
159 250
134 226
170 267
183 281
54 133
21 97
268 297
25 289
35 157
189 199
19 196
58 101
179 240
10 150
64 253
10 46
146 204
50 275
53 270
183 234
30 74
84 209
68 295
83 289
145 217
111 261
147 260
103 227
48 262
9 62
3 111
60 236
72 278
206 265
159 200
1 75
14 214
36 190
71 140
22 257
33 275
13 109
114 213
78 233
69 266
97 202
219 246
53 266
168 193
49 209
196 281
70 144
124 285
48 206
94 287
75 80
16 156
21 151
54 239
77 125
65 143
54 222
133 289
6 19
26 221
196 237
192 213
183 226
73 286
27 165
92 208
50 150
175 266
52 270
145 260
88 227
85 129
112 160
60 158
265 269
138 212
60 211
40 119
253 274
1 31
72 132
170 268
61 251
77 180
226 240
181 221
187 264
221 264
94 251
56 248
83 138
58 270
46 254
70 288
157 225
99 285
19 161
22 22
172 217
17 281
38 115
218 283
33 249
5 39
28 260
16 208
9 292
113 158
12 160
201 239
60 170
45 237
65 102
40 233
189 279
31 89
49 129
177 297
40 238
43 163
19 98
204 237
169 213
187 197
19 38
140 246
127 214
56 207
22 94
25 199
175 229
126 289
246 254
213 296
59 297
17 60
12 180
27 221
281 296
180 187
59 228
75 104
126 200
147 173
231 268
21 183
19 285
187 245
18 87
112 266
95 163
34 271
76 203
41 82
29 57
233 261
134 277
54 205
35 69
71 209
7 7
62 108
169 284
103 113
57 118
49 121
249 260
185 192
267 290
34 256
101 142
7 57
104 265
3 274
245 288
94 148
164 236
60 237
30 45
27 188
143 237
120 245
127 145
102 207
4 117
13 76
75 82
125 156
37 192
86 252
165 283
131 231
177 213
9 122
2 83
160 176
33 289
201 252
137 253
1 138
80 130
184 207
53 238
121 274
27 167
12 43
35 132
113 273
4 249
88 140
93 255
9 115
162 236
118 170
22 247
125 187
69 133
28 123
79 155
79 124
100 282
262 265
210 240
155 155
143 198
106 233
117 260
152 176
219 283
172 266
172 206
73 126
7 285
103 257
73 172
217 223
141 272
59 93
259 276
263 271
121 196
159 263
256 258
150 158
87 255
253 263
38 293
107 141
16 295
93 111
13 24
207 260
47 218
23 170
85 241
67 187
177 196
31 79
171 294
40 64
48 130
108 234
118 281
134 253
33 211
136 186
90 158
107 176
71 131
68 146
123 285
40 64
39 293
46 113
132 252
31 101
119 217
39 234
31 180
202 294
156 196
87 278
118 267
121 269
41 136
8 80
125 272
4 70
202 237
33 117
38 57
63 121
174 277
35 95
119 157
228 233
200 290
125 136
63 198
78 127
9 267
20 236
6 274
23 189
238 239
192 211
151 186
124 209
145 163
289 293
12 204
145 216
17 90
201 270
117 233
83 125
26 51
162 261
12 220
159 230
35 159
236 242
32 36
79 108
21 74
80 103
18 269
153 297
66 231
180 180
88 263
29 48
190 257
42 124
92 122
152 160
49 97
27 124
37 146
14 104
188 237
109 283
118 207
138 222
67 92
136 243
27 244
228 287
106 204
243 252
54 197
231 247
13 233
125 294
113 260
116 269
63 184
89 198
201 228
181 182
254 298
39 162
114 159
10 142
21 219
192 296
43 160
135 154
153 210
88 176
1 164
9 259
42 95
265 298
107 218
87 121
2 260
264 299
104 259
52 195
196 196
203 220
94 258
156 226
21 51
217 263
159 241
102 227
94 146
107 230
3 275
197 230
275 281
100 219
3 150
78 228
138 171
1 205
176 285
112 123
7 274
94 167
129 149
94 293
252 296
31 155
203 252
148 244
104 233
22 282
174 179
78 183
45 219
109 205
132 247
179 277
138 138
9 207
103 248
210 222
58 143
80 102
123 293
60 89
281 292
27 296
211 267
5 109
231 245
133 266
17 254
68 183
144 180
104 122
100 194
119 203
15 222
48 168
93 192
51 128
224 261
237 265
16 267
230 283
262 262
52 115
37 158
92 185
95 241
190 286
13 262
23 288
5 179
135 264
146 183
36 224
144 146
99 112
83 147
13 215
174 248
57 92
171 261
244 290
57 129
117 281
19 62
199 248
159 262
71 285
21 131
12 81
43 193
177 215
8 140
7 190
1 243
86 263
21 34
28 226
55 151
169 287
2 157
36 47
39 54
27 28
18 186
179 280
5 152
40 114
1 263
222 280
17 181
139 194
38 140
25 278
147 296
66 188
185 260
102 257
145 258
163 239
110 257
49 246
66 187
13 218
111 162
133 234
21 161
187 204
30 36
238 299
282 290
94 181
53 235
201 273
87 145
90 250
117 184
19 258
123 123
67 102
75 106
15 79
78 142
63 63
9 190
218 218
9 276
77 144
94 205
106 224
61 180
231 265
150 229
30 140
4 47
16 119
114 134
250 256
83 277
164 258
145 224
60 73
96 194
83 87
20 21
240 276
119 212
275 298
82 164
57 197
123 136
39 185
187 232
220 294
64 281
50 103
197 244
105 105
29 60
78 174
70 242
71 75
170 237
122 212
76 118
128 135
51 245
281 281
167 234
84 225
181 280
288 297
194 285
122 157
150 222
215 278
56 204
59 258
11 125
127 217
3 208
184 192
131 134
84 257
118 131
18 276
128 158
118 223
24 199
29 33
13 37
73 284
83 89
29 50
36 255
212 282
189 241
13 235
95 161
191 255
222 268
75 82
19 195
73 252
177 282
10 229
31 276
77 155
125 166
215 216
123 192
85 117
56 116
44 296
134 193
1 245
63 278
119 180
11 106
77 210
30 244
1 137
23 296
22 213
61 81
40 222
232 248
232 247
102 156
195 267
40 174
68 124
16 234
271 284
156 286
76 129
63 202
35 282
52 210
137 170
133 291
53 105
45 73
51 85
286 296
20 243
11 182
16 72
201 215
131 146
18 79
3 139
101 266
20 37
190 250
197 240
136 284
50 183
275 292
27 200
103 152
156 257
2 272
10 273
7 295
32 163
260 294
40 151
141 197
152 174
168 229
47 300
236 249
110 193
29 191
44 293
168 248
46 241
116 142
169 200
129 262
124 145
98 296
15 196
1 99
25 128
12 174
65 148
132 134
165 280
28 144
34 254
17 178
168 168
63 85
58 61
88 217
122 244
42 58
103 176
206 299
43 255
137 195
175 211
124 160
173 247
5 282
215 273
74 227
67 246
41 225
144 173
163 202
47 76
136 179
23 129
191 203
106 219
76 203
143 192
154 243
108 143
63 223
175 294
24 177
251 273
108 141
21 159
23 119
74 176
234 272
289 300
47 92
159 266
174 198
44 142
135 147
22 104
50 158
1 172
121 126
48 126
72 151
35 233
72 162
31 260
14 223
135 256
199 220
184 238
181 246
113 231
39 102
63 242
64 88
223 238
56 105
46 78
185 197
210 251
131 199
88 209
165 166
27 180
182 208
66 245
129 158
70 84
144 150
133 253
132 231
104 186
59 196
32 174
225 290
37 292
111 201
49 144
182 266
96 115
73 83
66 228
32 40
181 193
88 134
54 95
78 278
110 163
13 171
205 280
170 236
78 134
7 133
62 158
64 208
101 187
173 232
98 190
20 264
12 251
102 211
194 250
83 169
29 284
183 183
58 207
9 232
210 271
34 237
161 254
193 201
89 163
102 102
238 261
150 196
80 219
128 228
30 97
210 291
118 149
147 149
3 20
183 208
121 221
15 225
136 278
226 291
132 193
95 207
32 257
64 288
295 296
10 155
133 135
67 108
137 238
36 288
98 228
163 184
38 48
142 254
12 170
106 244
94 165
247 286
124 233
37 263
7 106
40 53
23 195
220 239
125 153
32 123
115 183
136 178
144 295
140 254
51 132
19 106
124 213
21 243
227 233
64 152
48 232
18 187
46 216
129 170
164 270
106 246
8 205
130 285
62 193
179 236
157 292
14 257
134 291
88 105
124 216
141 247
39 71
233 282
6 143
30 173
161 277
151 260
95 254
186 190
161 268
133 248
112 254
14 16
5 91
29 285
186 297
135 197
46 188
100 103
79 224
204 260
73 173
111 211
27 140
129 235
49 90
70 137
71 264
145 173
80 150
54 63
266 298
252 297
70 246
228 254
58 245
230 288
121 224
29 205
49 63
13 72
41 127
29 199
15 121
180 223
263 281
8 122
94 104
74 154
68 69
61 284
133 251
39 81
212 240
109 110
34 181
22 58
23 87
31 38
87 184
108 221
11 173
31 220
179 261
81 98
86 155
248 281
113 159
159 249
127 162
226 233
93 272
2 252
57 208
32 66
22 198
117 128
27 71
85 264
4 147
17 282
67 279
123 189
223 261
129 168
152 184
66 185
211 282
189 220
11 36
8 87
6 148
156 162
89 240
109 142
45 131
67 69
97 210
24 160
232 280
6 169
172 283
107 208
124 242
81 99
1 93
76 181
183 185
27 293
160 298
198 240
193 200
18 251
34 246
39 291
15 240
121 194
162 227
236 239
106 168
114 281
168 187
161 184
34 152
203 235
135 239
118 295
78 182
180 234
157 236
17 277
81 169
32 59
9 240
205 252
140 224
21 236
38 163
41 140
98 279
52 157
79 250
12 26
73 81
65 268
3 207
271 277
13 160
32 95
198 212
194 211
38 66
52 296
117 188
157 179
109 144
11 238
4 205
141 201
126 257
130 188
1 80
142 285
13 182
99 141
30 240
58 240
135 203
31 168
71 91
37 242
138 154
17 157
145 204
70 214
126 201
18 285
167 273
92 115
36 251
118 268
8 260
114 172
116 207
131 247
44 61
143 195
282 282
35 105
50 102
26 270
13 161
149 271
118 288
24 61
225 225
110 206
103 105
57 163
103 124
130 265
27 142
213 226
3 112
85 192
189 266
210 266
87 129
57 287
128 207
10 190
147 174
49 108
175 250
148 194
79 104
81 250
129 227
23 48
278 283
110 217
90 259
128 128
107 210
41 271
155 158
4 63
156 195
186 253
81 90
23 61
48 180
197 212
125 222
184 195
105 149
10 254
140 174
4 60
133 297
69 109
104 148
135 247
117 286
60 166
32 220
69 171
45 217
12 215
224 263
145 152
40 250
122 200
122 245
100 280
59 254
155 156
101 196
116 169
52 56
145 188
146 173
40 199
119 214
70 70
61 240
233 265
18 191
86 160
144 284
43 209
222 285
50 290
70 284
19 158
80 300
182 182
107 174
59 175
28 95
2 45
107 289
104 199
12 223
251 280
186 230
97 238
157 294
170 195
82 122
47 245
51 69
83 204
175 284
193 215
104 217
21 258
96 186
138 183
15 109
120 143
274 276
123 228
99 104
73 75
14 293
69 300
64 136
109 152
64 210
160 166
111 170
174 253
148 186
46 100
95 122
34 102
72 110
18 51
95 257
88 124
140 184
163 173
85 204
16 289
69 150
9 296
160 164
162 295
115 179
11 218
214 236
22 284
92 215
82 224
75 107
101 263
19 118
112 288
54 269
13 64
85 165
131 162
292 300
210 273
128 225
91 235
46 300
159 233
104 260
144 263
74 161
78 214
26 274
39 242
247 279
64 236
59 91
250 286
94 206
6 182
208 289
171 242
93 155
8 139
95 193
149 157
144 144
28 228
179 292
48 207
50 62
233 279
241 290
280 280
38 143
189 287
180 217
171 296
45 211
94 290
193 292
193 212
125 273
148 209
70 130
39 156
177 268
5 78
91 150
183 194
61 144
13 225
226 294
26 78
272 273
18 48
26 178
69 213
22 148
82 202
159 164
120 200
246 290
80 158
138 293
13 286
56 138
124 171
234 292
61 279
95 222
65 250
74 122
29 77
126 298
97 256
171 224
171 239
43 220
106 273
152 171
48 122
49 171
178 250
123 148
33 185
4 149
47 186
35 294
203 288
45 257
231 253
157 277
52 127
163 166
124 247
179 300
170 200
80 262
23 298
21 63
86 211
76 86
116 255
112 124
16 289
115 200
42 139
48 275
74 277
46 220
242 269
109 298
172 174
196 240
62 132
22 144
85 167
136 185
205 286
63 240
45 99
7 197
182 211
42 138
6 210
5 190
150 277
162 229
54 171
133 192
32 300
39 45
6 40
120 133
47 249
165 250
50 213
179 288
119 265
119 279
134 144
204 267
98 109
37 52
206 213
74 137
80 254
81 88
178 191
119 192
103 240
115 262
57 135
23 207
70 212
167 213
162 274
134 283
157 243
75 251
81 122
100 112
50 231
64 255
216 259
137 228
169 298
19 119
108 290
32 44
1 64
64 237
29 290
222 242
101 167
86 287
160 248
219 266
70 215
220 292
21 264
47 158
186 286
108 298
13 28
75 153
29 75
154 255
44 95
207 208
60 107
158 285
19 29
187 226
42 294
66 107
73 73
115 285
112 196
120 243
81 182
181 276
15 156
4 247
116 245
207 283
43 259
117 218
55 240
5 174
89 255
244 257
148 251
211 278
85 98
84 196
45 221
94 130
197 253
152 242
57 58
13 152
28 124
193 218
72 126
181 240
75 127
36 228
83 139
44 179
34 200
130 242
39 285
181 289
30 238
110 132
82 261
156 249
157 271
70 298
67 156
54 141
85 149
37 226
28 44
62 244
80 225
234 258
195 264
23 213
41 141
214 286
88 299
41 151
27 153
45 208
73 202
160 279
167 272
11 174
153 245
170 205
106 107
21 222
78 205
189 278
143 172
135 153
48 140
176 249
103 164
128 219
26 34
181 215
110 255
203 267
120 168
141 158
58 290
140 261
36 197
66 289
212 222
75 236
70 279
39 265
141 165
209 298
265 291
90 284
13 263
72 245
37 172
183 257
39 210
195 271
194 217
243 256
51 171
27 291
68 180
73 132
146 292
10 221
45 82
117 199
218 282
138 190
12 70
117 234
140 183
109 146
120 203
142 206
63 156
210 289
1 194
15 25
54 190
31 55
75 184
18 33
123 242
245 254
135 244
3 129
249 264
85 295
11 276
89 269
119 144
42 197
10 213
16 216
8 265
16 103
39 97
56 139
96 157
161 173
131 289
130 191
37 81
63 224
92 245
18 72
31 174
130 137
107 212
134 214
51 141
25 250
188 275
28 58
155 256
8 181
19 235
89 219
41 242
66 88
140 165
13 290
275 295
32 234
54 298
82 153
103 201
71 142
29 114
50 90
275 291
142 199
184 285
196 243
105 239
113 174
115 214
58 176
169 170
66 120
167 178
226 235
9 215
99 238
203 210
19 217
109 202
99 136
280 287
250 251
152 162
41 224
257 258
147 211
57 87
55 63
84 92
252 294
33 184
53 168
44 125
112 186
19 260
44 249
86 169
38 100
55 215
97 211
22 283
196 291
170 182
106 275
113 230
78 125
213 256
34 297
32 131
23 156
120 150
28 129
2 47
48 51
62 133
110 271
161 279
184 260
68 234
83 215
4 127
7 242
84 178
7 171
84 263
17 33
2 147
85 235
67 95
64 273
96 210
292 296
266 300
241 292
96 281
43 199
37 64
281 288
8 201
8 34
20 167
175 198
70 273
7 85
143 206
199 212
177 225
36 182
122 122
73 283
192 223
34 201
58 191
231 255
101 185
9 249
250 257
10 249
9 27
38 136
151 279
46 64
154 254
1 206
72 261
58 78
124 168
95 124
16 37
43 251
251 293
108 181
42 194
106 110
95 286
1 233
58 220
2 34
145 220
47 215
92 102
112 267
99 134
59 219
120 222
34 65
229 264
133 231
115 136
19 135
130 174
35 201
17 245
130 275
29 235
149 296
55 171
125 147
158 280
189 283
160 263
260 274
17 236
63 98
32 88
75 169
59 199
96 264
32 258
41 53
246 279
22 178
36 250
59 71
31 278
16 50
71 103
92 112
148 282
101 144
23 66
49 140
37 135
94 289
114 245
33 251
44 67
77 106
166 226
146 219
107 181
48 208
38 286
15 151
96 177
100 115
95 107
146 256
116 216
39 165
51 179
82 103
186 226
96 103
77 193
64 296
127 258
211 236
125 183
96 258
24 235
158 164
207 299
91 298
65 109
282 295
23 173
139 261
38 287
7 263
93 257
114 208
245 276
47 233
89 216
20 262
47 107
113 269
136 275
12 169
49 276
66 268
163 294
213 220
88 300
62 297
121 134
42 51
8 62
6 85
110 235
103 220
58 277
45 152
31 188
54 213
2 4
87 118
178 192
76 180
11 297
17 247
114 216
140 295
220 296
228 281
122 178
94 289
107 298
142 197
106 280
181 219
66 254
68 80
142 230
161 187
48 199
94 133
57 202
240 246
23 26
212 288
110 236
168 192
44 183
164 277
221 259
146 258
48 286
7 166
30 235
50 54
51 148
95 223
43 154
84 222
116 155
144 213
220 273
66 122
41 146
63 207
2 95
143 193
16 79
24 65
94 155
146 196
147 205
203 203
23 118
162 189
142 291
55 87
83 216
193 266
73 297
74 113
9 84
181 235
90 227
44 70
58 141
108 193
204 221
219 238
254 256
125 160
105 273
87 163
68 84
66 178
37 99
15 134
71 201
139 268
217 259
15 168
25 168
228 286
132 144
30 143
169 208
133 160
103 151
93 161
30 100
42 71
154 187
14 88
63 266
17 49
254 291
122 167
41 196
17 213
87 136
90 236
76 120
255 256
27 157
29 76
92 175
77 94
215 260
44 143
102 165
225 282
10 59
243 266
57 148
75 286
246 247
46 257
68 241
93 133
245 292
194 235
35 156
229 242
64 206
43 185
52 234
174 202
80 243
124 264
101 276
143 240
18 225
77 184
72 189
195 198
52 300
176 191
155 271
216 219
103 279
153 205
56 177
190 253
233 273
263 267
37 298
95 211
194 287
87 97
167 169
48 139
104 196
189 280
130 277
19 212
68 127
33 194
13 145
46 120
72 212
200 267
134 192
146 264
158 191
13 143
75 133
86 229
155 206
64 69
241 296
63 284
211 268
143 206
62 92
31 274
44 69
36 73
48 67
111 231
6 81
51 272
33 56
219 236
81 240
140 234
4 188
3 157
90 276
132 152
9 242
59 208
214 265
91 101
170 234
19 177
125 271
104 107
63 206
147 250
43 264
203 287
4 65
261 282
49 277
32 98
59 133
114 199
31 84
188 228
61 238
125 139
179 192
159 225
95 111
10 17
91 152
187 221
69 260
199 265
40 280
18 119
6 281
133 151
108 160
90 172
118 145
73 198
30 63
56 67
3 192
32 48
21 71
251 263
45 168
60 121
116 275
229 243
49 236
128 271
89 166
201 232
206 230
43 209
57 109
194 210
175 240
59 261
152 298
15 170
53 59
21 138
57 157
47 208
84 175
78 199
45 62
199 260
45 127
106 145
13 32
71 217
142 147
107 237
109 290
179 294
106 116
55 111
59 222
24 284
82 162
51 117
96 265
82 227
92 93
110 293
59 127
148 259
13 201
133 233
41 60
39 239
108 249
130 228
50 65
149 293
63 166
220 281
72 92
134 286
105 225
62 167
40 286
18 25
109 300
146 207
20 298
14 22
75 232
196 300
17 123
147 282
77 118
43 143
83 247
19 188
8 299
241 254
96 107
237 246
28 265
95 116
134 216
20 39
29 203
28 157
86 214
66 207
61 275
93 263
120 166
165 194
78 132
15 68
11 118
73 154
159 269
106 147
116 258
115 176
248 294
56 126
86 131
134 218
269 271
91 175
54 230
16 83
132 242
88 293
114 215
38 288
18 149
95 118
177 296
186 288
75 295
217 246
144 230
39 189
138 177
199 285
199 287
142 212
59 156
118 234
31 201
172 260
51 107
85 123
59 222
43 252
192 253
265 296
76 199
167 299
212 276
291 295
133 156
170 265
97 279
118 291
141 264
81 266
83 131
15 208
203 229
65 154
70 228
21 152
13 40
76 218
77 182
152 251
246 297
39 190
167 185
171 205
164 191
68 285
59 96
63 154
99 150
114 236
205 246
89 190
26 201
177 247
56 108
62 113
28 133
144 251
56 96
17 220
127 136
144 259
235 280
28 176
159 227
8 183
126 270
168 294
69 166
120 158
101 213
43 226
29 141
17 158
18 29
169 270
72 197
275 285
101 275
174 237
12 147
11 257
104 150
93 128
25 292
51 287
97 219
59 272
24 97
44 271
47 178
79 229
40 63
109 281
147 249
253 259
36 245
25 61
7 88
63 252
115 226
19 47
28 213
91 185
73 161
16 49
97 274
10 278
48 211
12 127
53 108
145 219
208 288
44 247
26 144
1 165
106 179
110 168
1 269
221 246
43 168
66 258
177 267
122 233
40 40
119 222
218 268
10 165
135 203
76 276
70 203
151 168
78 256
39 246
105 106
67 93
45 282
105 275
50 223
37 107
91 255
26 61
44 196
85 184
69 249
19 99
95 288
152 201
161 209
5 104
72 118
117 227
13 227
109 267
268 288
8 245
44 172
151 191
153 246
26 46
71 108
94 249
163 182
3 201
86 290
173 217
102 231
267 280
41 67
24 78
1 252
83 198
33 259
58 77
130 264
5 267
240 288
284 294
119 199
5 294
205 245
20 155
29 134
69 185
26 61
24 69
49 254
157 233
77 273
15 183
1 168
38 129
139 233
68 136
70 82
27 215
133 185
17 72
58 73
92 110
13 139
96 229
204 222
94 150
205 277
260 287
90 184
82 132
133 170
20 272
209 242
126 258
7 194
18 69
12 46
43 181
266 287
44 169
155 266
26 119
92 217
60 219
78 279
106 155
122 202
205 287
164 174
142 240
41 90
31 107
211 290
73 111
72 76
29 138
151 232
4 283
56 181
193 235
219 279
217 236
3 215
7 132
48 146
45 174
72 135
174 277
231 296
206 272
160 283
129 272
168 251
130 194
57 81
107 130
140 242
12 203
43 279
206 210
244 285
63 138
26 195
57 195
15 74
239 273
60 273
113 278
120 165
28 185
60 282
129 150
36 137
43 63
89 210
124 162
129 209
198 230
28 55
62 78
112 298
90 137
103 297
175 182
68 114
30 275
81 256
144 188
87 104
34 161
110 237
188 270
121 152
40 147
37 278
36 104
115 115
97 165
108 275
169 172
88 206
132 284
165 182
157 220
1 60
143 173
84 89
158 224
66 201
251 300
67 271
47 118
3 90
113 145
120 266
38 193
12 171
64 170
84 270
78 201
146 187
140 275
125 171
18 127
24 146
142 207
62 126
54 220
114 280
31 119
145 191
1 277
70 281
11 286
24 274
103 172
102 130
20 178
167 183
37 189
45 78
114 225
15 295
102 180
187 277
63 214
45 295
72 286
93 298
162 228
212 224
134 236
183 298
46 189
45 222
97 221
58 203
279 287
269 294
225 283
54 71
149 187
166 209
254 292
140 179
41 277
146 280
13 167
122 265
239 278
8 211
3 242
45 253
18 69
110 116
46 279
49 273
129 254
42 207
216 294
83 197
15 268
124 218
46 147
159 190
140 195
24 115
192 232
58 156
14 272
141 161
163 179
69 273
95 96
25 241
188 279
6 242
72 81
209 228
126 145
123 130
135 168
71 123
237 266
32 170
14 151
78 100
28 187
93 135
89 95
1 166
152 208
52 206
49 84
155 285
165 272
107 238
1 261
89 248
77 267
45 144
109 177
163 289
28 266
51 176
172 232
31 78
105 246
33 231
30 178
193 209
56 168
128 270
131 217
45 139
17 242
229 260
145 261
215 270
76 81
14 291
111 283
15 177
65 126
31 280
77 247
158 202
115 246
2 67
7 299
23 39
46 205
45 150
18 85
19 116
225 234
5 123
17 112
155 203
164 261
68 179
68 204
29 137
87 140
63 178
188 250
36 207
78 282
46 61
49 55
50 55
291 292
70 236
198 216
133 292
7 188
74 169
120 180
3 211
220 264
88 169
90 288
239 280
26 172
228 276
207 243
41 159
46 77
180 252
11 157
123 255
150 185
56 173
22 77
101 297
88 162
89 132
95 151
23 224
75 282
176 182
185 194
129 293
121 202
94 185
65 280
62 259
102 110
123 250
247 257
157 249
56 216
149 294
178 179
264 271
96 166
144 252
131 273
20 79
179 218
10 131
64 232
201 205
93 224
17 228
99 244
66 287
144 209
45 293
141 192
49 65
153 225
153 279
191 204
171 247
196 210
99 288
252 286
130 178
113 165
66 298
115 163
245 281
117 134
83 118
84 161
84 97
199 204
250 287
41 214
188 254
96 105
115 296
139 164
1 174
7 205
86 154
165 188
16 201
175 175
90 99
150 160
25 264
258 258
24 300
47 250
36 160
108 294
21 202
80 250
12 261
97 281
220 294
31 297
7 189
41 136
46 294
19 207
40 45
41 292
40 239
114 291
74 292
34 189
163 260
61 142
62 118
155 275
17 291
212 238
28 288
47 209
191 269
100 279
22 259
137 162
148 236
11 161
121 181
56 234
67 232
37 176
85 297
40 138
94 248
152 293
5 285
125 132
190 273
137 153
63 276
55 207
230 297
171 270
155 169
206 257
138 248
84 217
188 292
174 262
104 175
9 209
147 290
31 58
168 278
110 200
57 285
32 133
168 227
50 51
66 224
91 158
179 283
73 287
250 251
203 239
105 114
245 284
22 150
110 269
167 201
2 282
81 239
70 254
129 205
165 169
51 125
165 209
22 109
210 296
78 189
50 52
85 284
62 114
41 142
45 91
249 272
254 258
68 97
202 262
27 113
157 263
41 146
37 106
38 109
40 146
30 120
121 263
18 297
15 54
110 287
103 205
133 240
21 87
176 218
107 161
83 114
11 173
57 213
177 288
62 275
52 171
244 295
110 110
101 268
12 74
199 211
215 259
99 212
42 244
226 253
182 205
52 154
42 282
12 97
70 115
9 138
230 239
82 284
94 215
105 197
6 12
125 158
92 270
65 172
59 66
45 290
165 253
259 278
27 85
53 119
202 287
79 273
150 243
47 83
85 92
76 84
4 106
184 198
35 128
27 239
203 289
194 248
160 273
150 290
82 254
277 287
4 31
48 98
126 264
14 65
15 75
94 270
106 268
31 236
48 252
64 117
178 201
40 205
4 261
31 227
113 121
12 109
38 217
166 230
98 105
18 124
19 248
276 300
87 207
13 212
87 187
121 203
22 63
280 300
186 244
75 222
75 273
51 58
45 48
72 137
47 161
250 259
144 271
179 284
145 282
35 257
61 223
28 115
18 184
92 202
122 292
79 294
74 102
126 238
37 148
3 297
144 208
112 282
213 250
196 226
46 142
35 94
197 205
119 139
18 125
32 141
5 171
37 224
113 153
265 284
91 168
197 209
7 30
8 295
180 205
33 64
214 281
200 285
26 167
12 206
157 268
46 221
199 267
191 258
40 103
97 235
201 269
70 143
130 212
63 297
208 209
32 137
43 103
42 154
157 300
180 198
208 214
62 207
13 132
181 192
21 129
108 279
138 204
50 155
96 248
64 289
239 252
232 257
97 229
94 122
4 94
53 115
61 82
111 180
142 262
120 140
111 136
8 14
47 93
16 238
188 238
18 93
53 256
132 216
17 42
55 282
68 232
55 133
92 195
72 263
152 234
38 272
173 227
75 85
37 37
113 243
104 249
210 224
97 194
41 167
133 200
69 292
15 60
23 261
92 285
43 257
112 181
138 176
95 263
72 237
158 262
154 216
91 118
232 258
101 215
67 87
72 266
61 157
205 249
41 145
60 118
127 247
16 236
223 231
159 197
190 200
51 237
59 284
79 214
22 255
118 188
128 287
100 146
104 193
115 119
116 184
17 99
128 172
127 209
156 222
199 276
5 241
101 123
46 266
189 255
1 84
83 180
34 167
125 264
84 114
189 214
186 206
140 189
87 255
10 297
55 248
79 245
126 202
261 263
172 236
44 68
11 156
202 210
226 273
19 211
205 285
224 282
70 210
204 270
44 195
164 201
142 293
151 267
115 266
50 199
26 112
261 274
132 262
86 188
232 255
109 145
168 202
85 86
125 254
74 283
7 39
89 250
111 131
144 269
103 260
134 212
160 289
94 135
135 199
70 204
44 257
54 235
126 279
165 196
24 267
46 69
91 172
64 176
3 109
63 296
146 155
101 292
180 253
22 152
32 63
84 147
15 21
230 295
38 225
107 271
76 216
131 234
169 256
139 273
47 231
89 109
92 251
209 281
197 216
149 211
60 103
23 52
127 181
121 124
188 259
43 111
150 286
44 78
103 244
111 295
85 245
9 186
72 105
24 51
156 243
63 205
96 104
100 253
49 221
97 104
62 108
44 109
160 240
89 170
13 278
16 179
129 211
25 259
30 168
11 300
175 241
187 242
172 194
102 106
7 158
180 279
183 212
136 154
5 100
77 99
106 136
19 115
116 231
50 69
213 254
204 289
228 234
97 140
41 272
77 214
81 110
45 55
12 77
173 262
81 194
243 261
60 208
17 117
55 238
10 39
101 220
14 247
135 159
2 234
95 261
8 88
90 164
31 131
133 173
103 190
142 280
107 273
177 217
101 160
211 262
262 280
85 291
68 94
34 109
4 27
4 85
162 248
78 151
221 283
52 153
24 224
45 113
78 259
182 195
146 205
124 189
188 239
22 66
13 235
123 269
126 296
111 250
167 174
173 235
91 103
149 202
78 299
106 208
167 276
71 284
267 292
16 100
235 264
143 246
150 284
53 60
9 15
67 174
13 22
119 238
138 273
215 252
53 193
1 117
125 180
6 112
144 154
42 103
25 263
7 252
12 162
94 120
147 254
71 262
148 154
2 240
216 265
116 124
138 268
133 243
69 175
229 290
13 183
78 242
110 160
73 180
62 119
176 286
130 235
268 282
4 124
20 156
85 121
110 125
46 150
99 118
151 292
8 75
179 225
161 245
19 51
37 104
137 211
159 206
138 170
145 223
76 163
238 273
233 276
45 271
23 267
64 213
180 228
99 161
171 229
4 22
151 223
71 85
179 290
50 249
79 94
232 296
101 206
186 207
94 169
152 298
63 298
19 151
27 282
3 74
212 232
231 233
188 283
14 117
186 203
194 244
75 242
43 112
7 230
266 268
2 208
189 259
138 253
164 171
78 80
3 69
101 147
82 251
229 234
87 161
28 72
23 77
117 136
5 22
20 217
159 218
154 292
55 81
133 275
252 267
97 151
35 72
59 157
77 212
71 203
180 285
153 166
87 246
165 239
160 267
217 255
204 292
53 170
52 133
42 193
171 201
139 219
221 279
33 108
43 87
19 215
27 83
156 163
158 254
2 238
110 165
79 247
35 212
31 242
19 281
4 293
74 210
85 131
1 212
237 279
67 150
54 170
40 97
111 239
135 188
42 54
167 292
102 283
4 299
58 288
124 241
93 149
47 162
218 298
11 77
99 276
225 289
172 257
33 73
4 185
45 122
214 294
6 183
47 266
60 204
26 161
105 234
219 250
119 220
50 248
162 198
81 167
7 282
56 112
24 89
225 248
178 194
264 295
152 252
64 122
45 62
89 168
266 267
275 283
56 119
117 273
169 230
243 284
122 244
195 286
20 219
82 146
7 27
7 272
185 220
192 272
37 300
76 230
45 268
102 131
214 298
104 294
133 219
179 273
208 226
99 209
230 289
75 271
167 189
82 102
97 124
111 185
200 293
6 84
269 288
68 107
152 221
137 259
76 227
35 260
38 74
122 264
212 268
23 243
87 169
86 99
29 161
175 233
144 261
22 84
45 183
179 207
181 248
145 198
165 198
172 174
180 270
7 292
163 265
73 246
158 277
8 186
94 210
190 271
284 295
65 271
91 206
34 186
79 261
52 187
62 67
126 294
103 293
209 274
284 285
33 80
282 291
144 178
255 255
95 99
47 139
174 268
14 246
151 234
157 215
54 262
57 79
74 183
160 288
14 83
26 66
261 277
28 272
229 246
61 104
20 65
139 232
120 127
227 289
2 278
87 220
61 66
203 221
243 290
97 244
57 140
50 263
60 271
49 291
224 286
222 269
163 206
58 150
140 218
203 298
84 274
92 94
152 197
18 47
51 120
85 268
228 258
30 283
107 135
73 93
162 268
14 170
128 129
144 214
158 192
84 207
151 203
39 211
75 123
80 95
191 259
173 241
72 80
25 209
46 174
7 224
52 292
242 252
107 120
110 186
168 244
170 290
135 148
164 299
134 294
122 287
37 234
33 209
62 171
2 270
1 83
48 249
231 299
24 171
31 129
195 293
20 120
25 103
35 61
119 292
113 284
12 230
164 223
26 154
11 86
283 291
198 254
105 202
137 211
23 286
57 190
26 182
188 252
17 270
57 142
51 243
22 141
157 250
2 113
14 225
116 241
129 271
25 62
45 69
133 230
128 199
234 288
167 233
200 264
29 82
51 264
74 245
50 201
262 298
87 277
142 148
60 147
12 91
80 202
117 178
67 205
12 225
103 128
87 254
118 263
66 253
40 61
29 56
108 162
64 278
21 39
36 151
206 207
9 146
13 157
137 160
133 294
146 169
152 180
9 151
94 184
212 230
80 206
189 256
105 137
44 65
154 160
192 261
264 276
54 77
11 172
26 223
102 142
12 185
31 199
10 56
88 283
30 163
28 165
53 133
33 291
180 187
140 236
175 223
75 209
87 106
11 292
32 157
36 148
110 174
163 241
160 290
128 262
203 219
52 126
108 131
49 119
237 277
182 252
15 131
262 278
76 279
103 155
28 242
9 273
178 270
26 279
75 162
117 135
183 294
167 173
38 295
8 226
35 74
26 248
60 277
23 168
260 278
58 140
71 205
31 284
189 211
57 77
236 253
83 188
57 220
39 180
8 233
182 191
2 245
120 161
69 114
75 124
127 292
24 59
4 41
235 271
174 292
244 261
4 130
65 199
7 29
15 169
18 157
207 287
144 229
30 274
19 167
54 152
96 111
64 116
25 214
150 281
15 223
205 214
279 281
119 248
19 242
123 228
16 17
202 271
143 167
133 197
139 143
192 237
15 45
177 240
22 30
126 144
27 88
103 115
23 35
1 17
29 78
65 103
260 280
59 250
98 108
215 291
82 268
38 63
107 146
151 184
205 205
52 169
203 299
26 273
150 168
95 167
60 162
156 194
11 98
290 296
183 297
90 134
258 265
112 203
233 295
37 281
208 255
99 175
28 60
127 239
196 249
201 280
45 140
1 59
21 239
38 250
120 128
200 278
128 157
190 197
24 150
21 60
8 96
42 243
90 165
245 282
92 160
135 157
51 130
10 104
9 251
62 100
5 287
100 121
201 281
141 269
20 29
114 196
129 169
53 74
206 223
97 147
39 294
63 268
108 161
29 108
172 208
181 214
278 285
2 40
13 83
135 206
109 167
191 263
213 216
125 220
117 160
52 74
25 297
48 61
20 110
111 140
30 284
18 194
61 244
105 291
126 155
207 209
28 242
272 274
67 299
76 258
222 257
77 272
93 110
144 198
188 268
77 116
128 275
202 266
83 158
152 291
106 138
124 191
52 251
234 253
136 202
109 228
178 297
194 273
191 215
27 230
40 268
51 168
20 128
25 75
43 107
94 117
211 297
105 203
38 253
8 187
78 210
114 132
52 90
142 204
292 300
77 127
162 218
53 63
171 232
201 288
52 249
127 202
64 103
223 270
57 274
56 249
14 286
25 257
165 213
53 124
16 177
135 231
122 240
116 231
43 65
106 203
36 74
189 298
15 167
87 100
32 159
84 154
126 183
30 221
88 141
9 102
77 84
212 247
42 77
128 235
7 144
96 110
83 163
68 266
65 243
8 277
133 257
138 197
54 65
64 130
62 145
176 290
154 260
98 119
61 85
47 285
102 155
194 200
77 136
141 292
181 287
105 293
64 177
39 157
26 175
155 262
30 292
227 231
50 169
211 217
101 148
60 97
197 197
61 71
40 50
139 152
24 41
76 109
37 111
127 227
24 98
31 291
45 229
100 185
79 191
188 225
7 125
116 296
234 275
151 300
9 68
10 205
70 148
86 86
242 292
251 258
33 130
5 223
242 248
33 160
174 206
57 251
3 234
104 214
246 282
156 247
6 237
27 159
5 216
87 88
246 300
2 105
172 284
2 276
30 99
212 283
58 147
53 190
158 275
135 137
79 218
157 169
12 145
207 280
243 251
43 79
241 295
95 281
156 285
34 103
262 274
117 295
256 280
69 129
11 289
13 214
47 177
20 260
2 294
115 161
269 278
155 250
29 262
190 291
63 217
126 282
18 250
249 278
70 185
1 235
129 246
56 286
17 197
47 98
276 279
234 289
93 173
138 175
57 236
220 297
17 239
246 251
247 292
73 108
124 130
145 212
2 99
3 260
273 296
61 271
15 144
20 32
105 132
124 192
49 299
20 294
80 178
163 223
47 125
239 258
6 273
126 216
192 300
31 275
198 236
148 164
83 243
25 153
34 279
59 174
33 156
123 162
53 84
121 184
18 95
41 259
115 157
3 152
132 279
151 239
189 208
153 206
55 165
40 73
211 228
211 218
17 124
156 294
50 82
234 297
112 204
287 294
140 252
147 247
148 210
178 255
59 129
12 252
4 26
73 224
109 133
11 251
91 148
3 135
241 253
74 136
37 167
101 180
133 147
163 237
70 212
168 266
63 265
250 290
180 186
61 289
163 192
72 128
59 162
22 256
39 72
242 281
127 266
51 200
85 127
187 211
63 77
75 164
5 293
122 218
92 143
66 118
162 219
84 178
194 288
117 207
169 258
123 133
11 50
20 180
60 101
91 227
60 208
121 229
145 154
20 176
65 67
12 221
146 293
1 188
53 226
181 234
134 232
143 181
45 190
4 102
87 111
191 205
72 77
11 227
138 265
128 152
37 203
230 286
54 107
33 57
164 259
113 138
125 298
60 246
25 48
81 93
64 137
19 128
206 216
235 257
58 89
131 257
264 289
76 287
5 94
231 283
35 182
79 269
214 295
23 166
36 134
182 298
51 136
130 143
16 94
202 226
75 111
100 300
129 159
15 129
90 130
74 80
182 245
27 37
4 37
59 196
36 157
10 78
160 189
189 223
18 236
181 196
85 151
67 90
153 190
109 122
19 283
123 180
148 200
162 184
167 254
19 254
158 179
1 180
41 47
73 279
28 71
34 123
68 93
116 218
212 221
3 247
51 277
115 117
188 223
230 292
96 103
7 117
72 198
145 281
50 230
213 222
249 258
97 185
80 170
51 114
184 262
39 262
177 241
24 279
129 282
266 299
29 191
77 92
214 225
82 188
240 251
122 140
15 211
122 235
39 296
99 165
134 254
173 245
137 283
1 43
12 26
16 154
210 295
70 229
2 190
208 220
3 49
125 181
128 159
32 101
107 197
206 274
23 285
20 229
77 156
82 108
133 191
228 265
39 206
163 216
125 205
45 232
127 212
147 289
38 214
113 265
55 279
133 178
37 257
40 263
2 20
29 297
105 107
177 239
53 157
131 228
8 208
8 105
18 183
141 172
187 257
41 112
115 188
126 129
10 159
56 249
25 112
46 160
30 253
3 216
135 270
231 258
37 257
51 281
7 36
62 161
91 188
177 295
36 201
114 145
14 270
110 154
89 288
38 40
77 263
213 236
80 277
170 196
78 248
6 45
71 191
22 173
155 220
9 154
62 124
74 119
92 127
22 269
4 300
164 264
44 135
79 194
39 117
90 219
30 214
259 269
25 155
208 277
86 258
105 215
23 95
218 261
227 283
23 27
116 160
37 238
114 240
8 15
158 292
228 282
146 220
146 159
16 139
50 123
150 275
186 276
48 215
26 50
96 197
110 297
125 196
151 183
17 172
105 277
262 269
62 261
30 175
17 77
36 93
59 101
206 217
143 269
38 300
102 236
123 271
125 165
175 206
15 157
27 173
9 136
84 143
24 225
34 96
84 118
122 149
2 44
32 230
34 121
10 108
78 161
107 207
96 289
221 289
87 128
77 235
26 136
16 225
187 198
36 252
195 241
18 217
148 179
62 120
78 145
181 298
66 277
86 242
84 281
84 288
201 264
100 248
62 283
245 264
157 298
13 289
124 156
191 288
11 284
255 257
141 220
27 267
82 225
6 154
117 189
207 231
94 110
155 243
195 254
255 275
7 139
165 220
21 80
80 204
258 260
60 281
25 92
35 78
140 245
2 241
16 68
12 229
92 207
3 82
90 210
166 220
69 242
128 256
231 294
240 295
132 228
44 79
79 201
190 232
10 127
113 197
117 132
11 152
30 294
7 101
123 160
90 214
22 159
261 290
8 289
42 203
138 217
115 269
156 188
227 290
52 294
248 299
227 273
90 208
37 243
152 214
52 104
249 276
112 217
88 126
43 122
131 144
95 109
139 298
58 252
120 218
58 104
100 239
70 262
112 165
22 136
184 188
126 224
100 255
15 127
194 284
118 153
59 197
66 79
87 265
117 215
10 184
8 289
125 233
40 149
262 276
9 238
45 153
207 213
179 245
36 107
93 243
3 103
39 298
14 262
160 200
208 216
72 108
18 153
200 284
243 277
117 165
134 250
130 134
47 135
93 254
132 189
16 168
28 259
171 244
115 186
114 161
135 158
53 75
258 285
120 207
4 189
158 174
37 286
35 298
43 244
64 216
63 100
179 239
209 243
4 186
213 288
70 244
35 113
48 176
39 98
16 191
228 235
47 91
252 291
114 201
144 169
8 76
121 132
15 111
255 288
181 234
55 97
1 258
131 221
67 196
23 206
4 36
122 226
78 150
122 163
119 232
28 149
68 207
59 102
54 234
202 298
134 296
23 155
51 103
66 129
203 273
203 266
34 213
116 159
30 62
104 283
72 179
92 250
57 80
28 28
5 167
179 183
10 266
66 119
223 258
176 263
234 291
56 121
98 283
155 180
105 285
4 17
154 194
43 253
63 68
149 205
96 166
44 236
160 180
47 111
101 103
202 216
83 290
156 208
49 176
57 257
129 159
97 207
248 263
150 188
63 112
17 189
169 183
40 229
2 280
47 74
76 290
115 263
50 153
9 270
99 293
147 147
128 297
110 151
85 252
42 180
60 199
214 280
36 71
66 214
80 281
27 29
230 235
124 135
36 258
16 235
124 129
266 286
115 232
60 120
129 221
33 249
234 239
117 249
183 223
126 186
90 230
170 221
76 188
26 63
72 235
129 154
148 156
59 220
93 141
97 157
136 222
51 101
133 148
71 226
113 264
252 298
14 154
129 297
4 44
22 25
159 234
140 201
31 65
82 297
32 271
66 180
224 257
171 234
30 82
91 289
3 196
47 151
137 195
186 236
195 212
10 171
11 129
31 192
182 189
29 124
77 179
40 281
71 296
58 121
28 121
120 179
3 126
166 264
193 242
48 48
151 167
140 194
17 296
66 145
95 153
26 191
35 208
44 120
18 77
46 88
200 218
17 41
108 201
90 275
136 225
171 228
8 179
124 126
202 224
66 162
9 254
179 298
147 295
119 167
66 235
196 286
242 266
5 144
45 248
211 263
43 243
134 195
153 226
71 201
242 288
23 268
85 217
141 214
129 197
19 279
286 298
85 103
20 67
272 292
122 247
130 294
176 205
27 160
5 93
284 290
246 280
167 197
196 258
143 273
57 96
88 276
68 153
84 233
114 122
274 283
154 157
129 188
45 85
19 287
165 251
33 168
106 191
38 106
127 282
145 167
38 232
203 281
132 200
193 208
55 70
126 137
138 150
105 300
126 162
123 230
120 295
164 196
78 81
137 145
119 247
44 62
124 158
49 223
148 229
177 254
188 278
139 247
131 221
25 158
82 226
68 292
203 218
55 211
171 192
16 127
38 264
55 190
93 140
117 125
29 193
229 252
145 228
215 284
159 289
65 208
65 224
2 267
159 193
152 187
96 201
165 199
20 66
257 290
55 285
172 229
81 132
30 60
253 289
119 121
62 267
132 240
22 294
192 219
215 246
55 104
85 223
89 193
57 203
15 156
89 195
180 251
72 94
42 233
190 217
122 197
131 183
109 220
52 156
145 235
50 127
28 204
11 237
126 211
136 166
279 298
41 282
212 296
241 242
80 232
154 156
232 252
80 191
26 240
15 78
121 201
151 238
150 150
186 194
87 281
96 109
61 120
207 263
173 271
169 238
163 300
76 274
110 183
264 288
244 272
44 145
30 73
128 268
37 156
129 183
45 181
80 110
224 261
3 206
77 251
40 245
72 126
134 178
76 189
130 211
41 257
67 284
129 137
98 136
89 261
64 156
43 57
20 91
9 114
19 262
220 288
202 293
162 237
66 242
8 234
42 158
167 198
66 190
193 195
112 238
39 241
79 230
121 275
72 169
37 56
26 164
39 75
59 267
30 116
48 163
232 285
14 207
93 299
54 218
208 293
178 233
240 265
51 284
53 234
193 238
1 285
21 139
69 178
34 39
14 41
59 80
23 148
174 246
6 75
51 108
15 234
66 220
219 285
5 47
55 110
224 264
282 294
243 246
203 233
38 184
33 37
139 206
25 60
47 189
1 45
84 271
181 259
62 201
70 94
38 135
157 235
134 222
149 153
31 47
262 290
6 164
11 78
8 89
73 158
130 186
69 275
60 264
199 261
21 116
20 247
139 271
173 200
247 248
211 257
171 217
81 137
125 250
82 88
86 101
252 265
125 254
7 61
1 170
33 150
225 293
137 192
16 273
3 261
2 207
70 184
185 232
7 149
41 74
14 276
5 146
25 138
135 232
130 136
11 69
58 222
10 165
48 158
169 173
16 212
172 276
58 213
156 199
56 79
140 210
175 242
95 105
102 184
164 181
54 258
85 198
119 225
91 259
141 256
100 175
20 101
135 173
77 269
215 249
11 113
58 200
16 255
152 223
37 287
110 145
48 228
119 278
106 139
49 219
14 40
239 266
77 279
11 167
59 210
82 181
72 293
112 195
20 98
165 271
83 86
24 125
152 269
161 182
21 252
127 243
206 212
5 292
90 285
210 297
155 229
112 179
220 234
1 171
75 220
58 107
115 147
112 226
30 92
249 295
7 94
25 216
106 114
85 106
94 161
90 154
58 273
90 269
70 257
169 177
11 61
77 245
190 241
234 244
59 73
23 121
170 198
174 290
20 214
131 209
8 167
177 237
155 254
46 144
86 257
1 143
198 296
175 192
171 255
11 164
9 153
207 287
109 295
63 179
34 259
2 269
62 117
53 233
11 146
118 280
74 213
31 251
49 94
125 154
133 164
124 132
199 295
1 104
28 36
195 264
58 180
43 155
39 155
78 293
191 210
63 239
50 224
97 134
149 221
92 299
117 155
122 259
110 226
35 126
103 228
124 162
17 48
165 257
256 270
236 274
115 146
145 183
19 137
105 217
26 156
46 127
30 129
35 102
239 289
38 297
88 171
57 235
100 105
47 281
142 157
14 143
201 233
255 300
94 153
30 52
119 205
52 248
218 220
7 121
77 261
232 264
17 80
135 230
167 251
131 222
77 253
7 197
103 147
153 197
154 166
236 296
154 274
45 235
140 207
39 65
156 169
217 271
196 225
52 123
139 189
76 167
59 193
125 202
12 281
95 208
104 244
48 253
103 233
145 239
56 143
112 257
31 43
151 251
192 236
163 299
100 266
152 264
10 202
121 280
54 211
61 123
53 208
99 164
25 172
26 71
59 146
69 205
105 164
154 234
18 133
6 92
30 219
67 74
56 131
75 158
159 282
245 280
43 217
99 217
43 148
256 277
168 281
146 186
55 195
56 196
9 125
218 254
26 88
106 237
11 296
22 152
147 245
174 274
114 153
95 139
151 275
262 282
44 266
38 173
23 191
34 76
226 231
184 229
105 186
172 233
174 199
23 236
152 292
111 235
194 263
10 14
4 118
7 91
152 295
71 151
168 186
152 239
151 160
213 295
35 281
48 68
79 160
145 300
10 241
185 226
77 276
192 217
70 115
90 163
175 270
57 190
75 288
140 144
67 88
201 287
35 224
141 170
131 220
239 300
120 206
200 279
57 237
225 274
70 123
158 185
46 62
32 106
14 167
143 290
47 222
154 248
145 199
56 82
63 118
211 240
31 172
9 193
8 154
80 209
27 35
71 282
105 155
172 197
110 138
22 209
206 209
97 268
80 142
109 296
98 299
193 194
61 100
171 269
27 234
266 269
71 174
12 23
22 216
72 262
202 284
110 214
247 273
179 215
248 290
128 178
191 275
53 274
44 121
99 201
37 94
39 292
112 205
213 219
36 124
2 211
102 226
191 291
26 39
20 285
82 263
113 147
102 216
117 272
44 78
56 215
64 271
23 265
244 249
39 169
70 71
123 165
42 46
123 256
119 124
87 167
10 110
51 254
62 172
181 258
36 80
158 222
49 91
50 215
132 217
21 169
55 219
182 247
88 106
121 127
56 271
67 276
6 232
201 256
84 129
69 163
69 226
24 178
42 100
6 27
17 198
94 140
32 97
111 265
250 267
22 176
101 198
182 225
196 271
6 71
245 258
114 138
105 189
4 252
108 274
60 203
24 131
8 106
14 258
151 201
53 286
217 267
92 270
62 119
17 244
180 262
78 263
21 168
85 270
103 290
2 265
95 137
39 209
80 268
197 293
74 208
128 138
124 283
199 210
47 102
64 80
165 297
259 267
194 292
85 162
85 154
111 251
53 134
67 262
5 122
74 84
44 53
33 124
79 226
85 141
240 263
73 89
54 106
30 107
66 159
60 245
70 88
37 59
93 172
183 203
163 175
107 196
14 219
69 158
12 279
113 241
12 243
219 222
101 121
69 239
39 131
40 193
144 192
138 224
29 143
3 41
98 216
101 118
22 64
119 239
231 256
2 268
52 273
217 278
11 11
279 296
197 277
60 180
18 156
121 211
167 289
153 214
17 230
25 140
127 152
267 284
210 247
26 284
22 134
163 171
40 141
95 181
30 192
107 111
18 246
154 190
155 192
89 290
157 178
77 117
77 274
53 252
218 264
25 258
192 222
18 75
62 138
240 285
104 184
13 224
182 238
27 146
51 265
8 48
58 113
85 197
10 215
137 294
82 256
230 274
61 279
170 299
82 277
25 176
144 162
63 102
159 189
120 141
90 255
26 68
146 215
81 145
14 103
6 158
113 251
139 264
259 282
260 276
4 218
159 180
229 293
2 42
53 61
129 275
2 156
92 141
97 189
76 222
150 289
68 187
10 111
231 282
241 255
142 255
152 287
6 38
40 273
12 71
250 274
23 68
10 41
224 270
173 184
98 244
193 263
62 249
25 65
13 223
238 247
140 277
218 241
30 229
110 153
150 179
31 83
60 219
128 188
129 206
136 254
75 250
126 234
7 167
272 277
123 181
84 138
42 177
276 280
85 188
31 237
166 214
61 254
82 286
17 276
2 167
143 156
174 278
57 145
19 42
30 152
146 161
17 185
116 254
92 223
61 239
137 222
67 221
89 285
105 248
7 111
215 241
176 194
70 201
207 244
113 267
154 253
48 110
81 130
80 198
31 71
218 258
108 165
160 291
117 282
20 94
14 267
96 116
259 297
148 289
143 152
75 226
94 129
94 149
98 248
34 91
28 282
134 163
177 281
60 148
29 71
199 238
60 221
20 84
60 272
48 68
130 146
49 264
111 258
87 230
11 132
15 136
67 258
10 97
58 266
111 150
43 88
164 189
174 214
81 178
38 196
86 246
119 182
176 244
120 151
120 135
260 271
11 256
48 291
39 128
56 166
56 282
186 292
88 157
230 265
201 268
15 226
209 248
80 180
51 292
8 8
43 201
9 229
10 216
51 116
129 266
71 257
22 264
182 251
51 180
32 77
61 135
139 222
87 241
181 269
132 158
178 294
183 210
200 221
18 127
28 165
113 259
133 227
18 231
69 142
129 179
73 137
31 49
177 236
48 162
109 156
5 243
20 248
179 232
65 178
61 259
24 196
27 203
136 208
108 266
33 151
126 130
31 39
16 172
92 267
72 73
95 125
27 272
119 251
58 99
125 178
166 173
152 200
29 271
56 247
207 245
221 272
83 88
252 290
233 257
91 111
46 261
145 190
97 195
68 130
125 240
103 180
157 213
152 212
29 42
173 289
253 279
142 219
156 159
38 211
16 140
93 232
26 123
24 62
160 280
269 294
50 93
41 100
8 227
30 196
199 214
51 271
232 267
167 290
22 274
122 285
141 209
102 272
126 250
124 292
62 222
71 171
25 240
16 281
168 292
2 30
61 63
45 81
15 135
156 268
13 281
127 159
219 235
18 139
252 299
97 231
110 157
102 242
85 108
28 276
6 137
206 220
16 151
64 189
34 188
174 241
81 153
34 248
142 208
19 30
159 278
149 176
16 39
152 167
48 58
16 202
276 285
261 286
218 240
33 285
56 140
150 220
16 180
75 228
165 279
93 94
71 143
52 116
32 172
126 290
41 239
267 283
42 269
56 242
60 136
202 217
221 235
107 281
33 87
43 195
57 227
93 213
109 117
71 241
113 157
13 208
134 208
127 284
132 205
21 191
25 215
8 173
41 170
78 225
76 104
114 214
200 243
279 282
28 59
45 71
107 117
48 112
96 167
33 69
202 213
62 223
81 125
54 194
115 270
152 206
104 180
25 85
2 100
161 227
107 266
38 200
224 293
168 175
77 176
86 217
66 116
56 261
200 220
143 170
124 237
156 189
12 188
47 55
36 126
23 58
43 104
99 282
184 246
247 253
136 219
195 256
63 226
61 216
171 227
95 127
20 122
46 187
139 289
51 205
236 287
28 278
107 148
205 295
106 157
50 255
146 283
9 124
14 279
192 231
8 238
68 128
90 118
119 231
48 243
169 295
114 168
35 222
48 144
28 279
84 226
88 136
10 82
140 280
166 177
145 168
1 216
147 236
144 155
101 258
34 41
170 223
70 252
251 261
109 193
246 269
18 228
225 267
19 145
14 280
232 256
65 181
209 277
10 213
61 245
159 245
45 298
157 165
140 206
183 215
123 211
72 214
166 187
85 265
31 48
45 291
18 97
105 232
124 298
84 179
97 166
216 224
10 233
194 294
163 248
100 247
115 130
7 107
2 142
62 130
90 251
253 282
177 255
62 224
233 285
22 121
2 226
65 210
65 155
130 231
59 221
65 184
88 295
165 175
66 142
14 32
62 133
56 199
100 167
5 93
167 248
172 189
97 212
155 217
14 292
89 239
59 213
115 143
107 264
190 233
55 162
75 137
242 268
51 251
37 225
207 276
239 298
82 291
131 250
1 133
30 186
209 300
52 132
96 143
121 146
78 111
194 198
33 162
203 292
47 275
19 124
131 153
21 143
110 215
6 120
48 116
71 277
10 22
105 261
52 228
85 257
169 269
27 32
137 271
158 162
103 138
109 157
235 262
43 248
73 179
36 222
7 202
223 247
69 98
134 139
38 112
170 296
121 233
12 233
18 117
41 135
217 261
103 122
64 238
81 206
176 293
198 256
113 180
58 208
187 262
244 268
56 201
94 167
121 178
15 39
181 293
69 180
33 254
136 174
69 210
7 233
62 143
263 263
39 225
271 290
26 113
46 297
36 108
153 268
191 245
173 197
18 24
72 111
29 164
147 169
76 88
122 251
27 185
74 200
83 268
58 97
164 221
86 203
21 67
226 252
47 183
39 176
84 86
72 275
6 217
18 273
77 151
171 280
139 258
67 177
8 237
197 242
122 229
87 120
57 155
206 292
49 292
252 270
168 262
138 213
90 169
178 299
10 150
67 300
262 293
123 199
237 242
16 108
174 242
8 84
32 195
95 209
23 163
2 9
107 123
52 108
107 206
67 131
200 240
137 225
49 71
29 51
107 119
172 172
36 191
168 211
111 153
54 289
8 258
85 289
51 67
81 121
57 87
136 239
13 229
83 107
44 82
34 282
102 131
183 216
1 138
156 278
83 236
3 15
18 240
270 281
35 259
172 190
216 297
1 274
36 127
47 285
109 285
38 234
15 199
144 161
62 144
133 271
62 289
241 256
3 246
1 120
35 300
17 109
62 265
247 247
76 133
258 292
93 176
33 191
7 191
150 193
160 262
214 244
134 281
88 247
10 93
131 238
171 249
142 263
92 144
278 279
16 108
66 260
216 295
18 194
79 207
141 173
233 278
9 37
8 150
11 94
41 166
58 161
1 224
26 180
241 249
4 207
77 97
48 250
78 285
9 31
37 252
142 282
178 228
162 285
125 300
8 62
237 238
50 116
40 173
102 221
70 139
208 280
52 272
116 221
75 210
3 54
156 230
153 300
115 288
38 150
110 290
137 208
185 255
93 118
129 167
40 228
92 282
7 72
13 80
98 280
2 227
175 255
128 257
161 222
26 158
145 168
79 170
136 217
113 197
51 224
88 218
22 229
66 127
103 131
41 143
73 219
96 204
236 237
34 234
46 146
164 262
40 153
161 285
252 279
36 67
67 267
11 194
28 102
93 143
48 109
123 236
215 266
222 250
109 251
118 159
11 209
118 125
43 141
21 214
252 299
6 10
149 225
168 297
132 179
134 198
11 281
68 264
1 195
33 300
258 284
49 261
152 172
198 268
111 169
170 280
125 135
119 150
136 203
10 147
44 209
70 81
8 176
46 92
64 126
28 37
221 257
69 288
66 246
139 267
70 211
52 150
58 282
78 98
47 144
119 229
149 184
113 164
8 69
67 82
90 199
15 19
7 81
157 198
41 146
151 262
140 258
245 278
162 217
136 155
11 124
120 184
201 276
86 264
207 274
9 185
90 233
91 272
112 285
18 123
218 224
27 149
124 286
40 288
110 213
57 76
192 235
14 295
123 190
114 296
19 41
99 300
78 283
84 285
181 273
20 278
128 267
91 164
41 229
71 94
110 291
20 222
67 81
191 300
111 118
55 278
24 32
2 188
218 247
25 228
180 267
172 291
138 292
132 180
168 213
235 248
119 286
6 20
283 299
52 80
57 283
158 257
12 292
109 249
39 41
78 84
239 259
75 151
180 297
47 156
73 208
54 109
212 281
24 58
143 163
41 221
47 282
30 210
158 231
77 223
206 242
214 276
141 223
21 217
82 250
18 37
80 289
44 170
25 139
94 210
58 154
136 187
150 209
84 278
69 260
13 162
67 89
19 277
221 279
33 43
81 197
59 151
60 156
55 158
169 196
136 193
256 281
73 200
212 292
53 129
190 216
267 276
133 186
88 244
184 241
17 293
242 289
181 253
21 128
146 185
101 239
147 212
92 159
50 178
168 187
49 218
226 258
68 178
1 159
25 150
50 248
29 173
1 68
44 86
43 48
54 276
175 277
127 279
148 278
58 230
157 258
11 114
154 273
80 124
19 52
102 196
11 44
154 204
72 180
68 249
170 246
87 197
24 81
130 288
143 285
164 291
89 94
117 124
70 232
61 155
187 255
27 275
78 165
2 281
43 113
59 181
84 125
48 52
215 283
114 252
11 208
221 229
43 267
205 223
170 247
53 274
81 294
31 257
32 218
146 232
259 297
183 230
177 298
117 192
214 231
135 156
136 190
103 247
282 286
76 154
22 70
182 277
19 272
19 208
266 284
22 214
110 206
26 265
221 260
64 185
217 296
59 158
8 274
224 268
209 290
4 139
68 158
213 231
63 247
76 192
77 152
149 285
76 292
95 203
71 167
118 171
25 32
82 133
51 139
4 208
125 262
16 80
17 140
160 267
98 240
114 174
45 165
182 299
8 182
75 277
169 240
207 226
178 245
35 196
255 266
157 247
44 77
33 149
120 276
66 176
2 149
54 114
22 81
138 291
36 162
14 95
227 298
72 172
141 251
133 237
16 205
25 269
26 157
58 234
57 266
11 289
103 209
192 219
21 43
42 56
180 216
71 179
51 63
22 122
178 292
250 283
201 296
209 250
5 58
99 220
56 150
143 280
10 208
80 299
29 185
60 123
77 265
60 128
54 119
79 217
48 123
4 162
86 253
116 256
17 152
23 90
39 249
67 130
38 164
173 267
204 211
55 160
115 157
60 219
125 224
22 61
37 222
49 226
65 287
23 227
200 263
85 205
5 260
100 114
141 291
153 270
119 200
6 265
145 162
89 110
220 233
59 296
188 263
123 260
130 269
76 108
26 177
71 138
19 179
31 75
113 177
195 300
101 108
189 201
180 286
188 249
123 261
123 194
61 174
92 293
191 239
27 185
222 293
153 230
164 240
251 278
32 88
222 222
76 210
31 80
99 277
129 253
117 195
173 273
31 253
212 300
12 255
268 298
173 208
69 282
135 135
61 166
139 208
56 281
214 237
132 218
30 271
94 289
78 103
48 95
37 49
158 163
74 149
49 294
27 184
215 293
71 149
95 129
43 167
24 126
33 217
62 214
181 206
51 293
41 119
37 87
111 151
16 224
70 261
83 185
220 255
8 197
207 292
43 250
64 179
154 200
139 270
126 254
221 276
105 266
37 279
76 278
21 246
125 241
174 195
112 168
228 243
117 247
214 274
110 177
138 194
96 217
3 155
126 281
14 131
70 243
51 87
61 292
79 152
25 275
37 187
69 262
140 281
140 196
167 253
211 229
58 263
13 154
40 218
37 208
84 112
13 242
92 133
280 297
221 255
179 185
58 136
255 267
204 282
2 54
79 102
183 199
17 219
103 246
139 243
11 72
161 282
41 75
259 275
173 187
113 263
215 255
184 239
114 299
207 230
117 252
48 81
90 108
25 274
36 233
184 232
146 187
72 138
47 220
110 162
234 264
54 287
61 84
69 167
37 196
11 169
78 222
16 259
56 93
91 268
55 267
212 278
193 203
63 180
280 294
77 119
124 244
114 263
254 266
31 193
92 184
60 86
24 244
162 215
181 189
103 139
30 79
52 145
59 215
61 273
44 140
95 159
259 260
25 165
123 240
109 279
139 245
45 76
2 222
165 191
40 212
142 250
125 186
42 195
96 221
174 256
90 105
194 266
67 244
165 243
82 275
29 70
89 141
133 274
263 265
28 172
45 255
109 155
42 146
179 275
190 213
59 281
179 282
141 259
183 289
79 81
185 202
110 161
203 258
111 133
88 252
43 249
196 289
197 224
37 79
69 168
219 297
224 292
55 194
110 196
119 262
36 40
147 255
3 222
125 140
258 270
48 124
59 79
200 208
170 234
158 242
21 229
123 242
266 285
44 137
144 277
79 295
67 241
82 165
126 145
121 188
15 96
185 208
89 225
203 283
44 162
139 139
147 256
14 251
141 175
85 257
90 242
6 156
7 218
33 154
70 101
13 283
208 239
281 287
149 191
158 194
66 227
181 206
16 158
133 269
45 94
175 235
169 290
119 194
169 229
123 157
98 197
160 250
8 243
16 25
59 164
102 103
37 166
9 201
36 91
91 212
79 171
67 107
17 156
94 268
80 271
136 295
18 27
232 282
107 244
167 271
74 229
196 227
30 191
64 140
42 257
17 274
222 289
111 220
65 254
5 250
20 134
74 280
117 203
86 139
81 259
28 220
66 209
105 118
91 112
13 30
197 211
28 170
155 160
57 199
16 252
180 242
8 151
178 217
58 135
146 193
8 153
133 172
123 239
85 270
38 176
29 246
173 272
265 265
84 132
19 90
171 292
180 246
145 166
155 248
106 260
87 176
131 137
83 283
36 299
123 219
50 61
132 271
43 266
142 155
114 264
71 102
1 291
13 144
13 169
38 71
43 174
177 257
140 166
39 119
37 109
206 266
54 111
175 260
193 260
23 24
216 274
39 181
22 62
56 289
35 197
199 228
90 225
37 216
89 159
154 250
50 276
91 254
86 240
83 284
160 183
1 14
204 288
34 131
84 155
155 242
117 213
230 261
48 201
67 197
43 239
32 65
105 167
195 221
17 255
49 52
99 196
134 237
16 71
29 99
293 299
167 190
184 271
190 268
65 192
61 298
162 231
191 280
126 181
205 241
114 192
111 276
171 252
203 238
22 130
136 201
33 111
66 226
21 85
150 239
80 273
169 219
53 282
158 158
41 78
29 97
2 131
116 165
115 292
222 241
10 239
27 257
7 68
131 147
14 238
103 108
256 264
42 110
9 26
10 27
16 216
213 266
145 263
48 131
38 246
112 269
108 154
267 285
141 159
120 171
20 241
92 159
45 65
67 247
242 294
114 119
66 202
81 86
55 134
140 219
202 234
110 146
20 258
14 199
60 243
116 152
72 190
171 176
3 123
18 196
12 104
116 175
196 238
121 265
165 232
166 258
200 262
174 283
34 284
100 156
64 72
128 252
189 233
37 77
171 186
10 15
180 300
21 238
75 201
119 196
171 264
28 82
150 187
157 228
84 148
10 143
43 284
68 242
145 145
193 287
6 240
28 245
130 283
89 275
95 202
37 136
133 158
64 284
199 236
39 266
207 212
33 256
114 275
37 41
60 255
245 255
36 244
69 186
162 293
29 87
22 23
118 136
60 192
4 63
129 214
45 256
55 75
150 217
88 121
227 271
131 176
117 139
139 278
205 279
67 155
241 260
101 166
26 104
185 222
177 212
54 147
88 168
183 240
72 130
72 113
42 102
205 261
59 132
25 40
129 135
96 256
63 80
81 123
78 120
191 252
46 218
138 141
200 286
58 137
67 152
121 230
223 245
101 211
83 122
100 260
94 234
144 201
223 240
14 266
89 183
19 266
39 286
34 180
273 299
148 161
8 24
183 272
33 157
93 129
294 297
104 253
104 149
59 298
22 108
101 300
153 285
53 231
134 138
98 133
125 131
70 135
206 291
145 234
203 209
139 157
82 105
56 252
156 274
37 164
163 220
77 101
111 143
196 241
33 127
188 231
219 267
35 214
125 209
84 235
25 282
95 299
39 261
78 216
4 48
21 32
1 116
10 240
12 33
39 80
114 214
213 221
13 48
86 252
21 240
41 278
235 277
170 171
218 248
45 163
99 215
31 82
34 122
150 294
214 230
79 197
179 250
146 178
33 241
50 282
192 218
91 232
50 177
56 300
9 42
135 289
63 238
96 96
223 280
27 232
69 254
137 171
101 190
45 137
95 173
48 143
200 242
48 264
119 227
249 250
66 192
16 102
15 81
211 284
83 176
5 120
35 242
14 150
163 164
59 233
99 209
74 249
85 286
158 180
96 268
101 101
82 116
292 292
53 144
239 251
12 219
154 258
125 212
233 250
200 209
236 289
141 215
123 154
63 94
108 204
269 275
31 166
147 241
116 212
86 289
130 251
213 294
153 222
98 181
88 178
43 298
66 198
57 293
127 201
11 165
82 115
231 260
38 244
143 202
84 121
62 119
88 288
80 101
21 226
41 218
78 113
49 206
149 264
202 281
90 141
285 289
60 290
125 190
89 215
118 222
116 120
237 294
78 137
76 145
105 196
52 254
31 96
52 221
127 177
1 182
62 268
9 63
24 220
113 266
108 146
63 116
100 100
103 188
129 220
14 45
84 245
81 98
46 242
235 248
156 234
181 300
6 166
48 169
5 103
78 254
143 283
37 228
48 147
158 261
74 85
87 271
164 203
2 264
264 279
130 268
50 162
152 168
57 254
151 166
68 287
187 246
160 193
138 266
10 47
104 231
79 89
47 277
193 202
27 67
199 252
27 87
170 245
24 128
260 291
71 279
64 138
86 149
99 215
174 272
135 227
88 241
220 245
157 173
101 129
139 230
36 101
15 32
202 292
234 264
57 238
127 296
2 279
146 284
44 131
58 188
140 220
225 229
187 228
83 257
116 226
123 198
18 84
266 290
3 51
110 242
199 199
65 200
148 215
128 274
139 212
184 205
65 272
30 201
53 259
118 299
66 248
182 280
170 187
138 157
58 287
118 270
140 206
18 232
8 251
3 134
142 296
225 260
58 76
169 211
131 175
88 182
91 176
2 183
18 295
104 129
51 92
81 164
163 237
131 237
182 201
22 193
16 94
224 289
66 147
42 238
33 263
194 208
100 140
49 53
5 133
219 268
10 112
100 134
70 97
54 163
55 214
93 99
261 297
114 181
28 246
207 253
75 268
122 177
221 293
103 186
49 203
58 262
14 58
137 202
135 214
180 240
229 300
13 274
20 235
151 256
1 47
51 284
97 135
68 87
170 204
199 200
40 93
139 287
12 184
25 167
96 150
20 207
70 241
39 231
140 283
15 242
37 288
223 283
48 229
173 263
121 136
126 177
156 236
170 220
24 118
73 263
191 217
80 90
111 212
134 147
115 185
124 136
280 296
83 108
264 265
27 195
149 258
259 268
64 107
139 195
124 265
25 99
187 256
149 281
18 132
79 154
14 166
7 238
175 292
46 213
253 290
83 90
127 299
99 283
42 246
143 201
51 256
75 299
17 238
83 152
143 294
3 198
17 143
1 142
16 211
88 116
76 256
121 182
174 293
3 202
41 139
130 226
55 94
61 175
172 292
73 265
39 149
18 296
50 107
147 281
35 288
36 128
21 171
53 162
110 176
131 195
23 193
49 146
13 276
47 106
7 265
100 170
188 251
47 270
136 183
24 185
178 286
74 260
26 53
10 65
102 270
85 113
103 256
171 260
91 121
42 49
10 206
55 191
179 248
249 298
167 280
5 79
94 265
99 208
82 245
244 259
16 293
119 130
257 257
125 234
96 234
131 285
229 281
116 190
4 225
37 179
139 242
50 145
211 239
41 93
68 215
249 284
6 173
237 293
51 82
174 251
51 100
61 176
116 251
75 219
148 203
33 99
15 205
24 285
12 20
228 269
152 156
32 84
183 291
27 175
113 178
50 209
217 255
107 136
190 278
97 171
133 163
151 264
129 133
1 179
8 160
38 231
73 289
140 244
251 289
20 36
134 225
114 294
117 278
161 216
14 156
51 160
76 82
101 270
129 264
1 153
6 134
116 230
32 67
78 260
94 209
26 243
122 134
47 130
8 163
48 279
129 231
115 174
158 230
151 206
176 268
167 170
124 176
7 279
147 233
150 263
49 104
12 278
168 281
16 74
36 89
6 99
234 250
9 211
47 253
263 279
54 159
93 171
144 193
62 273
165 281
113 275
229 244
95 119
22 185
215 234
93 136
233 255
59 234
162 233
44 59
236 275
6 197
51 126
11 39
120 290
181 222
40 144
28 154
39 111
31 70
101 114
24 262
164 217
236 246
30 87
187 188
158 165
270 296
22 254
83 174
107 128
152 219
50 74
118 257
229 297
1 222
168 237
172 255
46 299
16 104
192 220
265 283
110 208
14 74
20 194
93 174
21 296
61 257
59 62
65 232
66 179
170 210
22 258
88 185
230 230
47 86
184 277
14 69
76 85
32 209
63 201
118 133
46 280
60 108
135 208
227 262
73 213
47 164
152 195
160 261
76 212
52 282
228 271
109 196
37 55
20 208
80 297
16 129
116 262
22 36
92 95
130 276
180 272
180 278
19 104
214 241
15 107
43 235
4 215
10 91
43 218
119 184
14 248
74 225
173 214
125 208
63 148
57 107
98 144
11 248
36 139
12 297
37 171
119 287
194 232
215 248
190 296
67 146
172 227
184 286
36 217
137 281
52 253
168 272
8 206
32 226
71 289
66 111
187 243
166 269
159 298
5 38
17 84
101 133
162 210
111 229
153 193
26 79
72 282
78 252
133 154
187 218
20 226
138 262
81 258
210 227
44 97
59 154
238 254
42 231
145 258
98 204
131 242
122 296
10 189
96 291
134 266
26 121
245 251
158 212
140 240
73 214
223 276
96 271
109 148
133 300
129 249
227 297
14 35
61 209
105 112
56 58
101 116
114 254
131 174
67 249
274 274
239 239
159 260
143 239
124 185
132 286
188 209
51 292
76 298
49 241
80 108
109 241
132 227
79 208
232 294
112 206
129 224
147 251
78 239
26 48
136 277
177 267
111 174
83 161
200 268
61 77
91 258
6 269
9 93
73 255
281 298
30 270
12 82
80 115
249 251
42 164
39 143
211 251
257 295
20 154
126 160
19 299
193 255
31 163
140 175
254 290
131 165
23 71
234 252
126 172
30 239
196 214
249 266
28 30
125 189
8 68
21 179
108 195
82 234
232 269
19 144
17 164
40 124
170 229
13 175
21 145
2 124
122 158
1 118
17 165
157 227
21 260
35 180
160 169
163 244
43 238
102 164
156 244
150 213
118 290
99 240
58 132
100 148
118 234
48 294
21 159
5 210
32 92
27 248
82 100
49 198
34 295
93 246
55 150
15 94
58 231
258 283
187 273
151 178
4 86
173 295
97 241
55 263
134 211
6 33
8 87
5 181
60 251
188 271
134 282
264 281
145 203
196 287
31 283
8 128
2 28
188 232
36 282
51 137
120 141
239 295
83 105
171 273
27 56
3 169
7 142
60 193
42 106
135 217
131 264
155 286
258 267
49 295
75 205
85 262
10 138
16 104
160 269
15 224
181 216
76 137
126 274
111 203
261 279
33 176
122 151
31 115
215 243
39 138
102 297
216 245
11 259
120 263
251 283
60 200
103 113
119 193
59 286
224 280
73 180
59 74
62 300
88 202
259 293
1 21
75 92
224 225
164 188
252 284
152 215
198 224
57 102
154 268
86 162
61 241
206 300
77 85
63 213
156 252
50 129
20 109
111 125
278 292
243 265
36 192
20 119
72 191
135 275
178 207
181 203
87 261
12 245
97 234
17 142
46 169
152 228
45 260
15 24
240 272
4 92
173 285
210 279
73 210
44 270
120 262
29 47
47 260
99 292
161 193
76 91
111 253
13 121
155 234
15 130
212 261
25 116
68 213
191 267
62 220
26 171
17 278
74 153
204 285
62 168
82 177
3 121
230 241
9 137
27 261
148 293
31 289
1 223
128 292
119 275
133 254
36 211
106 112
31 116
155 159
41 109
34 260
130 151
58 60
14 97
29 35
44 153
68 269
160 285
88 128
55 147
24 281
27 74
90 95
100 168
113 225
171 174
69 87
51 242
204 240
16 24
117 258
149 261
138 201
43 256
50 244
23 151
40 85
108 230
122 127
42 84
172 264
26 150
59 291
20 288
84 99
12 101
6 207
148 192
30 98
10 260
76 171
7 164
183 187
110 227
104 293
239 271
134 197
91 173
85 232
58 238
145 211
103 218
46 253
22 90
163 174
180 256
258 280
112 183
19 178
79 86
99 188
236 257
149 275
202 254
129 248
41 95
4 62
165 229
162 177
32 155
49 98
69 131
28 132
168 187
23 123
245 275
17 144
139 216
25 35
26 277
21 44
36 75
187 189
129 212
143 252
156 170
6 246
197 288
158 282
43 176
106 217
187 267
32 168
255 269
149 163
33 47
150 273
114 256
200 269
30 252
239 240
169 262
96 217
48 75
236 250
135 237
99 131
124 195
75 258
78 187
137 189
102 145
106 267
15 141
106 108
4 46
125 164
147 203
145 152
122 276
89 156
11 21
206 290
91 166
84 164
133 261
84 262
59 273
62 248
190 199
266 278
45 111
107 254
137 213
48 88
22 41
42 175
179 207
87 275
127 206
87 130
181 293
88 235
153 288
68 124
113 268
48 71
47 205
88 239
70 263
88 274
107 282
72 283
286 291
11 115
136 238
139 185
173 188
5 136
56 120
132 186
10 156
214 216
261 268
233 235
137 263
85 283
43 165
81 119
33 170
14 126
98 286
40 49
109 227
119 263
177 257
122 173
38 291
11 295
135 252
95 142
201 228
187 295
5 193
108 122
94 222
88 184
154 228
166 210
46 49
122 238
101 240
184 213
207 222
71 221
4 273
78 220
68 102
31 221
27 235
213 251
14 133
27 80
134 288
52 70
12 68
205 226
166 290
121 297
194 213
97 277
26 42
203 265
51 198
79 125
7 200
94 176
96 233
36 120
206 275
117 220
102 273
102 271
1 148
54 184
58 228
2 73
167 263
23 112
128 177
54 145
3 254
280 289
41 130
95 183
148 242
30 111
195 204
1 39
25 225
241 246
111 234
123 168
112 165
30 162
263 293
55 71
241 293
44 175
27 100
121 240
114 120
7 290
248 291
25 293
10 76
108 287
27 266
79 172
169 202
67 73
32 161
28 41
29 146
68 109
128 255
53 113
53 295
6 233
122 254
86 93
103 215
1 254
63 143
157 232
24 254
109 292
28 94
1 242
105 211
120 233
168 282
148 189
202 221
94 147
124 238
107 251
163 267
223 253
180 248
25 173
141 240
62 151
7 289
36 77
19 140
59 98
146 257
14 98
29 213
79 198
121 170
52 155
11 190
184 268
22 183
94 230
36 246
104 270
23 140
19 162
27 134
82 213
234 283
186 275
123 212
139 238
144 282
186 300
114 266
98 134
7 60
65 209
118 181
59 79
130 256
65 151
86 123
76 259
110 166
79 225
180 209
163 245
110 214
244 284
36 272
156 224
37 103
133 168
1 88
157 161
87 125
37 258
47 229
209 246
106 223
227 261
10 40
94 267
177 229
18 220
75 140
129 286
135 207
13 164
101 102
32 91
5 154
240 248
97 248
66 132
39 84
92 210
13 235
149 247
192 225
110 267
79 248
9 48
105 170
29 89
207 242
78 262
19 68
108 282
43 120
177 286
154 278
71 150
43 295
154 170
41 121
27 202
183 290
111 218
188 205
192 249
72 175
13 29
171 282
65 238
76 239
104 130
7 219
105 300
185 215
81 247
77 108
61 252
137 148
123 290
45 203
19 133
145 156
34 210
1 264
158 300
152 211
108 115
71 128
55 126
108 192
49 214
9 225
6 153
134 261
55 56
133 159
36 104
127 278
78 149
134 272
70 224
188 297
195 239
31 56
54 126
25 72
241 287
205 234
118 266
195 292
22 238
33 208
13 213
114 202
78 238
157 197
218 285
13 68
3 64
46 252
82 274
252 266
95 197
292 299
152 202
182 223
126 205
165 203
55 232
106 227
108 207
180 226
86 129
11 102
140 267
183 255
151 208
249 279
230 266
195 230
140 180
38 43
67 219
234 290
43 109
63 204
114 239
108 231
279 299
161 263
159 294
95 214
154 253
268 299
112 151
53 56
92 246
9 55
87 217
227 244
193 273
57 104
9 168
88 242
17 214
175 295
188 253
148 297
28 274
1 114
76 285
229 241
118 213
88 222
8 219
213 296
46 239
202 204
52 255
4 213
222 274
59 229
114 197
6 95
134 201
119 159
145 180
191 257
104 124
108 178
15 236
207 250
31 90
119 198
41 71
74 120
78 243
272 298
146 213
123 251
162 203
45 88
95 174
116 130
30 225
146 208
243 286
55 201
84 127
120 297
186 214
6 68
30 240
55 98
91 299
32 202
117 151
128 197
125 292
6 83
199 207
75 279
13 26
141 164
191 276
171 251
95 199
20 80
18 70
217 295
170 281
194 282
31 105
2 27
13 142
112 263
177 235
206 288
19 252
244 287
92 195
278 280
91 273
92 232
3 113
99 176
147 227
42 202
12 66
124 223
38 216
20 117
12 151
207 270
12 88
185 211
103 161
56 149
42 157
35 36
144 239
75 215
256 279
43 139
127 269
28 54
247 251
166 223
22 162
68 201
85 144
103 185
105 128
82 205
58 296
262 271
276 295
112 300
163 293
11 166
131 152
33 75
102 122
87 138
171 258
265 277
28 141
141 213
108 210
31 249
102 198
13 177
50 125
32 260
191 251
46 101
40 65
103 158
48 174
252 290
151 191
103 142
179 229
131 300
11 65
22 261
47 121
97 163
194 240
126 133
95 151
33 236
18 41
168 228
91 260
267 269
188 210
108 228
141 167
84 250
83 148
25 66
145 256
131 170
139 252
113 211
172 225
215 235
26 83
180 236
136 261
4 4
106 229
93 150
17 85
16 107
128 299
43 66
219 297
81 296
43 288
96 170
158 174
13 251
10 228
43 99
38 248
32 53
28 42
19 136
50 155
12 193
67 250
153 203
185 276
82 145
209 270
2 87
224 267
214 263
51 229
205 210
149 158
29 272
199 235
154 159
44 233
185 235
25 157
35 244
229 262
111 285
114 149
45 273
152 185
91 130
170 258
171 263
270 288
146 203
258 268
70 96
219 263
289 298
159 169
87 130
167 187
46 186
230 278
138 290
237 249
63 115
144 233
97 292
102 293
115 156
178 272
82 247
122 186
155 199
63 155
49 205
41 193
51 273
157 245
203 215
41 175
41 116
99 245
110 288
109 270
92 194
94 220
212 253
95 237
26 76
90 183
99 198
91 197
1 95
40 186
151 229
23 254
77 174
15 137
30 46
17 110
106 240
26 32
189 263
9 203
178 287
192 239
142 193
160 239
88 214
96 190
124 140
6 122
107 283
187 213
116 224
55 281
221 277
10 279
8 44
21 198
77 159
242 276
274 279
184 273
87 91
91 144
58 106
223 241
199 259
86 152
171 280
177 255
175 203
21 232
237 263
90 279
25 98
197 254
1 276
41 225
34 231
249 282
236 266
183 229
86 230
66 244
65 242
168 299
260 273
99 123
168 257
33 76
32 34
61 276
57 222
154 218
60 87
185 277
81 168
69 225
138 281
131 136
147 279
149 246
25 84
73 143
109 210
178 283
13 298
102 291
123 179
96 192
11 20
18 227
40 181
90 161
157 286
104 134
150 170
142 256
287 287
274 285
97 299
84 275
27 255
64 270
163 218
23 114
68 232
147 160
111 216
106 282
232 241
2 173
35 44
150 252
116 219
169 273
80 116
219 249
99 273
20 77
62 298
94 173
151 163
156 172
69 236
64 155
70 195
212 220
124 273
61 91
10 81
48 49
70 105
172 212
157 187
146 229
37 218
67 111
79 239
147 194
32 228
40 164
48 244
43 90
100 120
26 92
60 186
75 228
106 109
70 79
39 161
1 257
43 229
30 161
92 279
123 169
35 276
129 178
257 293
144 175
7 159
12 256
70 114
81 202
281 295
27 158
14 238
188 230
151 235
119 178
69 117
202 229
173 219
259 294
83 123
44 50
9 263
196 236
83 259
63 134
99 153
119 129
98 246
32 239
158 259
184 286
149 295
71 173
68 247
84 208
85 300
40 299
80 175
205 216
277 300
127 193
13 111
14 129
25 198
98 175
64 71
5 110
50 272
238 265
181 226
2 6
173 277
145 241
187 286
178 240
208 218
92 296
4 53
20 149
107 249
166 183
170 271
110 239
27 98
98 293
19 186
4 108
23 94
73 280
74 263
11 59
27 87
71 263
8 20
145 153
20 145
109 255
146 257
26 268
152 294
25 118
145 282
155 183
20 250
193 272
11 162
24 149
13 85
162 239
150 294
2 191
17 49
35 169
9 274
122 281
215 215
226 241
6 230
87 293
2 181
54 67
194 251
38 220
115 279
11 214
29 92
289 295
21 107
61 121
69 277
169 186
115 230
24 93
120 193
155 200
30 129
69 122
141 141
53 229
89 107
156 205
82 219
136 246
68 91
62 76
211 296
38 235
130 208
42 45
8 222
8 99
99 109
176 282
37 237
117 269
252 258
61 291
78 231
92 291
54 79
254 285
240 240
74 95
79 297
184 236
174 211
26 173
205 271
43 152
20 112
38 162
91 207
96 243
60 81
102 171
87 267
170 191
9 127
229 259
2 50
174 207
18 271
56 118
32 135
178 189
29 199
291 296
119 131
216 291
139 201
38 159
209 220
67 279
88 209
50 209
196 203
176 178
90 232
134 182
235 243
6 291
251 274
75 108
128 249
214 217
20 30
77 167
77 121
145 269
21 90
162 187
65 214
39 109
202 280
176 177
127 287
138 285
26 216
216 234
37 194
114 217
64 242
21 125
175 259
9 166
84 117
144 167
3 14
5 108
56 160
3 102
201 263
106 228
136 181
136 137
220 253
109 257
76 253
35 269
160 165
76 294
51 274
99 252
122 193
24 49
105 129
128 191
84 246
117 298
110 252
78 217
147 152
95 187
105 245
1 113
43 271
161 164
177 214
66 105
71 258
53 192
23 233
34 174
73 116
33 58
5 6
28 153
28 173
46 117
62 169
95 252
16 91
21 49
10 170
150 208
265 292
163 235
174 182
121 154
98 257
1 237
16 65
136 273
6 205
75 166
40 230
261 287
156 279
54 132
190 288
254 257
24 72
100 190
23 230
215 300
120 120
118 127
149 214
126 225
227 265
202 277
112 121
246 268
171 256
296 297
21 235
94 279
29 106
122 159
241 279
61 193
218 294
209 226
204 258
66 295
31 178
13 198
212 214
161 286
106 177
6 65
85 211
215 272
24 179
37 290
30 72
194 216
250 265
68 190
128 205
96 125
66 144
97 105
74 273
107 279
158 268
32 255
45 102
116 229
179 232
194 260
53 240
35 122
34 146
65 290
45 145
19 224
120 149
107 186
60 273
6 138
47 295
36 179
15 42
21 58
135 260
52 239
41 270
146 154
92 275
69 99
206 221
71 292
25 202
123 202
150 191
270 300
114 140
102 253
152 235
3 131
39 112
44 182
15 219
92 204
81 209
82 180
25 254
131 235
262 277
40 183
80 247
24 67
3 209
1 96
211 283
69 86
25 191
14 140
2 90
192 203
120 192
28 162
24 239
204 221
211 265
62 206
182 267
61 226
177 244
242 285
133 175
38 49
245 285
241 289
166 200
85 104
77 113
105 236
52 192
127 132
43 240
74 157
79 275
80 200
38 126
53 143
240 300
28 251
51 175
142 298
33 94
5 98
136 265
89 264
24 234
220 254
98 210
169 268
229 254
248 279
168 293
45 177
71 280
91 196
37 116
3 286
86 249
3 110
160 244
26 47
111 205
16 52
104 298
94 159
206 267
78 235
93 242
135 175
77 90
115 127
66 103
234 267
8 169
231 237
38 131
200 279
144 258
85 210
187 189
136 157
70 248
46 121
89 232
37 259
50 297
66 118
10 178
70 271
71 129
4 6
71 256
232 276
44 258
126 194
170 277
155 212
149 255
145 277
63 164
179 249
77 284
44 184
21 181
178 264
47 72
151 258
105 274
32 244
260 273
98 102
104 157
150 235
162 282
60 112
6 121
243 249
133 166
54 99
2 201
17 289
108 257
46 286
114 153
35 195
83 127
7 40
178 178
10 110
10 62
59 169
40 161
63 70
117 152
17 69
35 123
197 269
14 109
116 201
52 124
119 209
90 128
81 95
5 59
137 175
17 298
18 274
5 54
77 148
160 198
11 112
241 241
31 130
199 277
211 226
161 270
109 153
166 297
120 224
32 294
35 179
22 279
14 200
159 294
43 82
6 278
13 108
90 111
26 80
53 220
40 68
74 155
53 125
76 247
78 94
275 296
93 222
4 170
12 276
101 192
88 282
165 288
41 207
108 134
259 296
127 162
256 274
56 227
16 218
73 168
113 215
52 161
74 142
10 72
33 82
31 57
15 180
171 206
36 180
184 259
9 139
24 251
38 69
11 155
111 163
64 112
129 156
49 288
1 92
69 281
135 288
194 221
73 110
68 254
3 107
213 283
16 30
29 93
33 63
36 223
8 168
261 295
272 284
72 208
64 279
32 178
181 192
56 152
156 203
154 230
10 157
112 229
196 199
167 225
59 160
239 244
195 260
133 147
18 102
10 73
48 283
98 217
21 104
212 280
116 183
88 154
136 168
7 15
104 267
111 164
86 238
139 299
40 133
175 204
89 265
192 206
122 164
128 236
203 226
141 244
159 213
34 154
29 215
87 240
61 293
46 116
27 242
206 208
124 244
29 260
19 187
81 224
154 174
117 299
92 240
4 274
120 283
6 251
102 194
52 117
144 166
4 169
51 150
20 179
208 225
88 280
41 122
204 272
19 205
38 185
43 60
85 116
219 221
27 236
95 114
103 254
14 50
11 299
266 291
256 269
121 147
102 182
68 75
33 217
129 273
69 162
169 224
63 258
209 239
109 176
30 128
20 237
239 281
119 245
64 184
247 300
213 282
95 172
47 175
53 243
126 284
68 299
181 241
14 81
38 194
115 283
194 219
250 279
74 110
72 281
185 261
201 258
18 103
45 280
226 227
115 152
89 200
11 105
220 260
175 256
166 189
124 290
85 152
143 259
46 110
195 284
103 130
125 211
154 254
99 103
200 201
55 136
142 189
78 119
116 299
80 234
52 91
59 123
210 244
58 255
95 148
155 268
134 228
62 98
106 165
81 226
121 264
77 244
178 180
36 232
56 275
174 226
30 255
79 105
162 207
190 215
285 290
217 218
195 206
4 119
103 217
18 238
48 191
234 281
68 90
181 274
5 209
139 283
37 101
118 262
104 220
3 199
119 142
9 46
28 152
106 242
20 270
238 244
187 291
198 260
37 40
32 100
61 138
163 255
126 259
34 221
120 257
259 285
140 253
26 84
1 226
51 249
19 50
42 50
224 230
112 248
115 241
94 223
123 193
51 113
21 40
195 276
172 242
53 207
47 135
220 249
48 79
85 261
13 112
77 240
47 82
31 128
23 258
38 240
117 279
19 152
34 255
162 288
258 289
107 198
7 262
156 215
161 247
194 209
57 124
113 292
49 128
92 111
108 132
199 251
8 29
130 177
37 175
94 121
181 256
68 168
6 234
132 210
175 227
137 246
95 297
172 272
50 106
13 179
160 253
132 294
49 68
46 292
88 194
18 118
39 92
23 23
41 148
1 22
53 127
175 218
119 153
57 134
114 261
279 284
137 140
109 141
68 212
44 216
151 284
32 41
200 299
30 216
74 244
65 79
132 174
175 195
52 135
192 202
51 211
25 34
156 218
24 163
289 289
24 191
115 211
70 182
80 118
30 224
43 62
61 287
4 8
126 141
5 236
237 288
57 72
67 204
16 27
283 293
28 142
98 160
100 207
114 289
128 226
211 221
2 242
144 202
93 208
57 229
102 183
48 177
252 271
165 244
105 150
194 199
11 140
9 271
35 143
65 226
47 286
119 119
73 78
252 253
141 278
222 239
61 219
71 178
68 194
77 145
48 115
170 285
110 278
143 205
92 297
56 267
54 161
48 205
115 187
6 178
52 268
103 235
104 143
5 31
185 300
7 258
11 215
93 288
74 300
234 298
70 125
18 235
96 179
128 298
1 67
55 184
52 117
230 263
215 254
51 239
116 252
51 158
119 287
195 246
244 274
254 291
108 222
70 179
148 180
4 181
216 266
71 274
30 148
154 191
112 276
2 51
174 209
96 288
80 284
53 253
68 277
118 147
209 288
58 284
14 51
116 285
139 148
46 155
63 193
73 274
33 169
131 294
80 230
12 137
287 290
32 140
39 77
93 177
85 159
258 263
66 166
176 199
112 281
3 85
209 281
12 267
98 290
1 124
46 212
82 149
246 296
93 285
189 247
65 167
59 189
164 273
194 262
224 242
116 194
107 200
17 182
156 202
50 276
51 174
70 161
58 260
62 245
121 236
2 186
115 171
37 95
10 11
99 236
50 113
83 267
114 210
7 38
84 205
155 273
5 228
62 247
273 286
222 275
40 99
27 198
13 206
43 123
134 275
78 194
25 206
67 110
78 291
56 223
101 235
160 195
131 132
91 249
123 131
103 263
60 249
11 54
186 235
35 291
261 299
221 258
76 94
19 154
63 107
132 183
2 148
24 257
86 223
123 197
89 251
49 177
64 205
38 118
262 277
5 138
131 179
4 210
59 216
81 244
101 111
54 136
122 196
212 295
113 245
153 248
197 300
114 268
209 257
123 254
27 216
56 237
183 219
119 280
130 192
4 235
220 259
188 202
69 71
18 45
20 103
180 274
58 175
55 244
177 184
65 166
218 291
131 198
67 263
19 35
13 90
12 100
138 274
187 208
4 109
100 221
179 213
79 161
36 104
103 136
100 188
175 253
124 155
35 287
247 289
11 217
145 202
108 125
61 97
103 271
123 247
233 298
155 182
112 188
81 186
192 263
76 286
20 213
23 86
103 120
75 77
37 150
118 214
70 92
52 163
16 26
282 288
36 262
184 288
33 167
42 127
126 265
183 200
69 70
54 244
219 234
77 184
12 164
100 252
41 219
14 192
46 118
47 173
275 297
25 291
53 111
112 285
258 262
158 193
72 256
45 109
66 204
57 189
20 177
248 254
184 211
218 265
35 112
53 293
107 257
168 190
191 293
162 162
222 261
25 177
17 218
73 203
74 256
77 291
114 130
81 236
102 198
161 275
256 285
152 178
33 88
13 75
81 228
141 198
94 252
230 286
111 194
215 266
28 141
34 199
77 175
127 193
36 111
24 231
97 272
105 296
104 230
1 127
12 111
65 111
192 206
137 242
147 183
17 125
187 270
101 158
204 215
109 127
58 152
130 287
1 177
138 247
2 139
25 212
75 276
50 135
52 113
37 84
208 230
125 244
162 212
106 267
30 59
116 213
67 213
228 284
26 75
171 281
179 241
40 47
166 174
34 127
181 286
53 251
196 298
58 261
23 190
250 280
46 145
31 68
222 299
21 144
27 106
40 135
11 204
291 294
107 164
153 172
184 293
69 72
58 105
99 189
228 291
142 202
93 223
92 104
52 63
27 66
15 125
79 126
207 208
60 93
139 282
117 142
80 147
27 226
90 167
6 76
63 80
225 255
212 251
42 205
274 282
66 125
280 282
100 136
37 68
103 287
2 82
230 285
3 83
103 177
212 296
53 220
18 175
63 78
141 162
96 175
28 264
192 197
57 113
38 73
86 281
53 77
72 258
238 238
40 244
93 117
146 212
157 269
147 180
84 84
109 259
205 229
30 277
167 257
115 190
224 269
187 272
163 232
155 214
12 271
194 256
28 111
146 260
9 149
200 296
278 291
220 286
54 82
4 219
125 293
86 233
84 295
54 127
178 199
171 187
63 84
193 239
281 290
105 180
117 182
95 202
288 289
14 59
33 49
32 215
38 103
243 283
17 288
57 71
23 69
73 88
193 207
15 142
174 240
69 253
74 138
157 253
126 237
169 193
72 152
98 222
158 166
118 155
126 245
239 293
179 237
195 283
82 111
64 100
33 287
36 92
86 226
173 246
117 117
38 179
33 100
4 294
29 298
127 164
183 278
36 54
220 246
109 139
83 282
83 212
14 159
179 262
174 269
241 266
24 46
17 267
73 186
34 75
243 245
204 223
156 198
158 226
17 135
67 256
268 276
206 226
12 228
185 223
1 244
225 227
38 268
48 135
76 90
58 242
29 291
28 188
174 287
130 159
194 201
10 246
36 106
67 226
61 232
103 121
45 53
121 259
29 238
197 198
25 192
101 109
228 274
260 284
79 258
202 208
97 167
105 149
127 233
273 275
248 249
113 148
137 205
216 237
4 128
215 272
13 38
68 96
4 255
153 208
203 286
64 278
170 241
51 270
171 241
101 205
180 239
91 218
106 232
150 288
104 116
175 297
29 172
105 182
179 260
38 70
119 300
55 196
74 125
155 291
124 228
265 297
65 96
63 270
52 197
143 153
82 175
14 67
13 97
2 300
158 207
2 293
89 268
83 101
205 284
3 92
65 187
241 298
202 220
195 248
267 278
114 278
12 79
5 194
12 40
277 294
23 259
66 150
141 169
72 202
208 281
41 260
78 153
49 253
110 191
52 160
14 280
215 279
237 280
210 267
211 234
29 250
7 180
136 224
24 203
213 298
86 104
138 260
24 205
40 285
26 77
145 299
3 290
145 193
158 239
66 231
25 64
73 76
76 138
88 201
101 283
210 212
49 92
221 262
210 259
115 126
70 176
15 261
230 247
72 257
109 273
9 112
10 284
219 274
23 40
46 179
211 238
33 223
222 248
68 197
36 154
82 265
116 176
75 87
32 195
99 125
74 119
86 212
48 187
146 275
89 117
164 283
24 74
32 279
129 257
80 80
5 130
161 207
2 271
41 184
95 263
127 184
63 232
70 190
140 173
192 222
114 286
36 280
181 259
130 191
133 149
76 162
14 71
128 173
5 200
127 200
149 245
42 222
38 201
64 200
258 274
164 198
17 286
281 290
156 276
128 241
58 95
113 168
77 236
48 103
65 207
165 245
54 121
199 246
48 178
190 228
149 274
170 283
5 169
82 156
126 132
106 211
71 114
156 225
17 225
109 232
211 285
90 94
33 168
104 167
121 137
51 280
84 130
6 194
126 187
93 167
81 268
40 155
199 245
249 256
172 191
23 38
97 241
117 262
233 268
147 197
184 282
53 300
26 118
106 289
233 252
51 206
105 264
6 266
66 283
6 202
122 268
111 299
139 234
107 158
99 206
277 278
84 286
125 229
109 183
14 29
165 268
107 137
73 244
211 242
91 190
60 130
18 32
4 271
106 287
74 248
49 66
155 287
2 8
99 243
106 181
262 279
11 267
72 280
104 280
59 172
58 206
73 85
113 171
71 229
46 72
139 208
81 254
16 142
65 292
41 41
198 245
156 181
118 239
93 139
133 140
73 188
33 104
239 267
19 120
17 18
207 237
203 222
128 300
205 265
22 188
120 296
89 278
88 109
25 119
29 174
29 32
122 202
2 183
50 206
39 179
47 198
97 278
136 249
111 298
59 172
2 64
131 191
29 116
271 273
61 130
30 117
277 280
100 212
88 278
54 55
8 23
92 149
122 143
68 192
139 227
82 235
29 244
63 264
199 271
138 254
167 229
175 225
91 92
219 291
183 254
289 294
284 284
37 180
153 181
49 64
101 140
145 155
42 120
128 220
69 188
274 299
21 37
3 219
73 294
136 221
81 90
43 115
9 237
7 65
3 236
46 238
58 108
74 259
21 154
2 197
36 274
250 276
10 85
177 200
20 288
32 277
223 233
7 28
158 296
128 222
159 232
118 140
101 215
24 222
116 125
124 177
102 126
25 76
55 213
244 297
242 249
24 56
94 237
133 150
189 227
51 246
105 123
103 214
126 156
142 192
125 163
20 240
49 266
30 38
33 242
71 300
146 271
177 182
36 129
70 104
87 200
153 227
78 287
26 141
112 209
23 105
64 292
104 219
166 272
76 267
21 70
57 180
211 281
80 233
28 138
134 293
233 282
152 286
109 189
22 117
52 167
231 292
128 278
111 159
64 141
54 158
87 162
50 81
6 260
122 181
84 88
120 233
9 29
53 143
4 231
189 230
105 183
49 83
2 206
139 265
109 272
79 144
223 260
119 149
33 93
6 128
35 152
271 275
166 277
41 118
233 246
38 125
70 124
5 177
263 294
65 127
5 77
128 237
92 266
22 163
85 99
157 252
13 74
163 274
36 165
193 286
90 160
82 100
22 115
82 233
164 169
94 285
103 182
70 111
131 188
34 156
119 281
73 107
262 285
112 161
244 292
183 276
7 14
107 219
148 299
5 116
253 291
95 226
46 197
49 73
27 34
11 255
235 300
50 162
7 288
185 300
27 68
237 257
127 232
175 298
39 174
76 254
235 293
86 166
24 27
140 157
91 104
87 178
21 57
45 188
52 229
81 116
140 142
188 240
56 239
92 138
134 270
7 53
37 160
144 241
87 100
51 111
32 81
44 235
13 159
117 265
109 234
79 264
47 191
116 267
57 112
214 281
138 251
125 276
25 130
136 207
62 295
178 268
17 93
247 268
202 278
39 44
59 65
219 259
65 74
58 73
64 66
4 143
160 282
103 291
97 293
31 35
32 128
96 181
117 167
82 289
235 259
62 99
197 266
24 157
93 276
128 202
3 12
223 275
119 284
78 184
18 61
26 168
140 167
230 254
141 269
8 139
150 184
99 121
67 261
19 163
74 83
103 272
204 296
90 254
234 236
72 238
15 49
177 177
40 258
201 237
1 238
36 155
165 286
52 236
118 272
130 293
132 296
124 275
19 295
9 293
16 296
11 218
5 92
32 45
231 298
74 93
167 221
208 210
127 189
137 218
59 187
119 252
28 86
246 293
63 82
3 268
185 221
176 256
84 201
52 230
42 48
18 254
58 96
139 200
11 219
44 285
58 74
72 178
99 257
12 150
76 140
229 263
7 254
62 269
2 243
118 283
81 253
70 205
153 290
7 163
4 171
21 192
40 51
255 278
72 228
80 187
106 225
194 243
128 290
115 299
44 164
178 298
64 147
191 299
62 102
247 275
182 270
3 181
6 82
29 115
242 286
99 272
135 237
193 250
141 226
14 57
212 244
241 297
195 278
89 119
141 232
61 286
109 170
198 266
73 102
57 141
63 186
40 216
63 69
167 191
7 182
5 272
99 105
20 56
180 210
94 187
64 283
238 285
65 256
102 281
5 145
152 158
215 223
35 263
129 223
5 293
256 273
153 220
162 292
103 298
50 140
51 296
57 144
20 175
102 162
21 245
199 269
31 207
13 245
23 135
89 98
89 241
99 241
16 118
70 171
116 274
6 244
123 209
6 101
236 251
31 154
121 245
158 247
176 176
88 163
158 281
4 148
89 286
71 100
133 211
90 202
264 292
175 248
46 233
126 182
4 263
121 234
20 150
5 129
140 208
46 168
56 251
29 259
139 179
40 292
66 173
1 293
106 187
21 117
131 260
119 181
6 214
61 160
62 166
75 291
132 299
30 42
184 296
133 246
131 196
12 258
128 184
32 295
129 236
91 167
140 211
215 268
128 243
245 295
83 100
39 300
98 253
99 214
13 219
33 141
36 289
67 278
62 122
240 275
30 240
96 220
187 217
48 155
29 134
27 82
217 286
45 58
70 250
187 187
210 223
65 141
154 236
132 246
35 205
87 156
123 235
84 199
131 156
35 186
163 242
35 41
278 296
2 259
189 190
148 177
15 105
78 284
57 138
182 208
24 291
38 82
90 300
212 229
2 26
47 288
108 231
181 181
3 263
22 120
115 220
134 154
141 298
35 80
15 215
13 191
8 191
10 42
14 113
49 154
96 123
66 274
87 225
151 214
18 131
230 234
59 205
147 209
25 82
70 194
127 197
7 58
127 147
20 230
109 247
35 125
42 92
75 79
130 179
125 187
41 181
165 206
79 98
17 226
158 205
193 293
31 44
23 102
62 101
66 137
178 203
165 226
112 134
28 218
119 195
178 211
8 149
198 291
37 73
42 256
3 62
27 277
131 198
154 199
116 196
177 210
58 182
93 157
38 204
180 224
128 238
150 287
260 282
203 243
67 192
281 282
86 157
44 250
210 285
42 284
103 197
183 214
5 239
55 239
104 202
41 153
44 145
191 214
3 52
54 162
32 112
17 195
5 21
64 84
127 256
45 251
95 258
100 294
265 295
60 91
64 265
100 246
279 279
100 159
20 126
53 175
186 250
38 280
34 165
14 275
109 223
176 273
136 172
14 138
18 176
39 71
32 283
98 202
14 193
97 273
47 290
96 131
78 122
220 300
154 280
202 239
71 156
261 276
48 160
31 59
83 171
34 233
222 277
170 202
43 294
72 173
79 117
1 173
97 288
44 280
17 271
31 225
169 228
114 115
82 144
6 176
161 165
163 211
45 130
184 247
104 110
24 26
101 271
76 204
67 237
15 212
142 177
208 290
76 282
81 101
41 122
186 235
122 153
7 21
114 126
194 239
101 160
61 205
36 261
271 279
135 238
238 296
151 291
42 198
43 207
129 287
122 220
59 122
150 226
153 184
237 300
49 214
35 289
98 266
5 48
15 292
36 259
228 271
12 270
14 69
41 258
17 117
144 225
11 134
201 279
68 208
72 76
45 218
10 257
169 279
195 253
197 222
137 165
59 134
47 238
103 181
63 277
168 210
63 104
71 190
183 193
56 200
3 182
55 91
4 81
89 287
53 142
48 121
13 94
215 263
88 135
97 228
99 263
105 290
140 248
25 193
141 288
102 212
2 5
170 222
254 299
255 274
138 300
88 111
96 226
20 83
66 267
141 234
30 86
215 225
238 264
278 293
17 223
235 284
57 228
108 198
169 277
3 238
138 294
112 116
164 229
231 290
92 137
219 286
21 61
76 149
49 185
64 174
69 257
75 211
125 130
67 84
98 250
93 113
51 202
108 149
50 251
62 147
85 230
24 286
197 262
119 250
113 294
103 195
8 138
50 181
122 140
140 161
24 102
77 253
26 99
156 190
52 245
108 150
54 238
149 260
125 275
123 176
152 233
82 170
3 139
237 258
240 258
121 244
38 99
192 284
69 196
214 267
135 229
154 180
45 239
115 253
49 210
16 98
104 132
105 227
58 69
186 290
111 119
110 197
108 137
46 140
35 106
183 191
58 187
7 99
122 225
81 246
125 289
203 291
77 219
235 274
12 195
60 291
59 214
44 55
21 259
125 168
78 183
140 266
26 93
160 167
252 278
47 188
56 126
44 112
200 294
39 254
41 269
121 267
12 210
53 273
24 243
83 260
229 258
17 29
239 294
14 201
93 279
62 213
66 299
21 249
1 76
228 255
101 176
101 164
178 287
263 287
31 41
54 142
151 165
156 262
226 273
43 175
200 217
228 267
3 237
71 222
246 278
190 206
225 280
16 266
92 105
30 179
9 129
9 12
153 239
129 207
193 222
50 284
191 224
68 138
11 170
145 247
55 124
21 248
1 156
210 293
115 245
206 236
42 43
12 112
273 280
60 173
71 96
18 178
128 264
257 299
60 115
27 133
91 285
52 60
160 272
58 151
56 148
253 267
60 97
32 290
9 208
211 215
97 100
68 134
124 226
150 300
46 115
102 115
168 216
273 298
131 291
80 229
20 256
200 200
84 275
66 255
185 272
66 101
79 199
224 239
177 221
55 222
127 178
38 42
280 291
27 137
179 272
111 128
211 274
214 224
67 189
166 259
11 139
30 231
134 157
74 287
5 96
177 270
140 146
58 138
89 142
14 264
194 212
34 232
242 299
6 6
23 142
34 273
198 202
114 285
99 170
244 278
92 131
119 243
84 160
198 209
228 248
17 95
68 131
27 182
130 256
16 90
166 229
261 269
32 269
27 40
27 151
74 278
58 84
48 223
92 219
10 231
151 233
135 276
83 120
182 273
22 289
168 291
210 219
125 226
105 242
128 161
80 82
29 275
139 265
118 293
142 180
189 236
118 243
55 294
35 100
1 159
27 109
91 276
146 244
158 203
57 259
157 234
202 233
237 237
181 277
93 168
35 275
143 229
49 192
11 285
214 243
138 218
33 213
62 85
198 263
149 256
104 179
23 147
179 224
111 206
70 193
121 298
63 109
72 249
113 181
12 199
139 281
130 299
244 279
146 201
79 253
21 118
159 178
133 290
90 234
96 117
233 236
102 125
1 200
248 258
165 215
103 275
68 105
232 259
37 280
88 216
70 147
50 222
79 181
25 94
14 282
73 96
20 206
231 269
29 175
255 285
14 23
31 72
83 285
109 288
123 166
84 277
85 232
138 233
77 283
188 213
43 194
73 240
63 246
65 274
30 38
101 201
13 176
6 261
74 108
22 167
30 160
49 283
53 182
148 230
22 112
32 152
165 218
78 286
29 182
164 279
10 273
20 170
65 156
80 137
75 256
27 112
43 158
22 190
54 285
4 211
27 102
28 62
212 298
104 241
21 91
197 257
53 228
166 260
71 137
106 153
168 275
156 240
13 130
36 273
145 229
72 177
82 299
15 198
74 146
148 212
84 242
141 238
7 47
54 101
236 299
166 169
150 254
12 133
105 122
97 216
20 203
123 140
78 156
126 161
203 230
15 128
57 96
148 197
115 291
79 268
48 96
100 225
140 226
211 277
111 148
197 290
181 275
56 246
201 265
72 93
270 288
91 119
252 261
33 238
165 178
6 26
63 256
194 243
23 153
24 141
236 269
234 261
41 107
87 258
62 239
10 165
142 146
24 111
182 300
146 276
235 299
122 271
130 257
41 178
127 171
156 241
73 290
145 175
29 167
128 206
132 239
64 217
25 60
37 153
126 146
104 282
47 226
267 274
99 102
115 180
53 102
184 279
234 266
67 296
115 217
206 210
3 267
8 248
150 261
5 15
24 80
36 68
62 270
25 123
56 217
106 271
2 213
35 81
183 218
49 76
40 182
51 66
183 240
149 210
143 257
2 107
95 237
29 60
73 259
26 112
13 258
54 221
196 206
181 254
217 243
77 239
187 268
69 297
71 243
163 167
12 102
47 134
24 115
229 261
62 173
107 173
4 11
9 108
22 211
63 105
151 220
86 243
21 262
257 259
41 254
211 271
171 212
284 288
52 118
89 271
26 294
87 257
188 190
20 286
140 222
72 209
103 191
141 236
36 56
116 227
30 279
57 279
122 168
4 16
60 88
52 60
31 69
32 264
117 297
78 146
202 255
19 200
153 282
89 133
170 255
210 264
81 274
152 163
170 262
141 214
151 194
127 293
148 296
4 96
1 247
234 254
107 228
21 223
33 158
55 172
251 279
49 174
75 246
187 239
155 166
85 182
80 245
14 56
106 226
32 246
6 168
193 257
49 289
126 216
54 105
71 154
213 242
32 198
69 212
52 286
76 277
192 285
79 259
9 140
49 213
268 281
25 105
97 121
191 292
126 246
8 16
24 60
60 244
148 298
43 206
225 239
226 277
39 101
190 202
53 180
16 135
12 47
120 264
114 140
111 166
153 293
32 94
82 228
127 237
106 113
208 211
89 280
42 220
68 151
172 187
6 68
61 195
18 81
176 230
12 241
16 101
25 50
58 62
26 120
55 129
9 86
16 219
62 255
60 114
173 253
204 278
145 151
1 280
181 279
67 290
150 267
58 244
225 264
76 174
5 163
163 186
239 284
46 172
6 132
204 297
112 197
12 118
141 191
10 164
196 264
106 227
46 191
134 239
152 155
58 159
227 267
20 231
90 253
45 57
55 91
85 157
165 177
70 175
187 214
191 281
54 88
105 198
149 215
188 222
62 161
14 55
10 101
3 153
124 298
19 141
114 287
150 224
32 175
46 210
181 249
197 250
33 239
93 151
52 105
120 250
69 263
16 256
118 143
46 125
6 208
69 271
37 71
22 166
94 292
135 161
157 239
184 253
25 272
32 278
60 79
102 118
65 261
165 180
142 142
144 181
242 270
233 253
109 172
48 188
67 264
54 104
91 184
7 26
293 299
2 118
187 194
53 176
88 109
154 179
13 195
44 187
68 291
115 123
190 275
14 209
267 277
17 244
10 100
15 284
153 297
213 271
181 211
58 257
121 247
123 128
91 134
79 223
39 103
3 270
200 216
73 89
50 133
29 197
163 264
171 291
176 291
79 165
189 226
205 297
197 246
60 114
9 187
156 180
252 288
219 256
89 245
217 268
162 185
81 120
150 291
26 87
6 52
19 245
64 246
155 170
182 290
4 187
105 216
76 241
145 242
218 270
279 297
177 192
98 167
33 207
22 184
63 145
30 107
197 259
2 273
150 293
28 284
56 117
168 254
111 112
149 286
103 295
97 170
3 42
139 161
17 78
143 186
109 260
25 212
58 224
51 124
86 294
43 61
37 289
71 92
67 273
88 186
10 74
117 173
157 170
220 299
134 266
26 97
7 222
153 298
43 128
238 294
142 231
48 65
199 216
158 263
42 167
119 132
36 185
72 188
44 80
162 202
81 102
126 247
146 149
80 193
153 185
40 251
78 104
1 184
202 222
156 160
200 238
53 201
25 175
173 236
180 220
120 240
23 73
147 229
47 179
217 217
22 254
57 110
26 190
33 112
40 80
16 160
135 287
52 238
27 161
59 125
225 278
138 173
119 156
174 225
93 294
61 229
100 270
91 215
149 184
205 214
79 145
236 270
37 142
76 248
44 217
18 130
40 290
17 121
62 182
9 192
32 237
167 231
97 106
133 293
226 271
24 270
161 184
14 220
51 219
17 114
88 112
16 268
15 59
178 193
147 177
136 290
16 55
98 246
79 136
257 278
85 174
95 246
7 226
100 282
162 191
69 103
149 230
89 144
39 127
11 68
243 293
11 81
14 196
63 299
12 116
60 154
228 285
63 125
2 248
239 280
165 231
151 161
64 286
65 180
61 178
119 190
73 154
122 277
34 263
130 180
147 217
86 299
24 119
62 202
54 120
218 259
140 293
159 252
27 126
11 16
44 256
87 222
26 252
62 237
58 134
10 89
76 177
55 204
270 293
115 261
13 200
98 157
35 186
158 287
118 236
92 294
73 150
235 278
118 143
79 156
236 259
160 299
221 268
127 208
123 178
209 272
135 215
129 152
5 240
108 271
164 268
189 293
160 280
11 272
115 210
155 240
34 245
19 37
7 186
182 190
24 92
123 294
159 253
168 263
270 272
22 220
115 159
109 134
12 124
20 69
173 189
60 102
76 260
161 265
182 187
37 265
63 93
102 299
233 270
8 78
45 212
13 238
96 136
189 240
29 280
6 192
107 284
153 223
133 209
87 113
52 131
33 210
60 229
74 158
7 11
34 239
242 291
36 63
29 40
91 136
105 161
159 166
16 278
73 220
8 145
57 87
84 296
38 155
48 141
3 44
299 299
220 276
21 103
81 134
76 93
56 68
61 144
218 231
101 132
31 145
121 128
99 198
137 150
77 229
82 252
178 218
124 258
10 124
84 259
46 202
63 96
23 280
34 141
186 223
145 209
124 128
29 254
113 163
201 294
67 238
121 252
85 156
15 91
24 151
148 157
105 158
233 299
5 76
57 69
87 269
49 250
46 129
116 289
124 157
207 296
68 279
154 171
18 267
142 258
257 280
201 275
197 268
89 196
60 145
81 260
144 259
117 267
114 190
147 247
271 288
100 144
208 276
245 287
27 231
143 235
12 189
4 59
208 234
105 252
68 83
37 163
72 82
12 141
199 268
108 232
126 266
50 59
97 223
75 197
25 79
67 158
7 212
102 251
31 46
135 241
96 189
78 209
85 201
200 247
212 270
195 211
69 248
84 214
47 112
6 15
31 98
223 289
158 261
24 63
26 133
42 148
119 164
144 297
6 227
61 201
66 168
22 102
150 181
121 243
96 283
84 223
259 274
21 77
48 190
93 144
157 171
143 281
17 106
24 104
154 212
1 293
167 205
120 216
102 254
42 296
76 147
135 165
135 205
85 169
216 247
20 241
99 248
63 168
84 171
36 271
127 137
37 78
29 118
66 272
26 62
63 182
199 262
174 297
39 203
89 176
25 222
71 255
232 239
121 198
85 199
94 238
221 243
18 255
146 157
50 258
79 189
96 277
93 238
69 154
26 258
247 290
70 73
127 127
97 260
16 133
149 218
66 104
151 273
21 272
98 163
15 207
37 117
53 114
139 294
139 223
161 161
77 207
101 260
32 124
93 264
174 189
11 91
282 284
65 76
42 264
58 276
127 218
50 85
74 88
33 262
47 184
40 284
40 41
63 248
68 155
12 59
109 129
15 38
10 140
76 155
51 182
217 270
23 85
21 196
112 221
161 220
79 141
110 299
194 289
20 267
229 258
43 43
8 81
202 290
92 258
79 143
192 228
47 247
101 189
53 101
8 276
23 32
25 47
213 234
64 83
86 127
223 291
209 256
142 245
242 247
75 99
23 284
230 269
64 192
20 293
7 35
7 180
93 290
161 208
23 53
27 115
170 250
141 270
222 252
66 218
282 292
72 98
47 87
41 191
68 177
204 253
171 298
36 145
251 282
153 199
12 150
99 270
32 123
3 178
207 288
64 207
135 296
110 209
29 186
216 248
189 203
102 134
69 227
129 147
196 206
122 298
124 163
63 230
128 233
86 143
4 250
100 151
97 174
11 128
129 187
135 144
192 291
278 286
60 111
76 214
241 276
107 248
107 253
78 261
61 286
5 242
128 134
88 198
119 268
132 230
92 129
26 210
188 230
65 204
131 296
89 263
51 196
67 119
57 299
207 264
243 250
83 174
121 121
43 296
110 224
175 182
36 187
214 248
35 176
274 293
108 121
146 246
200 239
129 170
154 259
60 133
148 193
142 249
22 157
298 299
20 261
54 206
10 64
28 291
69 193
107 221
44 44
154 297
91 247
208 253
222 287
31 263
106 228
63 190
90 196
263 284
143 255
188 203
93 101
82 159
178 222
121 276
192 267
64 266
154 183
55 149
106 286
91 297
62 230
78 106
122 125
79 130
8 182
171 295
33 38
111 236
142 242
55 209
49 269
30 135
114 212
253 264
21 23
27 152
83 286
201 257
99 166
210 292
25 174
45 115
217 233
165 299
71 247
99 284
1 72
144 274
25 44
4 178
100 223
61 248
136 148
111 179
178 259
58 109
180 270
12 38
58 65
93 124
202 296
5 212
216 296
272 280
73 76
20 175
130 272
223 244
77 248
177 249
115 134
162 224
175 291
222 292
30 200
8 270
189 296
187 249
16 20
90 143
204 241
15 204
99 186
29 139
251 290
23 181
21 205
208 209
146 297
51 165
28 294
8 104
159 288
134 174
13 187
180 289
44 165
76 239
26 125
135 143
144 199
22 45
54 87
194 223
74 198
133 296
92 156
176 212
59 279
57 247
83 140
7 178
181 272
28 167
92 234
7 292
293 300
9 176
50 109
170 291
61 285
171 210
42 239
20 285
137 182
20 246
86 268
136 293
125 203
104 155
275 284
191 216
198 199
252 252
88 102
21 212
43 147
143 182
89 135
81 190
130 225
33 244
89 92
24 105
233 264
184 226
56 172
177 264
13 54
62 163
211 233
149 278
56 162
118 187
139 256
178 222
13 102
142 273
59 241
110 246
178 251
291 299
126 175
167 190
66 240
170 205
167 232
123 280
210 242
180 283
44 251
104 204
108 133
249 267
16 54
140 170
176 226
26 288
92 287
114 165
9 105
24 277
37 268
45 170
88 257
189 234
88 275
197 265
109 215
117 200
24 247
55 88
106 151
107 114
130 220
127 231
48 242
41 289
9 96
46 237
97 115
37 149
133 223
41 92
45 93
146 250
71 232
19 181
105 146
72 206
108 243
81 227
119 143
199 272
68 120
216 267
129 201
77 120
212 216
62 251
72 279
23 81
238 289
38 121
62 242
134 281
13 104
93 169
136 245
31 261
127 146
30 164
225 231
36 175
75 152
191 233
38 233
8 180
39 121
84 162
87 290
103 206
225 232
150 269
139 150
1 119
84 87
57 193
75 272
125 274
79 183
98 177
191 258
76 83
161 174
28 284
1 173
27 287
41 168
166 203
160 190
178 271
83 299
223 273
56 129
51 233
174 183
154 252
148 296
152 282
24 144
15 300
214 222
66 80
73 153
88 208
69 81
33 181
113 228
193 246
44 214
300 300
5 278
248 248
1 144
79 251
124 240
248 250
4 193
215 230
16 148
110 289
217 290
36 203
19 233
182 295
105 126
98 179
46 231
147 259
143 180
123 249
108 266
20 136
148 292
200 283
131 171
67 255
97 252
207 293
159 179
5 195
167 215
80 176
186 197
56 123
75 122
98 272
109 181
71 215
109 112
226 290
18 35
184 270
196 268
106 190
117 214
6 290
61 204
70 95
21 100
52 276
69 183
42 169
172 246
216 280
61 78
75 75
82 265
216 283
108 203
10 77
139 275
24 76
35 136
27 190
235 296
71 224
262 279
163 246
92 273
113 240
197 275
201 294
2 231
25 156
50 240
74 214
148 207
160 243
123 134
77 262
227 282
108 123
60 296
87 108
105 176
192 204
212 286
202 252
177 227
214 236
109 224
2 252
3 143
157 248
275 287
73 125
132 201
176 213
6 268
19 280
281 285
128 214
112 246
96 294
71 266
132 278
101 248
170 279
185 188
18 234
13 184
2 38
240 279
15 181
141 294
255 279
24 219
61 99
1 267
34 55
13 181
39 192
30 34
52 219
146 226
1 298
130 244
39 88
15 65
112 155
224 247
72 72
132 215
41 46
30 46
90 287
144 170
206 241
64 77
120 126
17 191
39 195
176 228
39 54
11 234
157 209
133 169
111 166
261 264
225 256
271 283
147 258
12 214
228 289
124 282
125 193
44 66
176 251
157 237
52 267
55 187
225 252
13 163
79 125
51 105
76 257
47 116
34 41
43 208
179 270
186 188
82 267
16 226
80 131
79 285
12 161
256 283
193 213
33 83
204 245
14 107
7 66
7 161
117 186
25 142
94 226
65 144
54 187
21 157
56 243
124 227
81 150
21 160
2 45
71 234
104 139
10 161
1 251
12 263
270 283
35 38
65 175
88 130
143 276
66 137
117 251
17 199
75 248
83 163
43 80
50 155
156 242
207 238
236 298
25 183
70 266
86 277
59 227
101 294
98 170
105 292
79 248
223 270
263 297
69 127
41 228
59 295
14 118
118 132
161 171
99 192
91 234
69 286
45 172
115 155
240 280
215 239
95 260
17 179
136 178
77 86
61 237
125 255
166 232
39 133
27 179
60 129
51 215
26 36
98 129
130 133
70 164
73 199
236 267
51 212
65 229
117 222
21 72
209 279
258 277
57 179
65 237
193 236
175 219
35 146
103 198
131 181
94 274
168 178
186 266
8 12
123 215
174 194
146 300
21 156
27 240
28 217
70 291
219 281
39 247
108 269
288 294
230 243
37 151
101 298
123 206
153 255
77 196
29 109
126 151
37 128
21 94
16 42
89 191
121 273
44 144
61 203
17 46
77 140
169 187
255 268
120 261
30 295
215 242
240 245
111 137
3 204
15 241
262 264
71 165
106 290
100 283
36 260
117 231
9 247
9 289
37 188
194 206
66 184
98 118
117 163
20 111
52 109
211 245
4 181
120 160
118 153
96 97
9 17
149 282
114 222
111 258
24 168
41 298
73 205
116 257
91 126
255 271
16 243
13 231
179 214
64 148
220 278
171 278
194 273
71 153
19 24
118 135
14 53
173 269
9 56
35 227
7 8
217 291
85 164
1 151
202 206
29 52
159 171
116 157
102 151
16 73
198 207
83 180
75 212
34 110
178 201
96 102
52 260
130 161
247 262
116 185
194 257
15 47
203 255
62 189
112 119
104 252
34 192
50 71
100 176
28 300
57 182
45 74
16 194
188 269
9 243
91 222
15 213
2 200
126 292
216 227
114 295
179 221
108 276
65 240
33 266
98 98
27 194
73 120
23 221
4 194
228 250
176 225
129 281
8 188
53 237
41 94
119 258
42 280
30 121
27 228
62 149
36 290
167 211
29 279
183 225
49 105
68 154
7 142
126 272
32 90
95 210
26 179
67 189
87 189
48 280
44 246
120 195
233 296
17 161
209 210
140 193
106 284
98 120
85 240
116 132
134 283
46 175
2 288
44 117
54 144
17 260
248 300
107 180
142 159
91 238
176 179
71 104
45 213
60 184
177 275
121 253
29 186
24 108
192 284
125 278
27 73
190 292
109 297
78 154
63 228
175 205
22 132
161 181
129 155
53 236
123 174
58 83
136 147
91 244
35 90
178 227
22 225
283 298
100 245
111 279
125 155
34 223
41 154
220 252
222 268
155 158
16 29
202 261
2 65
45 272
81 217
264 280
31 177
31 219
24 129
85 286
22 250
77 93
156 193
45 231
86 94
108 173
190 225
156 167
53 268
20 190
214 258
47 233
18 155
19 33
61 188
20 89
92 206
50 196
68 117
8 194
82 179
1 198
4 202
229 272
114 158
17 234
15 97
67 188
117 182
160 229
74 233
70 282
2 17
170 270
59 243
141 142
237 278
105 257
249 296
196 299
112 237
10 25
48 290
61 153
85 251
7 169
218 278
10 94
9 16
55 205
153 209
19 125
147 223
46 274
215 259
92 172
157 183
35 140
164 227
155 190
39 57
113 233
77 102
97 217
275 294
56 109
55 267
40 210
28 243
17 32
39 49
53 250
97 173
120 271
241 274
24 272
6 231
140 163
224 258
28 35
132 267
155 193
93 231
41 281
82 293
24 295
101 261
94 228
3 212
167 230
207 216
35 200
162 283
142 166
16 18
92 135
49 232
34 220
53 283
80 128
13 257
268 287
34 244
100 191
70 192
36 157
89 127
29 177
46 284
15 66
133 134
132 270
27 64
175 210
69 214
191 283
125 139
2 274
58 92
23 268
98 103
25 125
49 130
188 298
106 241
93 295
25 91
247 256
122 200
42 149
19 244
63 130
20 153
20 90
23 215
105 131
23 70
66 148
24 122
15 41
84 221
95 233
46 46
84 210
187 265
152 259
17 58
154 282
121 169
186 257
119 289
75 113
33 76
58 197
240 265
171 232
32 50
37 125
16 269
152 275
107 246
54 138
29 293
116 124
46 196
110 286
259 274
157 163
80 286
198 253
89 186
234 257
149 256
19 146
15 67
6 131
286 288
247 274
113 280
179 228
121 131
28 205
181 217
67 215
259 299
149 177
38 174
159 291
18 209
76 271
132 206
67 101
174 210
4 234
66 265
103 166
32 74
118 204
118 282
4 137
51 236
8 158
126 215
123 132
218 250
3 190
120 239
32 231
15 126
38 218
153 154
137 186
4 51
57 192
223 242
84 252
37 282
11 130
270 278
44 281
93 273
229 253
27 154
38 78
70 294
172 299
51 77
61 145
12 135
137 200
185 253
114 272
30 101
93 215
98 182
6 107
22 129
86 184
147 160
184 206
266 275
20 73
122 255
138 279
292 297
130 164
47 201
64 199
129 289
3 158
105 179
135 150
31 208
52 86
31 270
33 60
41 160
12 102
156 283
37 181
131 186
123 191
168 279
123 141
113 123
62 142
172 201
120 256
15 255
64 282
210 255
167 300
79 150
26 234
47 289
42 74
186 283
73 171
179 254
192 294
66 164
63 183
198 213
113 287
185 291
235 242
66 195
216 252
223 278
38 252
34 143
116 167
5 289
185 243
76 77
47 236
100 263
90 221
209 224
254 300
85 173
107 107
12 273
49 118
116 122
33 283
37 209
134 267
131 280
169 244
14 38
2 143
125 201
60 222
40 59
93 201
135 210
120 236
30 208
63 171
102 132
199 217
68 215
171 233
155 300
125 223
201 260
163 169
34 74
78 174
78 182
168 215
150 207
197 214
91 264
70 271
215 236
78 178
37 115
84 237
169 245
185 229
12 254
63 209
287 297
195 215
231 274
182 268
231 270
14 30
31 210
136 170
44 237
172 295
14 241
34 185
215 277
81 152
28 299
110 174
4 100
27 39
199 269
123 220
28 292
69 232
24 266
109 119
109 209
66 205
140 244
189 222
134 244
207 290
59 237
59 86
95 285
251 270
133 232
129 131
227 237
15 26
5 189
181 247
157 295
3 255
14 269
1 273
39 269
43 281
2 202
77 196
36 62
276 294
60 140
112 277
75 214
77 292
51 189
225 277
79 110
230 231
48 270
285 291
6 35
227 299
199 222
70 163
54 224
64 168
101 127
232 270
31 272
147 198
16 69
240 290
237 285
8 215
121 180
105 251
121 295
11 278
230 242
18 64
172 220
199 203
243 295
1 73
107 162
225 297
62 91
148 208
130 203
58 130
101 228
92 151
211 222
55 100
84 132
3 145
55 136
46 204
75 206
95 268
155 195
81 83
55 200
113 195
127 265
40 56
87 158
116 173
17 55
80 214
163 287
202 251
13 138
193 216
69 290
84 204
120 287
129 160
18 60
50 194
46 258
137 141
275 298
24 223
8 213
219 230
137 147
21 232
214 223
91 100
109 201
14 185
142 248
131 288
39 88
138 263
3 210
132 157
78 124
48 136
72 225
138 174
122 288
59 249
76 133
71 159
196 254
73 250
157 218
121 242
177 228
222 273
14 144
154 193
37 198
20 26
190 211
134 284
146 194
153 186
266 281
138 297
256 261
216 292
108 255
42 126
85 238
99 225
80 213
112 289
96 161
54 97
41 220
192 255
2 32
55 95
226 232
3 10
134 151
142 232
86 108
126 195
213 284
50 95
43 268
19 121
31 228
101 223
206 224
115 199
101 214
49 62
86 192
91 263
130 289
20 171
82 203
72 142
110 156
204 270
23 65
212 286
29 117
100 166
90 197
42 199
6 219
21 218
42 118
105 148
80 195
161 281
68 202
94 109
98 245
82 163
166 204
87 296
141 181
163 231
254 293
37 86
105 265
64 156
70 134
110 270
17 227
134 209
21 210
92 227
36 90
148 252
177 205
14 135
3 230
56 290
178 265
43 204
50 264
125 281
34 212
147 207
195 223
70 89
129 185
26 298
113 220
14 100
24 101
9 39
3 79
128 190
9 144
172 261
228 249
215 280
166 194
98 273
33 178
23 272
104 195
13 46
156 223
55 237
185 287
178 293
8 28
14 240
153 157
65 106
193 210
206 235
5 86
238 297
159 181
80 82
261 298
66 249
132 293
96 242
80 119
77 107
76 99
91 224
34 250
128 279
42 183
102 215
97 253
33 200
212 271
131 204
139 276
28 174
2 55
69 244
36 132
116 284
30 156
97 247
22 48
107 131
41 185
158 279
11 241
80 133
30 172
34 186
43 161
34 159
93 214
12 269
20 42
131 173
8 133
100 147
88 215
75 135
98 164
49 87
22 131
75 150
31 33
120 244
147 200
58 79
24 142
41 86
22 124
16 249
15 33
88 155
71 141
80 237
23 80
77 114
173 292
10 245
93 199
192 229
111 142
178 295
87 273
18 247
181 210
20 110
43 149
228 240
133 206
147 156
165 185
45 133
124 150
34 218
118 152
50 94
97 220
84 115
159 239
197 285
72 167
32 192
68 296
17 98
184 287
33 279
6 56
151 297
187 219
36 231
220 230
202 253
156 289
235 250
72 252
158 169
25 170
253 292
273 295
61 140
253 261
65 171
161 287
201 292
218 262
90 203
27 42
44 294
171 262
144 160
21 195
128 254
111 219
176 210
162 251
146 299
92 123
35 167
88 189
179 244
1 102
135 192
58 262
116 190
177 276
20 74
53 242
246 257
232 262
144 210
94 158
88 103
158 200
165 214
94 189
47 127
161 227
5 257
207 273
116 119
88 167
45 264
99 187
8 91
244 272
86 193
36 288
218 236
24 33
124 215
181 288
95 102
19 72
97 108
121 140
102 277
125 175
13 273
34 129
161 248
13 264
69 78
18 126
84 198
152 289
48 149
26 197
82 90
102 212
166 289
147 195
91 102
25 59
12 62
21 207
63 141
50 117
63 254
73 102
47 94
222 283
29 129
31 67
42 96
38 153
92 154
163 221
210 227
38 237
126 247
223 269
25 90
231 251
98 111
51 109
22 58
93 152
102 154
70 298
52 67
50 260
56 208
156 211
22 56
74 234
92 263
27 154
37 127
203 294
1 288
45 178
171 209
67 78
48 276
164 211
248 282
250 282
167 245
145 185
6 110
88 108
45 85
5 117
84 243
145 259
101 134
193 204
195 216
128 242
88 180
191 196
15 172
46 137
39 235
42 288
161 238
187 201
162 234
44 212
13 116
10 69
37 169
150 213
205 274
121 129
57 176
18 23
42 134
47 254
95 134
65 174
110 124
39 188
179 276
50 173
52 64
39 275
174 235
58 124
258 297
139 166
181 236
20 44
45 225
133 153
73 173
25 207
16 40
51 250
108 297
15 164
75 234
118 232
39 107
118 191
30 185
193 251
22 138
29 64
90 122
192 282
127 210
2 171
138 250
192 266
166 272
99 117
27 201
71 206
110 277
203 223
276 296
100 233
60 164
31 281
117 187
53 156
30 212
110 264
221 263
53 154
37 93
13 140
108 286
132 255
13 42
132 213
198 272
63 233
250 273
176 274
63 281
53 169
38 166
29 65
73 136
93 236
71 188
135 201
158 176
96 139
165 236
214 232
99 246
105 115
51 187
12 125
208 265
76 195
143 234
197 255
128 181
60 98
87 235
135 167
18 65
147 192
172 211
70 190
114 155
21 81
7 22
103 247
80 127
61 117
90 223
164 244
250 291
46 66
92 260
137 174
97 162
95 191
75 259
279 300
59 224
182 287
235 253
45 167
134 140
163 183
56 231
110 284
69 151
99 106
84 174
69 82
191 256
126 135
64 111
55 74
138 199
65 244
84 256
107 227
144 273
46 258
16 237
94 178
71 237
78 277
107 225
125 144
31 45
43 263
51 57
98 226
57 206
76 172
10 128
206 297
45 80
42 106
23 214
190 240
50 285
9 9
49 56
184 191
81 173
73 215
34 196
110 289
18 242
80 134
63 169
162 263
126 173
123 163
159 165
184 250
32 240
90 249
101 112
200 270
134 280
122 248
89 97
16 125
91 290
193 225
210 237
39 172
90 222
35 131
35 39
19 94
15 118
185 298
141 152
18 199
26 252
177 280
49 158
24 210
31 265
166 175
129 255
223 290
205 251
112 112
86 91
57 284
53 76
130 300
81 107
137 224
197 241
85 249
125 177
109 276
34 277
184 264
221 223
75 118
48 62
89 273
101 104
202 296
81 261
265 280
141 243
73 149
125 287
192 290
80 81
121 168
109 288
50 225
54 174
154 163
60 261
120 247
77 165
43 180
62 94
83 296
132 164
134 176
120 232
27 110
100 197
196 209
21 266
132 200
190 236
245 266
51 163
92 190
145 248
235 261
107 218
82 240
143 265
12 57
218 255
256 268
105 233
160 228
144 200
131 219
20 257
106 161
57 232
73 183
66 66
52 173
94 294
202 283
74 204
8 144
93 121
7 286
52 258
60 276
226 246
193 289
188 299
15 103
51 282
264 290
158 242
129 228
116 141
82 139
211 216
136 286
67 281
272 278
8 166
156 250
64 297
62 196
124 236
169 183
62 272
144 296
60 266
73 117
35 198
50 115
5 291
150 238
21 294
6 51
250 284
10 86
126 143
261 265
88 179
146 159
19 85
241 284
77 230
61 214
140 141
114 226
16 300
285 290
104 250
74 129
21 30
36 59
57 154
175 236
64 245
201 224
21 175
15 275
40 70
18 151
11 245
19 268
102 150
162 179
26 122
11 74
35 285
212 262
206 239
160 276
17 28
125 142
102 159
79 204
142 178
39 134
88 165
91 110
145 210
12 153
30 58
28 218
209 217
166 181
71 157
36 173
158 213
111 300
112 149
192 288
10 234
75 204
120 213
3 213
86 141
43 142
5 10
53 231
138 195
76 173
175 285
201 284
211 246
107 122
4 161
179 281
61 222
69 126
70 181
205 254
158 167
162 289
32 110
184 212
131 223
179 269
138 227
48 70
227 242
69 77
88 237
180 200
231 244
166 293
94 229
116 162
42 293
26 81
56 268
159 286
263 264
94 221
9 278
23 186
110 296
5 52
87 141
86 189
65 86
31 300
189 298
16 128
36 70
196 204
76 211
121 289
82 106
9 228
40 43
1 268
106 230
82 98
222 243
139 147
202 274
10 277
80 215
144 260
35 292
202 269
7 243
81 221
174 257
126 231
27 256
51 257
36 238
62 203
62 229
20 200
35 194
153 267
70 183
233 283
77 123
181 298
82 134
253 275
82 105
36 237
128 149
22 38
42 59
200 202
19 55
190 277
265 271
40 102
177 183
87 211
90 264
263 266
28 250
110 118
56 193
132 224
176 280
186 192
209 294
136 253
238 257
50 262
28 61
146 282
74 196
257 279
190 264
31 259
54 281
270 287
31 241
150 266
53 57
26 110
55 159
66 208
46 141
41 189
18 215
22 87
131 225
225 240
164 174
93 163
200 201
118 219
119 233
87 118
156 253
184 245
81 199
62 219
10 177
126 170
175 221
90 129
160 210
64 74
29 155
51 127
88 268
97 218
13 217
33 61
237 241
118 258
143 277
36 109
141 295
116 266
72 242
56 298
43 142
155 194
83 194
76 78
235 269
98 281
23 46
95 265
44 64
107 296
84 244
145 286
159 299
89 227
152 255
104 117
159 198
193 249
13 88
76 244
15 254
137 163
95 152
91 251
16 155
52 191
95 138
24 241
45 270
230 242
187 254
51 194
214 264
238 253
233 260
161 296
82 198
178 188
109 299
95 123
232 246
123 200
134 253
104 166
101 122
17 207
18 294
219 227
54 193
18 203
82 95
110 234
175 296
89 223
39 200
90 120
5 215
207 266
53 120
36 254
166 253
91 186
67 103
102 178
29 140
75 84
25 29
148 231
55 217
72 292
248 268
25 110
222 291
57 153
123 195
91 187
150 244
112 293
30 104
171 199
87 251
103 164
23 76
221 251
228 232
90 150
32 71
207 289
231 243
181 186
242 256
224 243
123 173
130 271
72 158
60 134
9 179
16 61
8 120
149 160
71 116
42 104
176 246
163 230
275 299
106 270
40 111
82 242
217 281
75 294
9 52
38 149
53 109
229 268
89 165
174 200
48 241
115 173
53 141
126 269
60 135
198 233
192 286
77 209
32 61
185 193
40 266
81 151
19 270
81 265
58 66
242 258
113 119
93 243
59 287
51 98
225 275
14 99
74 107
1 109
63 188
36 199
84 229
221 292
31 135
57 256
69 264
214 220
161 249
267 278
123 291
28 43
159 283
232 244
222 232
42 47
232 238
70 109
165 210
4 64
123 135
206 293
270 276
16 116
26 30
36 69
101 211
6 61
132 175
183 288
30 285
178 214
75 149
114 163
19 131
30 30
50 165
22 202
187 294
169 230
130 181
215 226
73 191
151 269
13 232
25 188
201 286
108 166
44 206
55 189
30 46
14 253
9 236
10 45
169 288
189 281
44 213
61 93
163 291
20 114
6 271
111 182
196 256
75 267
35 268
114 247
151 201
65 220
44 190
24 86
108 168
63 183
202 249
122 297
33 172
150 289
159 247
111 152
163 255
134 234
154 241
43 51
223 251
60 75
99 258
87 224
61 80
143 155
8 224
134 186
124 174
49 114
247 267
155 204
173 291
7 103
41 108
47 90
16 293
45 120
71 139
2 214
33 193
81 95
5 186
76 161
2 10
150 154
189 274
120 283
208 294
171 177
88 173
166 199
186 187
28 192
4 226
134 155
100 142
141 212
3 106
72 75
233 284
49 61
2 254
86 130
2 136
44 103
154 270
106 266
33 122
221 250
72 143
11 95
36 218
15 176
153 161
245 291
185 283
20 31
148 169
1 288
281 298
58 217
61 169
9 50
16 258
109 252
52 271
6 74
146 273
76 116
251 294
33 271
10 88
57 73
162 180
5 207
112 270
17 92
117 143
34 235
24 148
230 280
226 259
68 165
93 171
152 194
13 137
242 285
2 196
268 272
106 127
34 67
48 175
46 122
40 104
156 273
37 205
77 128
11 147
217 276
119 138
15 23
138 202
118 167
186 277
3 283
66 300
12 208
37 44
62 74
30 119
200 275
132 208
113 141
57 159
182 214
86 232
136 143
146 216
14 116
9 231
54 228
53 216
134 221
30 237
218 222
222 271
178 190
183 287
19 125
45 166
250 277
76 234
106 291
62 64
109 199
171 231
64 162
39 271
132 245
105 229
58 259
11 266
127 175
28 240
78 275
92 142
77 123
42 95
141 148
159 273
135 177
27 135
79 85
79 195
152 173
146 274
47 101
201 272
103 253
157 215
6 104
187 280
45 200
76 118
152 220
176 253
11 159
90 241
38 230
168 233
56 88
4 279
82 253
157 257
174 252
14 283
23 269
228 277
67 145
60 191
12 120
206 261
119 253
199 218
102 253
15 192
60 256
88 156
20 283
73 112
190 230
106 143
79 113
69 143
191 222
9 167
92 277
218 227
60 188
18 31
174 196
121 261
9 64
131 268
201 242
75 142
93 193
211 265
74 89
15 186
74 255
25 50
163 165
176 249
95 160
79 132
32 62
124 182
69 252
68 193
201 226
285 286
227 227
46 255
158 273
206 256
12 260
191 260
27 163
34 36
208 222
62 176
26 275
32 60
17 217
12 240
137 196
51 269
167 240
30 69
149 231
208 296
266 273
52 285
181 260
269 281
39 139
247 293
31 76
263 291
19 209
129 233
1 248
129 283
126 233
71 183
195 285
37 140
83 128
274 296
184 249
58 298
94 275
261 300
166 216
81 222
151 227
74 298
165 217
82 171
65 271
24 221
153 237
257 298
36 138
38 276
139 288
36 279
7 172
39 202
127 142
136 196
6 34
126 218
110 117
139 263
26 116
51 183
168 245
18 292
85 266
178 189
179 285
34 203
13 226
34 207
79 231
9 18
159 228
92 235
118 212
229 235
25 149
26 196
62 97
190 270
81 282
116 146
27 238
9 54
110 273
11 220
156 261
99 195
165 295
36 38
29 209
100 228
107 293
52 102
61 88
28 216
12 59
41 141
91 277
95 97
35 211
8 212
89 171
181 264
24 297
50 277
148 152
13 61
148 202
102 217
214 249
179 197
143 165
67 229
62 148
75 202
96 209
214 234
53 196
91 300
31 266
193 240
109 229
46 176
131 259
128 276
23 299
2 169
53 203
219 240
159 185
38 219
47 190
172 294
42 250
138 164
3 115
219 239
192 297
4 284
167 286
134 184
139 246
78 96
63 225
128 201
128 179
9 24
30 193
43 110
76 269
10 37
23 270
95 212
207 249
52 299
100 150
208 223
139 297
209 271
162 197
109 151
242 262
170 257
121 250
50 265
188 300
160 223
89 100
190 210
24 84
156 291
2 71
75 261
35 58
178 208
48 295
57 214
71 254
267 275
248 272
57 209
73 204
18 43
164 250
56 59
70 214
144 246
221 239
229 248
224 291
95 253
76 228
180 216
142 162
120 187
38 154
78 273
91 198
94 244
36 178
78 185
133 249
48 91
65 199
155 253
114 255
83 230
161 215
148 167
25 218
37 202
71 193
26 53
28 208
60 190
88 115
240 277
65 211
98 267
232 293
47 243
111 238
204 219
175 261
22 200
263 285
193 230
127 254
61 150
113 223
152 193
19 36
175 273
52 139
41 66
31 151
169 293
205 236
70 273
175 212
15 20
121 251
62 208
121 257
1 294
56 228
146 259
35 51
32 197
74 190
3 124
64 212
288 292
8 220
132 250
147 172
55 72
91 181
169 283
107 124
36 214
17 261
1 101
158 188
58 169
9 45
121 249
65 285
146 162
197 207
184 203
28 265
6 225
57 201
134 220
27 214
76 158
244 275
135 202
60 278
74 296
126 276
113 149
54 92
41 69
144 236
48 170
90 283
4 254
12 226
49 260
54 122
128 175
101 165
271 297
12 86
38 190
5 182
11 187
54 151
37 60
17 201
111 256
167 259
130 152
105 228
3 180
226 243
206 281
9 71
74 128
170 248
199 254
166 214
81 81
1 122
186 200
279 294
210 257
3 193
74 207
31 34
55 144
124 146
164 254
36 58
101 171
4 33
217 251
156 177
11 282
161 211
89 140
45 101
176 245
176 232
202 272
31 66
28 270
186 295
166 268
115 153
249 252
185 225
6 37
51 138
168 298
210 213
149 288
61 194
39 233
138 279
200 297
60 153
141 197
30 113
185 227
152 279
90 136
62 69
86 279
184 275
35 108
102 136
159 186
65 146
75 110
173 290
113 122
200 228
3 257
118 251
64 285
84 239
64 96
54 203
216 258
44 52
79 158
35 165
27 249
114 180
235 282
41 92
40 207
13 222
16 281
120 176
112 264
66 156
189 268
167 172
92 161
245 246
51 252
207 233
208 295
168 250
228 251
29 223
38 295
215 271
234 271
131 212
105 134
76 216
251 266
179 211
62 86
17 134
56 83
70 103
52 183
103 212
130 139
74 236
68 284
51 267
18 269
45 231
58 235
24 72
112 132
115 211
34 267
163 259
124 221
209 289
286 300
108 124
93 102
170 278
56 104
171 297
56 94
186 287
63 285
5 201
139 169
60 289
115 142
130 202
72 139
25 108
172 251
20 171
80 224
119 218
13 178
157 287
151 292
186 289
96 182
38 206
182 273
131 169
36 116
180 208
21 279
88 232
70 132
20 88
109 245
40 242
105 139
57 67
156 168
155 295
44 215
117 126
233 239
95 256
174 270
52 66
41 106
267 294
103 251
212 214
93 281
151 282
116 174
70 82
59 286
155 205
48 247
267 298
130 170
32 194
10 189
79 231
118 271
86 110
87 206
34 298
176 231
183 244
156 221
38 238
82 285
120 129
124 270
59 170
104 165
117 217
22 114
214 250
56 230
183 252
133 222
16 175
12 202
101 146
9 11
255 280
118 221
3 282
58 142
112 242
141 255
236 268
143 147
95 272
45 283
100 118
117 137
136 169
28 38
38 171
37 75
31 296
55 167
31 86
148 191
70 150
42 79
198 221
163 256
67 276
165 290
180 189
119 170
92 125
186 198
93 104
38 224
59 271
253 254
71 106
60 72
9 160
128 150
155 224
161 273
231 249
18 171
261 294
45 138
192 258
75 265
149 162
262 284
172 184
244 259
180 227
251 289
64 174
133 180
3 117
10 195
236 266
28 112
112 230
95 95
10 16
30 220
87 195
71 73
238 292
50 56
119 186
137 272
119 201
177 289
263 300
9 199
43 182
47 149
5 87
20 75
153 283
81 128
25 300
61 227
50 146
146 293
74 203
18 112
3 188
72 200
208 224
54 278
137 231
108 241
161 290
209 256
95 156
32 151
83 266
158 223
180 264
9 101
21 251
162 193
189 289
61 125
94 132
236 277
60 254
108 238
139 182
14 98
32 181
63 287
109 230
21 164
132 268
2 247
126 264
145 192
168 245
78 240
47 145
2 81
137 161
201 275
99 151
112 211
146 240
111 196
2 150
105 130
94 233
155 292
5 20
48 167
68 86
62 100
64 82
156 250
34 275
127 223
39 138
109 192
186 245
43 45
178 245
81 205
226 262
128 168
122 147
46 208
176 223
139 191
132 146
206 245
137 245
9 265
40 265
87 219
167 223
93 184
38 242
22 133
188 207
130 171
26 262
20 201
57 125
50 214
84 215
165 256
75 125
214 230
140 168
266 277
255 261
35 127
11 122
107 185
24 77
62 158
119 216
126 226
130 182
1 149
96 214
8 19
45 236
18 38
52 93
138 160
100 269
213 232
187 236
40 253
38 284
3 218
115 164
29 91
72 159
153 155
19 153
83 220
27 48
123 227
42 137
264 274
170 207
39 59
117 256
10 212
155 165
130 239
50 238
177 186
60 298
127 188
269 286
107 132
54 75
6 255
147 213
5 299
210 235
179 265
83 279
24 271
10 142
89 167
123 245
78 251
10 251
183 260
24 60
111 281
156 219
217 224
148 218
14 256
50 89
58 223
11 136
23 263
208 236
63 149
80 121
26 199
186 227
226 237
174 190
202 242
31 246
90 226
5 213
38 289
106 119
92 169
64 277
181 250
97 294
9 28
150 279
123 241
89 209
265 276
137 193
86 191
220 268
60 60
131 249
79 274
226 238
23 246
86 112
20 182
115 135
143 184
121 227
26 230
116 240
164 253
160 294
79 79
18 190
90 239
134 273
211 212
151 278
143 254
222 294
108 206
195 287
30 300
47 138
123 145
56 244
31 50
270 275
75 195
133 157
94 102
194 220
52 269
49 139
141 248
73 197
147 277
91 191
229 245
33 268
49 183
196 203
98 191
112 133
49 137
203 271
142 183
37 207
41 83
85 94
187 193
28 90
207 255
5 113
101 225
10 243
33 146
88 143
151 257
43 106
162 213
21 99
25 148
219 243
92 265
116 199
26 71
26 145
28 52
84 267
248 264
188 247
162 201
177 216
69 293
111 205
172 244
20 244
14 284
90 197
57 295
16 268
94 214
99 256
247 267
108 119
130 298
230 287
36 78
20 48
151 254
23 209
133 269
57 127
101 299
67 133
58 157
105 156
207 263
117 183
163 169
168 175
45 182
62 83
72 174
54 100
69 172
64 67
141 211
16 186
112 185
19 122
168 188
13 119
120 211
46 290
49 285
82 157
121 192
158 218
113 113
101 233
13 153
94 207
2 159
30 95
286 292
64 221
39 289
260 272
157 184
49 151
60 287
15 140
22 168
195 242
259 265
161 235
194 226
15 56
41 267
180 231
58 91
72 90
117 239
102 223
54 264
145 197
21 33
137 300
125 285
87 300
21 55
134 170
3 183
61 103
120 175
268 278
207 271
155 249
172 193
194 218
21 45
147 194
80 159
108 263
38 264
22 55
20 279
200 279
215 222
71 162
57 147
107 116
189 225
128 212
209 219
225 240
84 152
264 269
151 286
161 240
28 198
117 156
28 243
134 202
92 288
242 279
22 187
29 233
30 142
38 182
228 255
58 59
52 252
161 217
1 16
20 189
266 282
89 242
72 95
68 235
113 187
163 285
93 183
87 119
200 281
244 252
88 181
150 278
243 287
53 151
240 281
169 232
86 199
130 230
80 288
106 125
106 195
262 268
66 264
65 277
79 140
122 260
158 286
192 276
8 278
17 87
160 221
104 182
221 297
46 119
27 120
263 275
47 165
35 121
122 124
14 265
27 70
51 298
86 295
79 164
51 54
95 251
243 300
192 246
117 251
38 81
9 257
193 247
48 210
98 277
204 291
11 88
53 291
61 215
102 188
79 211
32 134
71 124
167 275
223 277
270 273
44 298
156 174
118 176
108 176
214 227
34 82
164 219
28 178
5 127
80 123
172 183
46 226
13 187
171 285
58 211
63 109
48 94
178 291
74 92
183 264
18 286
156 300
61 254
29 101
195 251
126 268
141 216
189 245
15 162
137 288
151 226
83 219
148 277
209 216
176 187
35 151
62 104
124 125
25 251
144 206
4 243
150 153
97 142
17 67
23 137
250 297
133 266
146 202
7 103
140 199
108 186
41 183
187 210
38 156
26 241
113 275
27 36
74 143
162 284
12 103
16 219
7 275
33 116
69 231
31 142
124 172
175 281
165 184
121 175
55 133
115 165
51 226
277 279
101 120
29 296
232 290
47 77
31 148
73 142
140 297
177 216
15 146
10 10
164 290
8 267
155 231
260 277
115 132
122 217
82 194
237 299
165 249
147 284
211 273
62 226
229 253
142 268
188 194
78 257
47 73
254 282
185 189
60 202
2 207
9 73
79 260
70 85
95 109
163 268
4 23
116 170
193 274
231 288
30 88
20 284
12 268
115 274
24 263
53 287
73 74
241 281
46 223
108 185
28 79
96 122
213 235
176 250
96 252
131 224
7 295
88 203
202 299
76 295
205 248
133 195
138 169
104 296
154 296
177 195
20 289
7 283
105 220
131 166
36 39
109 122
80 104
24 193
24 233
66 181
6 262
173 229
39 226
20 32
82 218
42 187
217 277
107 146
46 130
137 168
22 176
20 173
237 243
112 286
22 88
79 142
34 160
107 112
89 213
90 215
19 130
257 261
176 198
29 298
128 137
22 210
6 28
62 128
8 293
76 183
24 207
83 244
29 39
154 203
36 189
184 278
189 258
57 119
99 232
141 200
278 278
43 273
111 128
136 198
29 53
52 153
24 132
176 261
88 243
73 279
49 262
40 266
17 31
103 274
71 213
208 283
200 237
14 239
39 126
42 170
164 224
32 140
94 101
72 184
69 148
217 289
219 255
77 110
25 114
226 280
181 224
5 270
17 21
55 92
74 208
124 236
66 83
197 232
179 251
31 238
9 86
178 280
160 289
107 232
2 251
3 285
33 216
49 51
222 249
156 231
161 196
67 270
67 214
49 165
41 43
109 242
106 248
60 257
164 257
196 257
150 177
175 238
143 211
48 154
17 68
86 186
3 127
151 263
11 221
127 221
66 119
242 275
258 288
17 159
234 293
168 224
114 246
230 272
27 41
53 163
44 102
23 110
17 69
78 294
9 275
110 259
69 120
204 255
11 274
196 244
91 159
73 207
93 166
90 194
55 142
25 285
204 271
77 195
100 271
124 268
35 178
33 270
206 227
106 285
17 119
144 243
66 225
28 269
91 192
24 136
46 65
96 185
32 33
249 280
228 245
88 291
117 293
36 291
4 116
63 111
56 233
54 299
67 142
3 16
11 82
97 270
88 259
173 244
223 294
71 132
156 256
55 290
29 52
96 176
122 164
262 275
112 284
9 141
144 226
60 198
1 259
116 236
72 120
269 289
24 280
15 235
252 254
38 186
10 168
198 271
26 58
184 240
65 201
66 76
187 258
10 43
111 240
80 270
54 148
157 276
126 210
50 287
63 131
113 121
70 251
164 182
114 151
91 294
224 234
14 67
146 262
47 105
66 275
114 253
186 242
226 260
159 255
19 28
43 50
47 228
118 275
84 287
39 148
25 154
47 99
12 122
29 292
216 273
101 204
32 146
101 183
9 191
107 255
118 285
115 121
210 245
60 127
211 260
224 226
97 242
124 296
172 197
124 293
41 241
182 288
18 280
192 299
26 86
42 235
131 200
42 191
146 175
123 124
72 176
209 262
56 130
158 197
137 275
46 181
3 138
125 265
46 191
260 262
49 125
121 235
30 211
167 222
44 231
121 151
200 251
120 197
11 137
23 294
155 222
41 294
152 236
211 293
136 144
108 202
174 300
167 192
40 201
108 280
8 162
49 275
147 239
55 122
215 250
106 115
122 299
82 295
169 199
127 191
23 131
73 159
80 113
27 136
171 228
40 130
68 237
3 248
35 247
2 235
65 236
29 79
92 147
129 290
51 123
33 131
81 144
39 93
37 112
48 172
12 249
99 298
83 229
51 146
220 275
134 219
59 262
65 258
38 61
87 226
91 94
232 292
7 95
57 82
190 259
131 230
152 229
54 275
89 267
47 146
53 87
145 146
74 297
165 285
196 232
25 276
149 193
151 164
127 249
78 245
133 258
123 278
264 268
55 243
59 140
73 175
9 109
10 252
26 214
89 203
98 244
240 299
89 113
110 274
180 259
189 297
34 43
60 247
41 295
156 183
79 167
72 240
21 197
85 114
65 112
179 219
60 275
65 217
30 223
180 299
146 289
90 192
50 62
82 156
59 212
160 270
72 267
140 228
94 103
26 188
77 88
94 247
7 126
126 223
232 254
180 182
28 118
149 184
16 277
174 234
89 160
114 136
15 187
253 288
209 257
127 215
15 262
4 227
111 214
162 262
48 289
50 268
185 276
40 255
55 141
58 251
95 239
8 17
252 272
27 273
43 232
34 253
120 173
32 184
146 243
204 250
105 195
51 144
252 269
57 128
2 283
135 141
212 218
70 165
144 195
135 298
55 127
149 234
132 257
68 163
102 299
8 118
250 289
164 276
138 231
64 76
96 237
134 173
39 201
20 249
12 83
78 89
50 142
284 297
60 209
75 116
215 221
19 297
40 169
244 267
194 219
255 263
30 170
88 221
97 150
62 186
229 257
28 224
65 107
81 229
112 247
108 248
102 262
234 278
249 286
5 25
3 63
44 283
33 166
41 245
204 213
18 241
3 45
64 201
23 97
196 275
239 296
162 243
32 122
109 282
86 266
242 296
147 276
6 30
21 83
171 211
199 244
38 157
126 126
207 241
101 110
12 272
73 100
19 26
232 275
14 44
74 199
82 236
10 21
60 181
8 246
166 300
33 36
266 287
89 154
19 87
56 56
86 221
31 294
128 208
176 219
16 60
135 178
61 226
74 237
109 207
186 231
45 191
99 237
72 148
156 165
65 259
44 219
114 205
16 171
151 169
90 168
205 299
21 242
40 162
32 176
34 71
17 163
68 76
155 284
110 219
84 282
130 166
14 189
145 173
235 235
55 113
159 282
103 186
251 276
49 195
5 6
90 162
201 267
185 252
139 292
198 290
21 115
14 162
162 271
4 209
210 260
18 116
73 142
2 178
187 285
2 174
115 279
49 274
133 213
19 180
52 243
94 111
172 253
111 209
62 223
110 247
67 168
52 246
100 281
169 188
132 177
178 209
112 170
166 192
45 70
147 230
218 260
106 216
144 207
233 271
254 267
97 227
154 195
185 231
150 214
215 252
272 300
24 113
194 205
33 281
62 131
180 201
25 295
178 289
51 210
145 181
48 99
98 172
118 154
68 72
108 259
183 299
136 240
41 164
163 198
56 85
141 143
136 199
93 204
85 110
16 86
120 248
4 164
21 233
69 125
140 272
113 161
132 219
41 290
214 256
113 286
150 219
131 159
227 272
210 266
43 211
256 300
10 122
17 284
23 172
6 14
102 179
68 142
65 104
293 298
78 141
40 125
140 213
207 251
135 225
40 156
62 160
189 217
168 235
100 193
212 257
178 270
145 262
144 237
219 252
28 91
204 276
162 214
107 291
84 135
167 193
19 64
44 126
32 169
173 228
177 243
116 139
121 226
34 144
49 280
27 56
71 240
74 104
29 149
186 280
158 299
208 272
25 28
225 261
56 87
23 204
7 154
99 181
59 240
118 249
12 275
15 270
62 225
142 186
127 246
11 26
88 245
112 175
29 274
42 270
290 298
231 242
217 225
91 182
61 131
158 216
159 256
84 260
151 249
2 134
38 181
197 264
8 281
10 276
65 72
129 269
91 219
273 276
5 191
217 300
226 289
79 118
147 252
2 169
66 259
259 282
154 167
68 281
155 238
159 207
158 182
233 269
55 255
41 186
287 292
101 289
157 177
145 149
6 248
194 254
149 296
188 192
123 215
214 289
4 38
122 208
236 279
72 241
85 264
25 296
135 253
102 168
8 171
295 297
6 281
84 186
100 202
66 211
263 282
75 230
25 221
86 160
196 288
16 144
102 191
163 286
241 294
2 155
108 152
133 224
23 42
129 267
153 189
115 137
57 246
37 130
209 282
122 148
99 251
139 235
56 295
44 159
8 44
283 286
226 295
8 174
113 154
185 267
69 159
209 221
50 253
67 260
186 261
149 165
183 273
20 272
271 271
257 262
241 264
21 122
171 250
149 154
14 174
139 239
112 241
51 85
271 286
233 251
208 263
176 296
32 224
61 163
186 208
167 264
3 48
11 89
144 257
77 149
38 102
50 78
78 236
44 94
164 251
160 225
38 119
69 181
20 51
120 130
18 159
23 132
40 96
2 230
15 84
249 268
40 167
82 167
201 257
128 280
23 295
162 278
26 299
77 132
81 233
38 161
170 185
111 165
40 240
130 262
112 192
14 44
111 254
128 294
35 138
121 165
2 244
4 275
74 167
30 171
56 158
56 92
105 214
128 147
90 207
35 139
93 283
54 257
33 269
96 150
189 248
112 172
202 260
192 198
70 173
195 195
39 251
34 40
141 231
14 93
130 249
70 72
96 281
54 173
26 257
125 199
114 219
247 255
163 228
11 151
176 278
10 54
6 80
5 247
127 291
30 256
123 226
193 203
80 88
163 219
116 244
87 298
144 265
217 265
63 290
127 131
83 119
39 116
103 208
85 120
94 225
226 250
43 145
79 139
44 101
92 156
76 156
47 47
81 200
19 53
34 64
5 42
147 246
273 279
160 247
207 218
3 186
95 188
153 180
78 204
94 195
67 282
287 289
67 203
68 113
125 245
94 231
1 48
189 282
25 161
164 278
158 298
78 215
114 121
83 192
31 271
9 220
58 214
109 293
204 244
21 145
38 188
182 186
197 234
55 77
248 265
60 144
171 288
222 296
80 87
85 146
57 191
122 131
67 222
4 192
180 298
86 168
30 263
54 184
134 257
68 270
2 49
60 187
204 265
208 252
124 277
213 289
33 264
137 296
18 248
31 183
85 211
66 294
2 37
133 276
147 262
18 47
177 283
79 128
16 93
21 22
112 272
22 171
139 226
170 243
76 139
88 294
200 257
78 108
159 244
58 226
84 165
224 253
24 155
15 253
26 174
64 225
49 115
51 181
33 161
181 244
51 286
10 180
37 69
165 275
14 33
29 127
213 237
236 257
86 299
235 260
108 233
275 289
8 193
237 250
65 139
80 184
94 262
4 190
13 192
15 295
58 67
61 148
8 53
6 147
76 240
125 268
34 179
133 145
45 285
99 107
196 205
178 215
6 159
39 68
36 194
168 172
35 150
46 149
113 293
192 259
23 249
8 148
13 91
91 174
209 227
76 102
5 296
75 154
58 110
51 228
55 188
42 297
83 124
13 241
134 191
153 164
215 256
144 240
46 50
1 53
37 58
163 181
274 295
64 163
20 27
182 200
165 274
35 93
131 177
247 269
165 291
132 195
192 192
48 195
38 41
153 175
224 300
66 196
23 150
40 200
142 151
133 250
80 126
166 284
216 225
155 186
42 234
22 292
17 264
238 241
36 295
285 300
83 253
165 252
88 246
187 247
78 269
154 237
161 191
62 190
75 216
42 160
33 183
136 158
114 129
36 268
235 263
118 240
205 217
105 177
265 289
229 236
153 211
98 298
147 150
154 175
108 213
38 137
4 10
150 204
237 274
196 265
128 299
5 184
97 261
134 285
34 291
7 261
235 273
146 269
112 228
50 87
65 107
9 280
94 145
202 259
39 186
99 146
98 289
18 180
187 251
40 279
88 240
104 245
88 138
208 271
56 225
55 123
149 174
23 234
123 143
94 299
60 210
174 263
137 168
45 176
152 300
154 275
226 263
27 148
155 272
47 168
5 298
35 251
265 299
239 291
47 221
12 274
22 147
28 297
8 164
76 268
52 100
5 206
22 53
67 184
137 181
218 235
55 233
165 222
16 223
185 281
165 195
38 146
52 287
26 74
71 225
37 124
40 191
260 266
83 103
155 236
24 50
49 167
162 165
46 128
114 137
202 246
20 295
183 228
102 232
263 268
85 95
27 114
132 220
195 247
64 228
98 254
56 134
76 166
159 277
87 208
12 95
42 225
110 218
68 256
131 276
162 276
47 148
89 155
88 105
45 47
190 242
52 291
217 241
244 253
233 242
154 173
9 295
118 156
140 230
5 40
277 281
128 165
132 145
48 212
8 110
9 261
99 100
227 275
138 282
12 244
62 282
4 220
11 250
27 278
161 234
60 224
226 278
94 211
29 222
107 135
72 99
111 267
58 70
100 251
176 188
189 210
26 208
32 221
13 87
98 166
217 273
28 221
52 97
13 261
9 214
44 58
121 291
50 267
86 126
16 260
186 271
103 268
22 140
143 175
68 259
124 149
4 159
74 111
33 144
188 224
136 257
83 199
11 80
39 260
105 207
26 192
178 224
51 78
173 253
21 172
199 224
22 211
26 261
73 261
81 218
150 230
174 208
25 100
47 71
83 211
86 90
31 117
112 233
172 180
104 198
237 245
67 134
101 237
97 148
88 213
190 279
54 225
56 64
173 230
110 139
77 87
81 206
182 188
127 272
129 225
21 64
27 264
52 98
112 223
128 174
149 250
125 225
103 107
14 127
42 171
48 230
172 262
20 277
19 171
7 9
29 113
159 257
143 241
49 142
189 218
75 257
111 195
75 124
36 84
110 285
65 177
189 243
155 277
10 52
125 292
234 238
166 274
151 294
186 196
296 296
244 291
270 297
133 174
134 265
33 89
151 192
65 259
221 273
69 184
226 264
30 248
57 82
94 168
17 17
40 46
228 296
76 157
23 164
33 179
57 112
68 171
124 208
38 226
18 27
165 262
91 283
193 300
55 296
169 236
8 100
17 259
62 79
89 132
165 208
99 177
179 223
55 57
67 230
59 163
9 142
211 264
120 144
62 228
97 197
83 179
1 65
102 279
22 116
65 100
100 108
162 253
182 185
55 173
155 201
41 128
81 185
3 204
43 75
69 291
10 288
105 221
95 294
80 203
83 226
197 251
44 241
53 278
85 234
80 283
68 290
90 293
51 300
14 184
138 299
30 67
1 81
94 281
105 184
64 240
271 282
233 297
20 162
38 191
16 114
161 162
232 243
7 109
213 287
19 59
164 183
230 300
98 99
30 138
164 222
219 229
23 272
135 286
92 233
90 258
31 220
152 153
11 188
226 228
1 299
98 295
54 234
179 253
53 247
172 210
50 266
130 145
169 246
200 276
143 204
164 172
264 267
32 127
93 267
108 208
18 161
20 147
88 284
33 220
157 284
1 112
1 86
8 247
24 265
188 290
109 118
65 191
142 175
87 233
41 80
100 196
66 97
109 236
86 227
233 280
170 179
255 299
50 192
114 179
17 96
139 257
75 129
5 29
14 244
19 32
2 60
66 95
191 297
35 286
125 261
75 85
56 99
62 207
120 259
119 198
221 261
41 143
87 154
13 187
84 168
26 239
164 195
144 299
6 91
2 292
228 288
186 285
20 108
5 187
111 193
27 225
129 291
158 170
48 85
48 54
103 231
13 269
129 271
67 162
21 53
134 203
44 166
138 144
72 156
156 264
160 171
135 293
151 172
61 286
126 214
21 121
74 180
71 147
9 67
7 97
78 82
30 268
38 258
18 207
82 84
191 286
150 212
119 122
42 247
104 287
143 232
280 290
118 276
49 169
46 272
265 267
94 136
100 125
95 145
52 154
41 198
214 299
235 237
14 268
241 243
89 102
27 251
12 144
13 151
62 234
59 236
232 268
90 294
208 288
45 195
132 300
101 274
275 290
254 271
69 92
80 198
261 288
37 152
165 296
154 185
127 285
253 269
249 288
114 260
84 170
65 88
34 58
14 281
40 234
73 196
31 237
100 139
26 41
67 228
134 243
21 230
15 188
120 226
71 177
131 161
6 73
105 230
54 252
49 211
100 222
76 251
42 252
73 275
85 204
57 290
255 259
154 202
93 275
49 242
87 143
44 282
152 158
92 126
212 225
202 270
280 292
113 206
80 136
101 210
254 269
21 291
33 81
47 212
153 299
170 283
114 147
16 282
213 281
87 96
164 187
152 204
10 283
102 153
83 129
71 298
170 201
111 198
182 241
165 247
91 135
121 159
196 272
107 153
81 172
22 34
178 278
269 274
44 264
95 212
110 243
121 143
110 266
149 206
97 190
105 210
151 261
27 126
163 200
92 99
35 269
12 191
45 86
68 233
214 282
3 148
3 4
70 197
259 287
154 249
53 217
98 116
99 277
269 299
90 243
12 107
200 261
168 236
153 168
122 159
75 180
30 67
24 174
62 281
76 231
69 164
26 212
92 261
30 169
198 277
36 141
54 141
61 113
188 198
133 133
104 141
81 215
171 213
264 290
186 224
101 295
191 277
142 257
39 66
209 245
68 164
130 183
8 157
142 185
32 298
109 158
235 279
180 250
23 92
116 140
38 165
98 243
137 276
56 165
6 167
191 191
32 70
72 144
121 178
104 123
20 253
26 276
136 263
147 224
44 155
21 48
31 118
38 123
38 101
12 166
31 113
47 56
20 245
154 186
68 115
43 285
44 263
118 241
62 190
17 266
93 233
189 225
111 269
58 190
58 199
5 70
128 199
152 288
25 277
41 247
113 240
67 165
39 53
41 203
10 235
196 290
49 113
122 187
11 148
18 213
85 187
159 274
40 65
195 234
88 139
102 287
16 183
23 270
165 266
7 66
161 186
24 34
20 54
171 212
250 279
101 279
36 161
190 290
173 198
93 189
75 197
130 273
118 254
56 62
64 231
183 256
98 146
13 221
105 267
244 281
114 184
28 212
35 254
21 174
157 210
65 174
127 176
205 291
116 276
59 200
40 79
84 96
112 236
110 273
52 92
18 226
83 233
101 247
72 196
86 248
22 164
96 163
107 177
125 170
97 266
83 300
56 155
195 273
117 276
31 290
254 295
2 93
72 254
133 155
56 248
286 286
63 273
108 291
48 66
17 128
110 172
121 295
113 162
193 232
30 267
169 252
3 13
97 154
30 288
98 159
22 43
57 244
22 161
260 260
213 278
129 146
100 286
3 175
62 200
196 218
93 294
146 230
61 75
39 195
44 128
276 284
79 284
124 271
51 199
7 32
278 294
76 219
87 153
190 247
95 206
189 212
190 246
253 286
28 97
61 151
17 257
30 144
157 257
113 292
87 127
75 98
81 133
83 217
136 260
224 235
59 150
3 212
270 292
107 209
143 148
159 182
15 174
79 125
150 257
33 229
70 77
277 292
37 62
31 254
145 226
158 186
147 278
138 284
56 270
26 281
14 94
145 232
39 112
7 42
84 183
272 282
50 269
7 8
40 72
57 245
109 147
22 165
7 28
23 141
34 150
130 187
125 270
29 232
145 244
37 133
6 177
150 297
129 151
181 300
5 226
2 121
26 206
46 215
50 229
96 195
136 237
60 219
99 162
109 217
51 276
151 247
4 242
239 272
10 148
72 170
63 89
247 250
286 295
1 87
211 278
33 123
30 205
8 113
115 210
90 119
259 284
62 198
240 297
159 222
76 193
3 37
48 136
217 230
216 269
70 290
41 81
287 293
15 237
36 158
27 210
134 188
21 228
44 72
25 179
27 260
146 190
52 130
166 218
293 295
40 257
42 159
173 267
170 300
17 105
129 164
173 288
168 239
176 300
208 228
138 223
149 200
144 266
68 182
80 253
10 179
216 270
69 259
156 173
20 140
170 295
170 177
248 251
46 211
128 291
81 278
131 172
40 81
72 228
234 265
38 128
202 226
118 193
209 214
124 266
21 257
77 139
27 224
85 299
6 124
143 251
74 94
85 255
285 299
82 169
162 296
83 121
163 278
21 69
183 282
54 185
173 278
34 132
32 267
41 103
201 254
112 262
55 90
182 193
60 183
64 134
244 286
110 196
3 15
127 235
214 222
146 249
13 294
53 191
145 222
119 165
78 162
116 261
56 75
65 264
47 273
117 201
21 278
133 255
47 87
112 128
9 171
39 122
161 297
22 208
30 119
132 196
119 254
46 207
173 284
42 83
118 202
109 233
99 208
177 230
21 61
31 164
45 297
72 133
86 202
58 287
27 55
280 281
140 205
105 269
84 295
48 107
220 247
60 260
64 97
11 258
31 85
276 282
28 70
206 218
98 258
14 252
34 34
70 274
109 173
22 295
166 190
210 283
15 185
137 159
276 289
141 155
91 93
167 281
152 166
112 182
54 160
41 120
241 271
131 182
251 296
103 276
160 207
84 119
19 240
61 102
30 83
255 290
65 279
188 282
17 231
110 281
181 291
141 296
99 234
4 134
25 219
151 189
115 176
68 100
258 300
83 278
46 66
55 156
40 107
49 79
82 130
16 130
65 170
128 289
26 96
201 208
34 206
42 93
115 125
47 104
35 192
63 72
235 289
68 129
11 28
89 173
39 83
14 243
165 258
195 236
97 117
81 117
89 222
187 200
95 272
32 201
19 198
34 44
131 253
10 106
176 243
40 84
78 226
238 267
231 287
40 235
7 76
166 227
164 272
53 135
13 230
242 254
21 220
201 250
66 135
2 178
119 295
74 171
116 137
127 148
29 217
192 201
35 82
64 243
235 280
76 114
209 295
184 294
24 165
10 248
7 138
132 265
35 55
125 187
172 176
129 134
15 43
215 244
141 254
16 239
133 181
120 242
180 287
33 118
33 152
26 183
131 180
92 100
29 288
230 281
126 217
31 195
219 278
95 224
70 127
57 250
149 167
39 56
2 229
86 97
120 255
114 186
53 284
47 154
61 258
94 123
163 197
266 289
155 180
167 219
13 277
96 133
11 236
135 259
9 173
185 280
93 188
128 244
74 300
79 123
45 263
10 196
51 274
71 290
129 226
151 151
40 71
147 265
185 248
109 162
165 230
42 130
94 235
97 222
113 235
15 231
122 269
95 184
47 167
135 234
63 212
59 271
31 103
48 236
103 157
163 224
4 20
224 233
157 214
90 186
47 182
80 224
96 266
75 209
109 284
141 237
100 171
245 272
38 208
132 203
1 176
5 86
7 150
22 160
21 135
211 295
184 291
19 92
136 204
103 104
106 124
192 277
204 239
102 295
140 276
30 249
25 210
123 275
49 173
74 209
181 194
118 206
66 98
160 268
21 35
210 252
140 285
159 237
22 79
73 278
60 151
62 262
269 298
28 145
15 223
126 213
1 161
245 286
29 80
49 96
199 284
38 192
160 252
108 288
137 270
181 232
138 188
53 110
110 253
84 176
162 174
82 259
96 98
129 173
60 65
110 292
59 184
16 123
72 239
137 239
285 285
23 226
3 141
35 216
16 292
140 152
34 141
181 251
100 200
63 249
3 72
221 244
158 227
101 114
72 183
214 239
20 225
80 192
138 206
58 131
124 261
194 268
206 233
122 141
92 259
17 176
164 185
62 250
213 265
250 298
13 288
189 237
65 150
97 141
1 157
100 241
126 142
123 242
10 79
26 232
157 190
85 152
213 214
56 146
195 269
83 184
98 148
7 44
116 228
32 193
157 194
135 216
90 293
158 243
156 184
54 227
50 291
47 131
178 273
141 281
158 290
39 41
70 245
14 297
157 259
117 284
232 272
13 123
41 212
94 118
6 161
85 97
88 253
104 291
120 252
209 284
35 129
67 216
30 159
69 198
147 237
12 177
7 118
63 65
6 239
26 171
45 67
22 297
30 269
12 69
95 106
196 236
169 173
196 212
83 113
47 84
127 160
253 299
177 297
108 223
39 258
16 197
35 133
1 290
63 150
225 291
87 287
37 180
182 222
19 100
125 269
30 66
49 242
122 209
76 186
158 248
207 232
180 269
48 137
240 284
224 278
124 161
15 272
157 223
29 147
64 114
54 56
70 275
111 183
157 160
60 227
10 199
25 151
107 182
79 186
43 275
11 72
180 218
161 272
63 200
82 114
30 133
141 246
181 209
20 23
114 171
50 76
152 188
136 157
11 175
143 212
48 96
95 103
273 283
50 289
12 142
123 209
34 35
86 224
175 275
3 269
90 126
68 84
63 251
50 90
178 296
57 162
94 183
142 145
44 275
102 264
18 80
46 126
6 268
121 219
84 95
11 34
210 265
183 207
253 284
116 283
3 5
58 279
38 104
39 158
71 189
146 291
23 105
81 293
40 74
28 109
37 210
18 134
45 160
91 267
5 16
19 20
49 124
134 141
152 290
70 86
37 118
32 214
72 194
70 88
57 184
155 261
57 268
189 270
67 176
269 291
173 182
197 215
14 221
146 164
62 164
101 255
131 151
251 267
75 176
266 295
84 195
78 264
29 183
34 147
135 160
64 252
119 255
144 147
260 299
26 137
258 298
15 86
23 252
50 149
33 219
174 181
159 176
66 133
44 227
151 152
58 127
72 134
34 268
36 241
203 232
155 252
7 173
40 137
70 204
160 182
92 108
29 144
195 224
180 215
225 235
38 147
33 163
30 134
76 182
29 214
102 290
117 235
210 230
131 251
57 101
55 271
30 293
45 75
22 299
72 136
108 114
268 294
117 266
3 185
182 291
13 287
248 253
29 268
220 238
90 238
119 240
34 202
34 183
151 204
88 88
128 163
30 184
21 221
132 187
103 269
142 152
10 61
10 200
11 177
104 119
165 276
193 267
129 295
138 155
148 261
43 289
71 267
61 127
36 296
76 265
162 182
72 85
50 121
101 258
23 169
287 299
230 240
15 110
138 145
153 218
208 275
108 156
28 273
41 82
86 288
114 162
75 281
21 105
51 83
60 70
92 216
60 172
28 196
9 128
7 105
102 236
40 131
90 295
43 97
71 99
165 201
135 178
153 263
46 111
43 222
129 273
35 297
17 64
132 133
18 293
77 134
69 192
40 159
25 265
171 180
188 197
241 261
75 114
113 132
14 139
77 182
244 271
69 152
72 296
19 139
160 174
29 253
84 148
11 253
31 87
45 180
125 249
90 159
238 287
113 284
253 277
140 200
77 288
189 269
56 265
231 236
3 175
122 195
39 151
142 215
163 214
137 229
86 105
66 78
63 293
14 300
206 250
116 227
221 282
139 141
27 233
53 198
20 183
33 243
167 244
33 34
85 248
166 263
88 234
42 273
159 238
50 294
74 161
113 207
111 296
47 263
71 141
105 145
145 293
113 297
54 188
201 229
3 86
55 96
172 251
74 118
61 66
73 243
207 298
69 295
75 144
22 285
73 238
140 292
216 242
15 195
194 229
63 229
92 209
7 281
60 259
55 198
124 194
8 284
75 193
37 293
185 221
122 273
235 292
167 207
95 196
195 286
198 201
32 222
150 270
171 253
134 229
79 272
139 187
84 93
158 172
128 210
130 292
118 284
16 213
14 36
100 162
240 250
172 182
60 262
46 283
63 300
80 282
85 256
65 221
26 28
10 172
71 195
79 158
154 240
148 234
34 56
18 142
6 129
142 224
135 181
65 179
31 97
57 221
10 297
165 242
112 158
176 235
82 82
145 176
16 81
61 247
14 145
70 239
102 103
7 148
8 64
21 62
117 246
119 166
228 228
71 231
228 270
46 70
92 255
6 160
14 124
152 159
132 238
27 150
236 288
70 287
103 262
110 142
51 297
186 256
165 282
39 152
36 283
12 114
177 201
4 212
90 229
68 186
196 278
207 239
169 266
186 189
6 26
134 210
256 260
37 72
102 240
46 265
137 212
67 257
108 174
36 57
20 273
15 258
5 141
168 260
242 260
14 110
214 235
238 277
153 241
78 207
202 272
67 68
68 280
223 265
45 250
153 266
163 168
74 114
4 88
88 281
46 83
25 189
42 72
56 202
30 131
66 146
14 204
54 108
4 39
90 255
22 98
132 290
93 291
44 139
85 216
97 282
204 233
43 100
63 275
163 177
186 296
49 247
102 117
40 271
126 255
32 58
48 74
3 6
145 270
251 287
63 174
8 107
24 158
28 40
107 189
34 243
23 54
147 182
22 95
146 268
29 269
116 247
43 274
163 178
76 131
143 208
206 225
38 97
23 76
29 37
142 238
86 209
58 63
48 60
7 256
43 86
84 269
14 212
32 266
38 91
25 93
130 216
246 277
115 153
1 240
152 261
94 98
47 241
182 271
189 202
173 266
56 250
51 230
172 249
58 103
186 279
62 153
51 154
108 145
39 164
5 105
119 249
49 256
51 178
1 69
46 173
125 252
27 212
270 285
64 249
67 266
154 281
34 151
19 76
139 165
6 277
159 269
96 253
221 252
61 225
40 142
64 220
197 236
69 155
242 245
72 185
43 53
51 166
128 146
12 121
210 278
234 268
16 46
181 212
121 195
28 85
94 239
169 233
105 284
197 225
24 147
162 299
267 286
67 79
2 119
8 86
6 67
195 299
252 264
32 177
81 190
153 224
166 236
43 108
149 295
27 186
38 84
74 177
206 259
73 223
82 212
188 257
9 81
18 141
59 115
100 127
199 274
206 262
64 89
230 284
209 266
51 102
56 161
46 291
210 276
84 180
160 226
138 209
29 31
158 294
76 263
8 256
83 274
182 202
12 51
59 149
270 282
45 198
18 208
36 117
96 276
41 269
222 260
118 172
5 155
75 88
126 157
142 266
186 202
181 207
75 159
61 199
92 289
155 251
51 223
130 184
6 285
55 169
42 105
47 65
40 185
165 173
45 300
177 271
13 275
47 75
27 124
148 162
68 298
154 192
86 114
39 153
49 237
172 199
41 121
214 273
141 249
118 208
80 292
32 205
280 295
29 32
132 256
143 216
1 1
88 283
22 27
69 217
245 273
13 124
1 236
18 264
199 213
162 169
69 206
96 269
278 293
39 245
129 242
53 222
134 298
72 166
52 235
102 165
172 245
206 258
76 89
60 144
176 196
177 250
54 130
93 207
49 230
62 137
11 252
211 289
68 288
50 188
52 112
39 173
25 236
204 247
37 177
125 157
197 221
2 114
102 161
229 269
71 249
44 138
2 111
71 97
84 247
124 272
68 88
19 165
105 201
208 212
207 277
177 232
27 274
185 258
54 181
51 151
22 248
194 203
13 238
157 238
179 242
114 244
104 128
57 278
11 262
238 295
44 110
21 194
208 277
173 225
188 263
106 206
32 185
12 259
184 189
109 178
195 245
71 223
12 119
17 202
161 233
103 144
38 192
127 264
190 283
85 109
9 297
92 162
271 289
154 206
69 116
164 164
6 72
31 100
10 250
91 228
60 61
24 283
75 136
150 152
81 158
110 112
276 277
126 248
115 267
83 230
134 166
110 245
109 141
103 219
31 217
115 166
28 206
35 111
124 124
40 195
232 289
113 219
186 278
161 183
33 44
56 187
152 276
82 237
139 198
192 274
69 179
43 265
173 173
7 112
94 114
161 261
109 159
61 156
53 244
35 185
134 165
55 297
90 263
52 228
9 85
100 204
160 216
36 119
16 176
231 241
89 161
100 155
169 178
94 263
114 166
188 226
139 144
114 218
9 228
41 123
25 30
74 296
106 218
98 188
73 152
29 230
22 52
12 172
12 296
83 206
83 135
24 116
78 167
50 63
133 295
239 251
133 278
85 132
53 276
34 197
121 190
272 285
239 275
67 218
98 168
48 102
84 240
106 209
37 122
87 203
58 72
76 225
181 205
8 282
183 239
82 271
109 114
228 257
103 230
10 235
225 241
94 106
70 156
104 276
213 293
236 256
40 120
86 118
9 58
154 289
167 239
10 133
38 122
61 111
38 239
11 56
189 206
71 212
141 195
28 238
172 192
112 120
30 242
100 121
2 72
105 235
107 126
139 229
140 238
100 216
44 252
12 54
95 140
100 295
30 51
23 153
82 208
242 264
125 244
114 207
36 267
195 220
123 234
238 269
107 195
167 270
10 289
230 299
35 59
66 123
104 257
80 106
89 93
104 177
136 211
10 119
20 97
15 281
43 73
35 273
39 129
52 212
38 160
180 259
231 272
52 79
3 162
58 289
35 299
6 44
106 288
61 141
64 234
1 90
1 284
1 56
113 270
130 234
11 30
85 200
159 194
5 13
73 141
8 32
111 280
1 215
11 228
220 232
60 231
59 138
39 287
3 132
88 117
25 74
128 130
216 228
160 259
61 92
141 153
126 192
18 299
149 218
114 256
35 240
50 242
82 158
162 258
183 242
146 298
11 207
133 263
264 293
57 223
72 285
71 126
153 215
69 85
79 80
80 212
168 183
3 61
50 147
119 188
47 196
14 117
199 263
95 292
18 164
19 174
128 288
7 241
146 211
72 230
83 222
96 207
128 248
72 242
2 187
44 114
143 290
1 139
111 157
112 260
133 182
16 118
283 300
191 295
157 266
9 195
53 265
68 112
146 243
115 240
219 254
203 212
57 174
146 158
120 268
113 273
114 167
23 231
67 170
80 226
44 228
219 294
95 232
150 176
87 89
204 230
258 282
42 113
22 40
84 293
128 234
112 129
65 242
7 184
44 47
42 119
167 176
24 156
11 57
30 209
125 134
198 241
89 223
227 281
105 116
43 77
27 208
196 295
75 249
144 163
93 180
45 189
185 198
263 280
81 193
115 248
245 273
115 124
68 217
148 155
64 175
71 276
55 137
55 299
106 264
45 123
70 155
162 226
181 243
150 183
58 80
69 223
43 224
218 289
205 225
188 274
120 286
163 193
145 196
156 265
115 229
28 236
245 298
15 106
211 239
23 212
17 141
139 213
92 130
164 260
133 184
42 101
102 266
2 86
76 100
36 184
171 196
144 289
215 265
98 161
70 119
204 217
22 82
151 265
225 273
122 289
112 166
139 240
149 268
44 124
81 230
224 232
45 246
5 110
113 143
93 274
5 271
81 248
160 191
220 272
108 143
51 82
27 270
199 256
41 251
73 174
40 289
249 259
74 224
99 200
48 145
45 64
18 229
127 271
98 213
2 161
58 254
102 187
70 169
130 189
50 111
64 121
32 136
191 221
37 131
82 155
105 200
2 222
117 193
123 175
265 270
24 297
201 221
37 245
41 173
127 271
12 217
19 97
81 257
82 150
135 200
212 247
91 122
81 267
46 198
35 65
233 247
28 111
267 276
69 243
69 265
182 286
164 241
223 262
14 25
3 35
109 223
239 248
4 111
208 227
42 277
118 165
97 180
176 271
188 235
72 268
32 187
32 243
33 126
7 268
148 285
29 212
127 190
82 135
154 289
65 217
26 31
124 179
83 142
128 185
178 285
9 165
198 227
204 280
57 177
34 257
58 178
91 107
219 282
123 249
177 206
268 300
138 200
79 300
199 273
30 198
98 287
90 149
5 124
38 251
48 182
268 281
128 169
184 251
28 129
218 252
1 108
122 256
192 247
216 246
50 271
37 102
6 79
242 298
110 133
31 53
271 300
108 108
198 218
78 91
15 217
204 281
165 265
84 102
21 56
199 270
15 184
219 277
209 276
105 288
73 122
107 127
92 170
11 178
135 136
80 155
46 163
113 218
53 145
66 293
135 209
213 285
126 141
93 249
75 147
12 94
181 197
69 256
166 188
27 86
110 114
145 290
219 245
15 179
44 88
117 277
134 137
59 275
97 284
49 93
2 92
67 137
163 290
82 266
54 65
35 161
5 27
9 213
56 101
195 255
90 193
70 146
139 280
95 186
20 50
276 283
22 80
101 269
118 141
259 295
124 248
86 297
69 246
256 289
73 106
20 40
22 266
87 157
153 286
13 71
237 269
61 98
21 86
100 218
163 269
60 253
22 42
247 295
173 260
22 290
7 170
64 86
155 241
44 229
126 297
8 121
61 278
79 291
106 276
107 115
46 194
56 260
192 214
73 260
151 235
54 231
149 207
197 282
16 246
114 128
41 254
282 283
131 157
54 80
49 103
25 77
95 192
146 281
137 251
5 168
228 256
30 151
71 236
52 103
9 72
145 289
98 212
3 288
135 268
233 277
99 194
71 135
55 227
235 292
2 219
74 194
193 231
43 137
190 285
21 265
31 162
87 112
177 234
123 251
164 266
145 159
238 271
130 278
180 270
46 214
3 32
29 196
131 217
13 177
218 234
171 203
56 284
13 17
103 175
221 237
13 122
71 80
5 251
140 284
173 286
144 235
137 194
231 291
29 66
53 296
40 250
109 204
52 113
46 185
121 172
33 39
197 289
90 144
10 286
1 202
184 220
43 162
91 287
169 263
6 70
28 230
93 182
136 228
68 216
92 209
107 157
86 163
102 143
24 30
183 243
110 128
2 291
51 254
114 196
86 159
1 185
36 90
136 287
219 237
67 118
248 274
19 49
91 115
42 211
197 204
6 92
104 222
125 210
101 170
41 285
60 250
90 158
91 161
27 91
43 246
160 236
77 197
81 160
94 227
71 272
158 276
105 231
135 280
52 247
97 300
70 272
73 176
117 236
244 254
105 224
97 275
17 104
27 111
154 244
29 30
7 227
159 275
283 283
95 130
94 180
237 255
81 207
221 222
18 188
14 29
163 206
149 241
105 140
10 204
5 139
21 280
12 154
156 267
8 292
84 111
60 178
43 212
129 214
47 80
64 169
139 296
48 63
50 75
125 207
106 137
280 298
132 262
224 248
220 228
56 91
27 45
166 290
119 189
21 176
201 248
140 269
100 189
30 68
98 249
75 199
66 100
85 102
24 45
238 272
248 297
53 98
44 254
89 205
190 284
25 27
55 181
7 251
28 93
16 265
162 265
92 296
184 202
28 99
86 132
42 255
64 146
81 289
96 200
16 196
26 89
36 88
56 273
76 297
140 222
61 191
196 198
61 115
162 267
98 234
57 231
87 223
169 182
204 254
3 168
219 287
140 298
98 275
21 241
162 205
54 293
45 52
27 206
44 161
206 279
28 75
137 285
84 141
30 281
209 251
16 200
141 263
64 209
116 166
75 292
35 149
14 20
67 103
32 203
95 101
125 213
9 120
24 110
8 273
123 142
81 179
40 272
76 105
19 210
166 206
43 170
166 205
49 127
180 266
68 273
180 204
44 60
69 218
140 156
41 179
117 140
18 150
84 188
262 289
125 221
44 256
132 185
6 116
213 264
39 212
5 225
63 243
120 278
153 244
98 201
39 299
98 278
68 89
123 250
246 289
189 257
104 266
115 209
24 226
13 15
35 253
160 254
53 119
109 154
72 161
104 136
92 150
79 215
209 264
83 173
181 290
92 262
134 180
138 289
109 136
50 63
175 287
39 218
74 177
130 295
128 136
80 231
58 179
223 263
71 110
82 272
69 156
142 235
142 207
130 258
88 254
73 124
55 182
22 44
133 287
200 269
41 137
124 175
220 251
194 255
119 134
9 143
6 289
39 256
269 295
107 147
58 253
208 252
10 261
33 182
232 259
16 248
43 192
52 68
207 286
197 284
131 142
169 185
2 94
145 230
52 110
183 284
180 195
148 148
49 161
73 201
162 250
54 180
249 289
94 163
48 287
51 299
77 168
34 118
13 158
31 205
165 179
9 177
142 288
62 157
45 107
80 89
123 151
10 207
169 204
179 286
89 131
52 271
64 250
192 199
210 299
24 252
65 289
257 296
107 151
164 184
16 279
58 193
85 281
106 140
45 276
170 190
164 193
3 256
226 274
102 105
73 189
121 142
102 298
14 203
120 227
2 258
101 263
148 187
74 296
80 139
53 117
2 133
100 173
61 143
11 97
103 196
76 220
178 267
59 199
238 252
70 213
130 197
5 217
185 214
134 256
165 300
192 251
171 179
33 174
226 297
59 246
72 125
159 264
121 299
53 139
140 247
203 204
50 287
72 187
15 158
32 121
46 68
58 211
7 276
17 103
51 84
187 237
161 283
99 99
86 171
87 95
124 254
118 130
133 162
53 246
106 122
58 58
106 220
36 159
1 278
138 236
60 155
149 265
93 95
104 254
98 259
31 91
63 163
117 175
123 274
156 237
145 221
89 214
234 249
37 227
102 120
49 193
161 300
191 198
135 139
140 220
9 252
47 53
181 297
51 220
85 134
75 190
42 174
20 199
47 243
222 286
77 281
18 55
121 277
4 28
18 201
34 164
6 193
111 165
2 63
222 275
81 270
42 263
186 259
34 115
127 186
20 160
20 47
45 67
11 12
13 295
25 91
51 242
248 285
9 13
43 221
235 246
60 137
122 213
83 93
42 268
106 120
17 256
79 111
128 260
232 235
99 108
80 120
175 274
47 170
111 181
101 194
20 24
88 166
169 265
15 259
118 252
54 103
111 223
233 259
205 293
55 193
234 240
144 255
173 215
68 278
72 300
49 106
55 216
77 133
147 275
58 299
91 217
212 217
10 259
62 215
89 126
63 71
15 150
67 217
45 212
27 276
73 293
128 283
143 168
3 55
137 254
228 242
132 136
32 251
95 267
31 137
181 188
53 188
39 239
263 281
104 118
220 222
46 76
56 274
63 75
66 126
139 155
80 216
162 230
40 175
4 79
47 268
10 164
122 242
78 180
72 224
28 120
137 219
192 240
73 268
37 221
230 248
238 283
206 215
34 297
52 122
34 90
89 218
216 222
239 277
17 241
89 121
263 273
23 276
40 121
159 162
185 195
150 245
7 264
136 235
38 236
48 255
107 242
168 268
61 81
39 243
138 243
188 190
25 194
1 145
5 8
65 80
7 34
218 299
44 133
64 93
160 278
183 220
46 89
174 288
99 179
60 167
50 200
98 180
13 128
71 242
248 256
267 287
31 247
167 238
100 104
55 177
214 229
99 137
51 90
37 251
51 203
16 36
49 243
112 140
199 229
102 249
119 228
42 62
170 276
7 199
87 221
7 213
20 291
219 261
79 271
115 249
41 276
105 149
102 133
24 264
88 229
86 190
22 235
42 132
101 178
6 80
34 158
96 278
109 237
239 283
18 102
70 122
38 98
152 296
58 88
65 276
95 221
134 177
100 210
139 154
1 192
10 14
10 214
273 294
151 296
236 247
79 267
77 250
115 218
85 124
205 267
24 215
28 219
145 271
158 240
121 212
96 164
37 197
10 192
108 128
157 226
25 134
22 188
129 195
19 86
272 279
109 115
164 296
5 258
153 217
41 192
157 172
33 68
192 233
116 121
116 195
73 147
173 194
171 221
145 205
196 284
14 227
4 58
22 26
23 242
155 282
35 206
38 298
2 104
127 253
64 133
78 160
53 101
198 266
74 266
253 295
68 119
141 228
15 124
177 291
83 227
47 237
74 163
12 76
12 148
26 69
44 220
54 176
120 134
19 258
111 293
33 206
158 195
195 196
242 293
240 259
65 121
5 32
260 299
60 98
162 294
220 266
35 144
83 186
17 240
161 225
158 244
113 176
184 185
210 226
161 212
19 278
23 213
172 186
13 282
66 186
105 244
18 74
9 132
131 277
166 294
145 207
15 147
27 177
207 246
90 274
115 298
129 240
120 154
171 221
122 295
80 249
21 184
74 76
243 273
52 264
1 186
132 137
23 219
65 85
124 211
116 234
13 229
79 146
280 285
22 93
64 161
49 217
267 284
107 286
209 226
6 86
144 250
84 185
58 270
5 160
55 107
48 282
148 268
20 118
75 81
17 173
39 115
208 210
115 215
165 298
7 110
239 264
95 244
19 172
58 253
92 243
155 193
59 113
112 283
135 236
83 273
76 294
158 293
208 221
67 167
284 287
146 200
194 247
209 211
267 296
111 138
68 78
210 272
81 113
150 272
51 201
37 201
174 264
186 201
151 299
10 153
1 44
33 265
71 148
71 155
37 113
31 146
107 118
239 254
198 276
139 225
205 222
20 87
70 106
1 110
68 276
202 202
40 78
69 283
247 258
15 31
59 130
66 113
4 5
43 178
31 169
216 287
63 110
230 291
217 269
143 162
23 41
54 259
271 274
261 280
111 274
2 132
155 297
11 73
96 142
86 183
72 165
66 167
201 215
26 64
47 109
82 281
76 291
154 186
74 148
9 111
1 62
33 138
76 159
3 53
193 221
133 281
152 281
87 268
216 270
192 273
10 29
8 250
78 227
169 261
37 267
185 199
67 195
147 268
10 154
133 190
176 265
16 76
249 257
104 120
37 249
54 244
120 185
12 201
73 97
45 119
48 202
138 146
76 122
39 48
260 261
29 242
23 179
71 84
89 247
108 260
123 270
84 251
46 47
41 113
131 141
20 49
187 282
40 112
34 42
98 184
128 255
22 121
78 265
175 222
62 185
232 232
81 287
148 178
271 293
207 228
52 106
174 177
5 187
140 151
212 265
168 264
137 146
179 188
195 202
91 98
90 235
143 188
112 224
24 66
88 223
92 130
103 123
64 68
212 259
191 238
16 85
15 64
12 55
7 82
140 263
96 218
51 157
191 226
157 192
225 250
123 268
101 151
160 187
41 227
277 289
190 201
160 196
183 250
151 244
162 275
246 268
68 198
223 243
113 267
135 243
87 202
112 122
240 292
14 194
50 134
110 188
265 281
208 279
79 283
184 216
6 198
286 286
79 122
106 212
109 265
40 168
151 162
47 128
169 215
146 181
47 62
11 71
118 260
61 64
231 300
145 251
297 297
138 267
63 263
68 205
90 90
63 160
227 287
11 182
18 243
102 246
184 233
118 162
9 269
57 120
125 146
151 215
160 277
209 285
44 90
41 147
86 283
9 206
144 171
171 188
39 220
259 279
19 113
175 226
18 218
30 265
112 142
71 196
5 139
39 42
76 271
21 53
67 293
144 300
75 97
12 200
32 293
28 147
98 125
40 122
244 259
178 234
228 297
71 275
4 105
48 269
80 197
75 275
22 191
61 297
167 283
207 262
164 250
58 280
90 197
67 183
70 107
58 71
187 271
232 274
166 254
105 208
5 238
138 270
223 267
72 260
146 177
8 300
30 115
73 140
266 293
64 144
286 289
7 277
119 206
203 261
130 138
151 182
62 258
17 206
165 202
99 132
2 287
21 180
58 229
58 201
60 268
19 253
40 95
153 296
39 171
95 230
254 260
44 130
11 149
137 152
20 212
52 96
142 259
212 275
8 45
50 299
99 235
95 200
154 235
203 290
87 146
70 270
15 194
80 189
26 130
86 232
196 263
67 224
167 226
80 196
122 171
6 188
221 249
197 210
150 200
86 88
280 288
10 223
202 282
165 225
146 171
147 257
32 216
153 264
91 204
189 232
234 263
48 78
6 165
144 223
121 159
227 274
91 288
84 284
30 94
50 108
26 104
85 199
156 164
178 242
68 230
35 189
39 137
25 290
164 166
123 183
35 193
287 295
140 264
86 289
9 59
139 159
135 300
10 267
9 21
149 287
45 171
27 183
85 118
111 243
166 207
223 256
131 205
39 82
18 300
155 157
2 192
121 225
67 265
85 259
72 127
247 288
29 231
161 241
55 217
122 278
208 285
47 185
8 77
96 251
43 114
161 219
66 131
149 257
17 208
50 186
75 285
141 207
78 140
81 84
177 244
258 271
18 42
132 248
80 97
28 220
63 280
30 84
190 231
10 299
69 196
111 245
6 33
198 251
100 132
34 169
108 293
51 238
88 98
185 274
77 217
153 175
186 299
28 137
185 185
212 273
35 119
256 263
2 98
100 256
198 300
59 171
38 145
93 138
194 195
28 132
1 123
153 292
90 204
44 292
151 187
40 57
136 153
104 275
152 179
136 268
35 277
61 68
128 192
202 294
157 162
7 296
110 143
86 144
123 231
203 278
224 299
119 215
118 119
29 270
53 174
109 219
137 166
88 195
183 254
48 239
193 252
201 299
136 283
109 256
146 201
9 268
60 62
30 181
92 229
188 265
34 155
158 204
163 217
143 218
40 104
75 235
65 202
85 231
274 294
179 216
205 275
114 259
41 42
14 299
155 299
137 220
134 172
110 181
10 243
216 261
31 158
105 241
73 266
85 246
74 270
78 168
179 219
276 283
25 238
146 227
169 216
207 259
57 194
130 206
146 228
11 246
147 163
54 267
84 158
87 247
70 265
2 66
223 268
53 80
4 42
193 199
269 284
7 51
122 174
157 202
47 114
87 209
32 114
12 106
228 293
110 137
104 189
150 268
220 235
40 157
207 248
71 158
148 294
39 270
151 216
70 126
77 96
80 272
160 219
102 263
34 106
88 258
131 248
120 220
41 72
154 247
96 235
10 159
202 233
20 45
18 257
44 178
167 241
170 289
235 295
9 250
59 280
139 177
115 223
51 149
200 206
95 164
203 254
113 282
100 124
27 288
25 71
69 124
167 258
147 241
185 186
9 97
198 286
73 235
92 128
107 147
22 57
149 156
69 117
1 146
131 255
27 47
70 93
50 216
274 290
165 273
207 278
30 203
6 247
57 60
171 259
105 250
114 187
137 169
136 269
5 82
55 162
7 236
71 166
5 246
32 165
6 195
109 289
103 207
48 144
256 266
221 248
149 248
105 108
22 275
102 195
20 139
33 169
116 259
124 165
24 211
102 114
17 136
113 277
63 101
122 207
201 290
208 250
42 52
77 187
29 228
53 249
37 113
54 167
51 255
146 233
1 3
155 259
29 179
34 190
9 79
198 198
47 197
15 150
2 85
234 247
92 192
38 87
124 192
66 291
18 244
128 171
183 283
3 3
18 30
1 74
145 200
96 121
31 196
190 249
162 190
150 156
55 262
67 127
129 198
46 48
110 192
24 161
31 124
41 188
45 187
161 185
7 227
174 186
31 239
89 158
127 138
244 298
45 261
138 219
241 278
152 258
32 277
143 247
84 134
168 263
143 183
175 204
15 228
18 91
216 232
101 243
198 229
30 240
5 89
13 190
36 135
13 192
237 260
266 297
93 237
100 206
224 281
182 248
47 79
135 233
97 128
104 194
49 153
128 140
151 156
55 212
144 253
143 299
132 141
178 212
162 192
92 213
174 284
63 86
1 125
15 244
259 288
222 282
191 201
82 183
161 240
4 239
153 160
103 285
171 193
46 97
170 286
185 290
41 235
157 251
145 233
41 263
44 238
87 188
16 227
228 253
109 246
208 300
161 190
152 233
127 166
59 194
225 270
48 184
112 139
83 181
47 203
39 261
52 103
56 201
158 233
274 286
97 295
30 218
116 192
8 228
142 265
47 58
39 167
86 247
153 254
108 258
238 296
229 298
50 292
30 222
130 232
148 241
164 197
12 115
100 195
76 151
129 142
191 274
16 65
209 209
10 162
23 244
32 75
63 176
28 126
118 198
22 67
138 270
171 287
164 168
163 207
110 279
110 126
1 204
189 265
80 211
226 299
43 125
9 76
220 253
243 259
147 201
100 236
148 269
44 148
162 200
186 226
71 268
27 92
136 218
141 235
50 182
111 224
33 96
185 213
176 267
45 265
52 263
105 249
70 170
174 185
187 203
12 295
206 255
34 120
172 181
61 149
141 279
144 221
255 297
69 251
165 216
100 289
25 117
98 114
183 259
5 203
16 159
17 209
26 205
19 88
100 177
33 274
144 216
97 175
55 115
43 130
125 299
112 213
180 241
229 282
24 71
125 143
36 125
7 271
75 253
73 82
267 267
141 222
258 293
156 196
271 272
84 133
26 282
65 65
25 279
259 270
185 190
114 123
24 140
107 277
210 254
95 291
73 252
158 208
23 167
66 160
218 237
91 232
56 156
39 95
3 136
108 175
232 234
162 244
148 217
85 233
24 183
182 226
142 160
163 280
8 173
108 300
32 291
48 209
190 190
122 249
295 300
136 204
245 261
90 140
20 187
37 170
42 152
178 261
70 247
67 114
44 286
174 192
137 201
219 288
28 253
91 153
122 300
76 185
26 227
168 258
50 166
112 178
2 108
35 225
105 222
55 66
55 203
200 210
167 206
50 148
107 193
80 235
43 94
169 209
217 279
202 276
191 209
160 242
122 155
178 262
170 215
127 250
97 114
193 270
56 279
286 299
74 131
117 247
65 169
131 252
143 274
48 281
193 290
89 125
143 278
202 234
33 76
192 254
81 196
136 292
71 89
4 63
69 80
13 58
100 265
259 291
235 255
53 224
75 229
46 96
174 275
211 243
36 221
3 245
63 85
194 298
85 129
244 264
111 270
129 191
5 157
171 185
178 181
225 242
51 176
96 213
72 163
22 144
80 228
226 298
28 34
240 247
153 272
34 60
25 234
160 195
38 130
41 201
59 203
186 263
152 222
128 194
36 235
171 195
80 167
163 275
211 287
138 205
161 202
110 300
159 259
143 219
33 284
179 291
10 222
21 24
35 271
70 196
52 201
70 295
60 168
68 175
84 216
42 275
34 162
99 278
8 56
105 299
132 238
202 241
124 212
109 254
186 205
91 108
2 140
28 248
190 220
146 225
137 279
62 140
95 243
29 90
26 166
1 94
106 235
38 113
139 167
4 222
76 213
120 183
28 223
9 286
40 285
209 241
104 227
47 166
36 45
59 178
155 173
129 163
258 273
167 256
141 183
58 224
268 289
171 214
5 49
44 267
92 247
220 274
85 87
41 207
86 254
52 149
65 184
27 117
20 292
128 233
90 270
234 276
27 299
99 268
128 216
153 165
28 76
23 144
259 261
35 284
67 292
190 293
18 97
66 84
211 259
151 205
107 138
215 276
136 288
140 169
238 270
75 203
132 261
37 294
75 155
45 192
79 157
1 298
135 213
134 230
41 134
206 206
220 285
31 94
138 274
23 259
90 101
52 225
15 282
51 60
58 285
28 259
112 122
108 138
148 258
158 235
37 195
169 171
20 166
31 171
72 152
172 250
108 177
149 164
32 183
6 213
47 261
17 162
16 103
12 108
22 203
41 52
71 261
34 218
131 262
110 170
134 269
176 184
29 237
151 255
63 88
155 293
127 280
107 263
65 90
140 208
10 285
192 196
131 290
49 143
39 215
279 280
25 86
226 300
74 218
9 281
89 124
50 267
138 198
198 200
9 88
157 222
107 224
264 294
54 131
22 212
70 83
273 288
74 261
120 174
43 202
60 238
183 293
7 129
51 180
127 182
11 197
17 108
9 222
93 126
17 107
26 103
102 119
238 255
34 139
173 265
2 96
124 267
95 255
127 139
67 123
138 179
170 172
14 222
22 68
57 89
91 209
65 149
93 156
53 148
89 231
69 94
79 242
8 232
215 237
176 258
71 198
88 104
5 175
179 258
220 290
31 243
202 258
55 256
91 171
54 245
83 256
11 11
23 165
62 139
19 234
168 209
114 124
190 281
263 288
206 219
110 260
81 273
82 178
112 245
213 267
185 286
9 69
80 265
44 172
79 177
91 91
39 191
88 274
69 204
146 210
36 253
225 272
155 276
34 217
242 273
221 251
186 265
71 87
60 117
284 291
93 181
265 287
12 103
140 182
90 198
214 246
9 159
127 154
48 108
224 237
125 151
10 101
247 284
218 226
84 241
265 269
153 253
191 244
153 208
27 144
203 295
31 141
27 75
89 127
6 272
217 248
22 154
37 105
205 253
30 213
250 281
52 240
187 216
3 59
28 119
116 293
40 219
21 163
40 190
201 231
37 133
211 284
105 106
16 109
115 244
82 223
109 185
113 152
36 76
149 222
179 224
217 285
65 77
23 182
189 252
228 292
80 111
12 35
58 122
117 176
52 111
21 211
118 140
32 206
119 198
53 70
37 269
200 203
30 123
8 116
138 178
97 119
110 212
23 188
176 242
203 208
158 190
169 250
120 277
40 139
9 57
142 216
209 278
12 93
96 144
186 212
266 272
114 284
88 273
92 286
80 146
62 231
4 204
68 208
24 65
97 239
111 190
140 185
261 266
6 149
260 264
25 239
7 45
57 117
73 256
130 132
14 125
29 83
212 233
190 267
242 276
1 141
41 244
89 128
35 52
154 222
154 279
284 292
20 299
291 300
146 236
5 99
103 215
54 61
46 52
188 200
251 257
129 250
121 153
44 75
29 73
132 272
163 210
292 293
87 285
2 52
37 299
7 50
49 186
50 168
109 186
191 220
25 249
49 180
48 271
158 251
39 229
19 300
72 276
42 107
89 298
25 180
102 205
162 286
3 114
22 240
29 148
198 244
203 274
24 255
14 251
27 44
182 254
141 253
29 283
34 190
66 233
29 43
50 278
39 89
91 243
42 137
27 285
15 16
79 206
100 261
27 173
20 104
230 277
122 189
27 60
123 283
213 215
205 256
78 155
177 272
8 189
8 47
151 237
70 297
80 114
111 252
168 229
12 175
113 204
65 165
167 228
38 294
109 165
161 253
23 138
36 167
42 279
31 255
79 212
281 299
98 252
84 131
26 251
55 223
6 98
43 58
77 234
218 296
19 105
22 251
116 136
1 105
98 265
166 185
44 273
149 292
24 87
100 245
25 190
87 110
25 136
52 175
173 183
77 172
128 183
240 293
106 269
66 286
81 123
176 277
177 284
182 292
5 256
41 124
248 257
230 257
122 130
211 244
170 266
50 283
48 198
173 206
78 289
118 128
45 205
79 209
33 298
42 161
182 260
166 266
11 124
92 94
94 143
76 275
197 261
221 224
140 186
198 248
39 115
156 156
1 196
89 90
51 116
190 300
23 240
100 122
58 94
87 199
2 162
46 200
138 151
8 244
35 246
9 291
42 230
10 175
45 230
58 181
84 94
180 196
41 113
59 207
108 143
40 123
21 114
47 214
1 286
88 286
231 293
198 273
192 295
42 42
16 206
73 192
110 129
129 227
162 252
147 175
166 231
8 203
195 243
126 131
44 200
162 194
7 250
40 166
212 299
94 195
113 200
226 250
4 24
127 195
194 202
145 160
177 280
21 250
91 177
19 159
93 103
113 116
272 290
42 253
106 240
233 294
124 190
114 118
73 269
92 109
30 261
179 201
21 244
84 168
122 166
89 272
56 110
113 130
15 233
56 245
12 98
90 208
83 144
29 67
203 239
68 157
232 236
156 238
196 279
106 300
17 50
130 155
138 216
76 270
31 190
17 126
161 257
201 245
19 78
153 225
295 298
15 28
217 232
174 174
3 221
51 247
56 136
58 75
116 273
112 146
227 239
41 51
36 195
189 240
30 47
54 113
246 294
92 120
17 35
78 268
12 140
170 293
172 258
162 171
181 225
109 126
48 213
27 290
86 198
107 299
63 124
88 269
22 293
82 300
266 296
81 216
12 58
52 80
8 40
75 94
11 107
205 209
23 60
95 266
38 72
72 251
119 133
106 152
216 230
11 225
27 283
217 260
18 78
109 280
290 295
68 132
33 286
174 255
73 129
65 257
120 171
227 228
21 173
20 55
194 275
13 297
219 299
179 180
54 62
152 248
17 204
173 202
49 113
102 123
147 154
2 79
26 165
2 185
95 149
52 223
81 255
61 126
65 216
98 237
243 269
114 164
45 263
191 194
99 148
62 291
92 194
93 259
44 188
157 219
69 170
24 85
116 203
278 297
64 131
63 288
79 179
61 189
238 276
160 188
187 253
154 205
14 46
66 170
17 170
67 207
2 298
17 232
82 126
113 244
129 241
130 140
236 264
226 242
12 208
75 148
157 177
111 246
104 209
223 255
47 255
223 266
102 233
4 98
64 257
189 221
80 294
98 113
122 139
121 216
57 108
124 210
36 300
174 278
93 98
54 210
277 296
88 95
151 241
146 180
81 104
49 189
209 299
110 182
2 263
112 148
149 276
126 232
178 279
40 76
217 250
12 99
227 281
136 244
125 198
91 165
7 31
116 217
128 133
95 98
160 255
8 185
31 194
129 285
106 215
120 285
128 148
85 181
161 298
142 276
113 198
94 175
30 230
172 205
282 287
167 255
149 161
75 300
94 245
35 84
41 238
62 285
42 262
189 200
23 50
174 220
123 154
152 209
99 290
84 203
56 254
48 189
78 176
30 276
58 267
181 223
122 188
151 277
87 270
167 208
168 208
1 221
158 253
173 190
200 213
20 107
112 253
18 146
172 185
86 95
275 276
16 28
204 252
99 127
45 193
78 280
106 205
68 85
9 164
240 294
26 134
42 300
45 141
97 196
231 259
6 229
63 132
60 177
160 251
85 225
109 184
7 246
4 87
81 136
249 271
31 187
53 72
208 249
157 224
49 212
39 90
225 233
104 135
101 290
9 171
68 294
32 297
154 181
27 170
154 229
139 228
61 280
36 190
208 274
155 162
19 276
10 229
39 64
7 56
204 220
8 291
189 195
277 300
22 232
103 134
104 274
285 294
53 171
10 21
17 148
7 127
154 164
16 43
119 245
34 61
31 262
47 235
140 243
37 239
129 222
20 263
95 287
107 142
46 162
206 283
87 101
23 43
6 279
159 221
27 272
136 255
132 143
223 224
27 254
110 244
180 259
96 198
7 245
126 189
89 145
34 136
230 298
5 45
184 255
217 226
34 135
86 137
18 137
281 291
50 195
127 155
80 244
38 254
91 279
267 288
42 114
135 222
120 146
1 282
41 206
122 155
227 246
32 256
161 229
85 255
225 240
89 185
194 299
255 299
25 260
14 213
124 257
137 215
93 276
44 245
188 266
245 260
102 264
82 154
146 267
84 268
207 283
107 272
126 147
56 230
43 188
36 164
175 280
267 282
147 147
146 231
14 89
247 265
116 290
98 173
36 101
217 229
35 258
97 209
23 267
51 255
288 293
97 289
35 42
200 205
98 155
134 279
22 137
184 186
191 211
89 120
16 285
23 62
12 197
37 240
40 85
116 153
14 229
2 89
152 290
45 95
192 271
74 178
172 287
68 139
60 248
96 227
92 118
89 212
191 296
10 220
84 276
166 250
23 83
103 234
213 255
44 85
11 275
40 214
94 211
160 163
143 283
82 142
88 265
1 130
139 248
30 114
140 154
132 207
65 127
16 240
147 294
54 243
91 178
197 298
228 229
112 207
99 229
21 258
79 189
111 260
172 210
94 295
12 67
58 79
55 108
288 296
138 225
115 293
93 195
94 241
48 189
28 33
2 141
144 174
118 192
159 183
91 211
269 277
11 103
100 101
48 225
170 264
180 181
203 259
135 221
51 152
50 119
8 102
156 269
133 155
154 208
43 59
177 191
169 238
178 279
143 178
73 272
60 300
90 188
62 70
28 210
74 202
54 258
96 292
82 160
147 220
281 293
65 135
131 154
15 171
30 254
161 232
88 146
91 123
23 248
175 214
132 147
93 247
42 81
283 288
49 101
9 169
130 147
175 246
64 153
14 250
245 263
133 244
158 255
110 225
32 113
75 229
125 242
224 255
72 193
142 290
57 170
20 257
20 92
2 23
50 198
178 290
166 270
10 62
16 271
79 100
23 127
199 243
208 257
202 237
60 82
62 88
27 89
62 90
9 299
44 155
117 295
52 190
48 240
115 178
200 295
33 90
79 263
5 164
89 99
7 122
24 261
80 125
84 159
121 177
3 77
148 246
14 123
104 278
248 284
29 295
11 242
12 158
9 20
68 282
87 282
92 119
43 242
172 214
104 156
56 276
96 282
231 273
127 135
8 240
3 7
291 300
3 264
82 184
31 292
123 129
60 68
61 196
174 219
56 220
6 117
84 291
87 148
8 125
154 271
188 284
1 78
76 134
68 95
10 37
179 259
55 289
89 230
100 126
112 136
25 256
12 182
85 105
45 215
112 174
209 240
27 280
178 219
109 179
21 127
95 158
161 288
71 260
112 127
79 127
78 138
129 217
109 181
12 93
67 253
38 58
15 92
161 284
216 231
4 73
166 280
114 273
61 231
23 113
180 300
78 213
26 124
246 256
90 266
134 258
46 263
33 106
71 176
18 258
133 238
11 261
204 269
35 75
62 123
24 214
136 223
28 147
1 30
177 187
207 258
109 191
93 158
155 239
92 228
220 289
196 197
231 289
150 164
142 170
109 286
146 295
158 173
22 100
48 111
162 254
32 76
168 274
135 263
26 115
169 276
224 296
85 219
25 298
50 256
155 277
3 294
23 287
157 283
113 136
89 179
3 46
116 214
101 226
105 258
143 144
92 186
60 232
49 255
68 251
97 280
159 211
192 292
111 297
78 179
9 283
28 227
154 261
184 225
276 276
119 300
43 276
184 265
137 267
39 199
15 95
85 237
80 207
98 106
6 9
6 293
34 216
54 268
39 288
103 169
86 148
26 111
81 287
142 247
141 230
63 244
149 254
1 187
206 280
41 194
184 283
126 249
195 231
24 61
65 145
188 248
209 237
149 270
283 289
48 296
13 136
82 230
203 268
37 110
267 299
184 284
20 266
90 148
115 197
39 178
47 240
122 172
48 133
146 286
68 274
221 295
147 188
222 229
245 247
196 207
87 94
119 290
82 193
29 46
120 180
77 225
23 149
101 116
126 139
115 228
2 179
6 120
88 224
207 234
90 157
140 287
77 154
146 175
131 148
142 198
140 186
96 129
67 194
9 162
171 237
187 188
52 214
28 47
53 281
49 201
111 115
223 225
16 155
128 261
131 206
139 160
75 290
126 160
84 155
134 142
12 216
75 160
167 274
11 37
120 272
2 61
219 280
189 276
164 214
136 189
255 292
1 272
94 96
41 261
19 261
116 147
35 228
55 269
51 162
16 230
48 274
102 124
46 95
184 234
172 298
127 251
76 250
215 261
195 297
43 267
37 246
33 133
264 266
149 262
81 256
64 182
153 207
134 282
30 145
256 288
15 293
73 195
231 272
27 94
223 279
186 211
165 234
21 263
245 248
103 148
219 258
107 211
119 177
34 128
121 122
147 178
216 300
81 153
138 210
32 162
267 270
205 224
102 229
3 64
198 213
3 280
215 258
141 261
31 222
173 210
3 18
221 270
73 195
44 168
128 249
175 252
257 276
40 254
25 268
45 61
274 278
236 269
103 200
146 300
40 275
69 245
226 287
146 155
121 133
214 240
292 294
79 193
56 91
30 80
127 248
175 279
35 160
79 232
158 219
140 162
209 244
179 264
263 270
50 205
222 255
175 196
96 183
33 205
92 265
11 205
69 97
173 175
151 213
255 270
26 283
51 159
147 264
256 257
40 171
190 221
43 136
40 192
188 244
51 234
110 153
113 204
176 203
63 292
105 298
13 228
59 139
139 162
171 182
41 138
56 278
179 206
276 293
100 110
13 82
193 258
136 289
178 246
167 245
211 270
10 181
7 79
70 75
25 184
183 292
153 256
22 286
152 205
24 165
65 228
250 276
187 288
64 173
29 217
4 240
145 194
4 82
22 263
225 226
162 206
120 202
183 241
167 293
42 209
111 271
61 177
11 131
57 265
96 206
176 294
173 248
199 201
244 245
67 148
2 75
85 175
32 212
79 112
206 213
254 278
47 63
34 289
182 196
95 225
84 169
102 280
46 224
29 54
148 222
181 202
110 148
35 204
32 153
26 44
198 201
124 251
1 107
120 210
97 152
239 270
150 157
39 255
163 217
53 68
148 256
95 289
50 293
78 172
158 211
76 110
102 275
180 207
221 296
170 225
81 187
17 146
107 241
84 146
139 286
67 234
105 276
83 175
7 270
230 268
140 228
190 260
227 257
124 196
57 84
42 184
212 260
250 280
61 96
124 287
207 285
225 257
26 139
90 244
214 255
97 156
139 264
161 289
151 243
36 105
26 151
230 237
114 170
15 178
27 145
24 70
130 209
146 277
8 288
2 299
37 244
30 236
16 286
63 253
22 50
113 137
186 270
11 49
114 223
203 239
63 216
97 201
100 126
39 166
60 189
172 252
18 198
6 215
65 98
112 265
150 248
80 188
11 51
19 46
63 96
232 299
7 130
78 206
200 249
86 245
79 114
41 284
24 259
47 52
82 93
17 280
150 249
24 299
49 104
37 190
52 275
5 220
12 15
140 225
119 171
32 150
141 290
110 292
181 255
58 164
11 27
259 271
20 141
144 203
52 177
212 300
4 295
14 155
13 291
193 280
36 52
265 293
162 223
135 292
7 131
2 164
8 26
87 186
156 158
20 73
55 247
61 70
192 226
203 257
116 298
138 212
35 168
83 196
184 224
102 300
129 193
63 91
74 289
240 287
26 289
20 121
212 234
107 110
11 32
164 236
15 119
171 198
129 224
117 280
10 150
5 121
198 297
140 265
6 195
234 273
125 135
110 199
147 235
289 296
159 281
61 269
193 254
65 99
248 288
134 205
5 12
152 196
47 224
22 96
35 265
132 190
27 162
76 92
73 131
183 246
158 295
119 293
231 232
171 220
83 159
39 77
56 176
123 152
77 82
48 77
146 199
68 149
80 221
110 113
32 253
189 196
39 113
53 99
247 260
9 155
18 188
155 187
241 300
177 258
159 255
192 269
174 193
12 250
17 51
100 157
6 119
58 126
13 216
52 256
66 297
17 149
130 222
61 139
178 297
143 292
1 32
4 289
25 181
10 210
234 296
78 213
210 231
193 271
198 246
9 145
214 297
55 121
28 257
180 230
75 289
56 218
281 294
96 130
157 241
37 295
224 256
245 289
120 282
245 297
69 289
44 71
184 263
47 227
96 259
79 97
86 115
58 237
74 165
81 252
145 201
122 199
24 39
62 81
245 271
100 206
178 248
160 265
33 165
236 286
63 222
121 294
68 188
55 152
67 259
154 161
77 137
139 259
52 208
4 265
29 289
214 245
11 85
34 269
166 240
202 272
138 241
96 239
61 90
31 102
64 69
275 277
142 174
50 163
172 237
96 238
127 289
1 234
65 206
153 194
259 283
24 200
54 73
40 83
217 227
34 149
185 219
20 260
62 110
156 209
33 185
210 249
24 137
122 221
63 189
8 286
102 176
99 185
244 282
61 268
3 243
160 194
40 91
45 112
169 253
165 176
226 288
210 229
120 174
122 253
81 231
24 24
77 170
124 154
48 179
54 292
119 137
35 117
96 296
115 273
78 128
8 141
42 129
88 129
34 125
158 281
109 200
75 102
24 250
133 188
17 246
1 71
225 259
25 127
190 256
231 233
67 166
142 165
204 226
38 271
106 261
35 241
8 264
44 154
31 213
70 222
95 228
46 225
130 175
113 115
9 236
129 200
35 45
101 224
18 288
191 272
31 237
6 287
81 292
198 206
124 153
48 128
51 156
185 294
207 207
46 138
255 265
86 159
72 284
100 183
14 17
147 185
3 182
235 270
99 269
29 133
85 148
81 166
99 225
137 266
21 27
3 47
183 269
68 261
120 246
211 288
109 111
152 244
270 289
41 262
134 200
225 245
52 83
85 196
153 250
1 246
20 242
114 242
181 261
127 295
146 223
131 258
51 208
62 290
48 257
73 194
38 149
190 215
195 207
102 297
74 251
194 295
125 173
37 275
20 197
56 114
54 253
86 265
126 293
7 175
210 234
14 210
39 108
98 99
129 141
102 276
75 173
121 161
75 109
229 232
98 124
83 279
60 160
81 192
10 280
163 258
97 269
2 7
20 204
4 232
126 229
82 136
179 191
1 154
152 253
76 257
73 237
67 287
219 260
48 222
61 264
37 120
198 299
62 159
197 279
196 266
108 180
53 248
180 222
1 131
176 209
32 51
170 215
47 244
183 253
69 253
130 300
91 129
36 150
31 233
103 136
67 247
10 176
85 277
199 284
95 165
23 288
244 263
14 182
208 270
224 277
63 162
223 226
125 283
59 82
60 220
104 126
74 150
22 143
159 223
31 34
217 222
70 277
133 225
112 157
107 278
20 132
36 285
82 298
230 300
63 250
112 184
172 228
105 254
116 133
182 203
18 195
23 202
195 272
26 52
237 268
32 160
206 270
155 163
24 263
68 169
6 142
75 217
1 79
72 154
34 116
225 258
106 231
39 274
82 95
117 221
178 187
46 85
259 274
26 291
233 254
222 271
21 88
236 248
17 200
95 147
110 169
164 200
191 241
152 227
11 186
90 262
59 278
138 172
128 131
39 281
219 272
4 54
190 224
229 250
13 185
71 180
159 258
40 115
80 217
77 142
32 235
59 124
7 179
252 292
251 277
15 57
42 215
8 225
60 288
95 239
212 263
32 49
176 221
131 163
117 118
4 55
21 199
189 277
18 249
79 151
9 89
91 131
32 107
46 58
261 272
114 182
81 279
71 269
99 142
153 255
58 160
87 174
48 69
106 163
46 102
139 163
118 246
82 119
195 203
258 276
170 240
67 209
243 264
43 287
36 287
120 167
142 237
171 238
48 84
7 135
45 228
26 235
3 217
55 150
59 231
185 203
235 272
192 250
146 266
106 236
54 58
211 254
41 216
52 193
108 205
101 223
136 236
251 291
215 269
96 138
109 243
249 275
19 267
115 186
67 211
3 289
211 230
163 190
102 259
109 140
33 180
240 291
88 215
48 165
64 235
68 90
28 143
35 120
74 220
165 263
146 271
47 51
49 126
104 114
52 227
117 229
200 232
25 223
130 236
103 211
25 231
14 62
129 171
81 299
107 267
188 258
162 300
177 300
25 286
59 235
44 218
45 105
23 101
91 233
43 282
100 164
257 289
44 144
178 241
127 277
46 232
185 236
88 236
74 144
107 300
273 292
20 252
88 226
89 201
221 265
18 92
83 241
41 248
191 265
128 266
171 255
64 98
184 298
149 247
218 271
12 299
176 197
152 285
12 196
276 286
72 227
67 161
6 105
225 294
188 219
13 255
6 222
114 144
56 291
211 270
142 275
128 142
86 176
20 50
155 173
228 252
48 245
57 68
65 127
64 113
30 280
141 271
15 278
99 133
166 222
4 138
34 38
212 290
48 266
35 43
127 213
151 179
38 148
72 231
166 179
146 253
216 278
216 241
15 15
66 256
173 226
35 158
24 245
21 101
119 175
36 43
177 299
136 163
74 187
124 148
108 142
138 184
38 285
104 105
45 159
216 290
113 165
131 211
133 204
184 208
9 60
2 120
132 138
66 85
254 262
215 227
4 125
226 249
68 286
108 287
291 297
242 263
188 214
91 125
34 99
148 237
198 215
35 101
151 257
233 281
100 230
227 252
160 237
9 33
96 162
11 163
57 165
189 290
121 158
241 257
114 288
113 170
180 192
186 218
25 88
57 72
166 262
20 21
6 16
6 118
145 213
199 209
201 213
18 120
169 174
4 119
61 230
27 279
130 157
264 282
124 217
122 172
151 190
113 234
167 260
184 291
49 172
186 246
105 218
203 260
24 246
18 185
5 74
43 293
29 160
98 162
26 266
226 300
121 260
73 177
6 297
106 158
184 199
234 249
65 298
57 57
50 280
31 50
2 63
22 86
127 238
37 256
5 279
27 295
177 203
30 180
49 240
125 266
177 263
205 272
121 272
41 176
86 284
238 242
120 170
69 199
134 226
231 235
142 292
25 227
57 230
113 124
77 121
24 162
17 40
122 136
7 214
21 96
3 144
113 216
97 251
105 183
35 141
209 300
95 279
253 285
18 108
259 273
234 282
135 228
197 263
102 222
123 276
79 135
59 198
135 198
105 241
211 289
80 257
53 167
140 249
14 153
86 165
31 110
117 131
100 165
247 282
147 287
100 116
146 261
69 160
153 259
22 31
197 296
106 144
104 191
125 273
31 81
113 167
110 119
139 199
62 216
43 144
105 264
109 275
27 118
201 222
119 285
3 229
208 278
11 68
117 242
278 288
198 294
125 257
245 253
28 134
207 275
10 32
27 259
45 207
97 243
68 272
86 195
46 156
44 92
99 143
175 289
127 185
81 113
193 244
78 143
55 297
17 187
108 117
86 300
146 216
59 106
213 286
182 194
44 45
202 244
124 181
94 143
48 217
14 63
122 205
99 145
8 196
38 235
6 157
77 178
140 164
40 194
21 299
61 294
112 218
46 283
22 49
174 227
73 87
11 180
91 146
56 76
280 283
104 225
35 237
203 241
38 274
28 122
87 242
157 217
178 183
98 198
141 168
240 282
18 218
59 70
47 292
250 271
75 128
90 116
52 140
87 286
185 273
3 300
245 265
103 103
51 56
141 225
77 160
74 77
132 197
35 42
134 274
13 129
125 133
194 289
75 174
19 289
39 147
43 116
180 284
68 92
130 187
251 284
75 111
14 130
182 249
243 263
270 271
66 215
67 169
110 144
9 108
106 280
36 176
4 206
200 292
114 271
163 293
29 290
212 277
237 295
185 217
28 153
21 78
55 98
111 147
68 260
180 255
155 185
9 232
111 184
139 180
86 213
66 290
147 184
4 195
251 298
1 266
10 298
18 118
290 300
34 138
113 156
39 297
104 145
274 298
138 162
59 191
107 215
12 294
122 135
20 209
10 57
54 149
267 300
17 94
25 182
33 135
160 261
243 243
223 230
50 164
19 204
86 225
119 162
33 232
264 283
100 235
55 69
115 259
18 261
86 161
4 150
31 74
42 147
184 227
46 150
203 293
81 140
15 77
135 179
63 136
111 230
164 271
205 264
74 205
51 74
77 289
10 117
76 249
203 245
108 191
7 54
44 272
110 263
52 231
13 247
18 98
109 287
51 204
191 231
155 262
220 256
271 278
108 222
82 89
219 284
76 194
216 276
115 280
65 119
23 81
201 235
232 245
107 183
68 122
150 250
225 298
184 295
10 196
261 273
19 288
21 113
110 187
27 139
82 166
40 213
231 248
276 298
123 257
24 282
121 253
135 189
59 195
237 284
53 178
184 196
102 160
100 292
40 68
46 183
150 265
243 275
5 111
166 286
263 271
12 16
131 207
248 289
5 280
176 275
284 289
100 268
161 198
188 207
139 293
133 288
121 185
59 188
14 200
20 251
208 243
113 254
299 300
20 152
15 122
169 239
280 284
103 255
81 291
88 169
15 101
51 216
49 278
68 275
96 149
106 299
197 274
31 42
164 294
92 244
67 181
163 283
257 272
25 204
195 204
178 236
88 177
82 166
28 81
5 204
87 283
118 278
12 136
183 237
156 218
135 174
7 300
124 170
141 293
13 278
218 251
141 151
144 186
115 285
8 147
29 264
65 137
108 245
156 287
56 210
217 294
100 168
225 263
19 225
146 296
115 225
100 217
184 217
121 155
119 219
53 189
175 189
118 148
127 204
27 71
91 275
8 92
258 278
5 156
117 206
64 189
2 250
63 172
56 70
95 300
77 258
141 194
34 168
50 128
102 238
213 286
110 256
22 181
108 292
52 52
33 189
253 281
15 161
45 157
119 223
11 293
59 292
223 293
159 297
47 194
107 168
80 227
132 177
87 232
154 169
250 275
193 259
32 252
42 150
133 291
246 298
212 215
99 193
45 103
226 229
101 177
115 168
36 177
203 280
293 296
150 234
88 132
117 205
37 297
171 207
226 268
31 216
260 279
107 217
58 168
141 203
56 174
110 149
22 227
167 221
114 277
55 226
73 288
21 187
261 262
139 192
42 69
221 298
140 158
101 174
27 95
36 204
195 291
6 58
182 284
289 291
110 256
92 264
62 116
46 124
49 263
55 89
143 295
49 116
23 152
168 169
58 233
95 277
167 210
47 264
7 62
103 194
36 169
95 178
114 133
18 287
56 259
75 189
80 169
78 297
4 268
24 273
47 133
92 188
116 116
40 262
111 217
140 229
19 271
248 277
88 292
162 220
5 5
60 195
255 283
82 137
174 197
52 82
69 83
59 259
163 189
159 279
163 172
179 184
77 256
68 223
92 189
93 210
235 267
38 262
146 285
175 191
48 166
130 253
179 226
216 223
14 121
96 254
33 155
81 183
35 109
50 271
132 188
154 224
51 96
15 51
115 141
116 283
27 292
122 241
24 187
117 146
158 225
128 293
37 89
89 180
52 94
71 76
37 217
14 172
134 287
71 273
148 171
11 247
137 179
32 52
85 244
24 127
15 155
1 199
246 273
87 239
4 223
31 267
19 149
47 299
88 279
39 232
133 138
138 256
179 257
6 48
4 76
19 27
248 262
122 286
17 243
248 252
46 153
51 209
25 54
112 152
6 172
232 262
10 48
13 53
68 126
15 35
148 275
186 249
21 134
143 145
79 261
38 275
81 219
213 263
90 101
86 219
114 269
247 280
163 273
152 284
254 261
47 67
40 276
182 274
205 257
158 265
85 153
12 110
25 52
82 91
176 295
93 185
97 257
52 95
217 252
64 223
75 76
83 112
95 129
16 67
16 232
46 73
82 200
256 275
237 273
53 132
144 211
113 253
29 172
178 196
79 255
3 89
148 257
13 246
124 281
56 198
47 194
176 281
111 249
43 280
95 273
106 148
33 173
110 268
63 127
52 107
67 113
120 217
118 253
139 255
111 178
42 181
34 86
136 184
148 248
13 20
73 285
14 261
120 265
1 295
23 217
117 264
193 217
83 224
44 193
35 279
96 137
110 173
13 55
200 211
46 178
73 232
110 258
220 259
95 140
70 256
38 142
213 217
43 91
51 290
70 108
29 125
105 271
13 96
109 266
115 255
89 246
214 247
74 102
115 140
55 92
260 271
50 247
194 286
126 197
238 258
244 300
28 87
137 137
52 128
29 249
141 169
78 190
47 180
168 288
198 282
132 211
62 252
164 247
234 262
202 209
162 225
104 285
60 174
136 167
123 277
53 92
265 274
98 115
9 279
88 137
209 230
9 264
33 250
220 295
161 205
147 266
148 168
136 216
5 202
37 241
119 126
132 280
229 291
22 177
2 101
62 175
40 220
39 147
132 155
47 274
90 178
36 252
58 264
20 161
227 292
211 229
149 173
33 129
124 159
60 138
260 286
213 247
182 256
9 23
52 162
53 140
48 161
32 46
2 80
122 228
69 101
153 287
21 59
215 238
73 249
92 269
7 147
41 180
69 298
135 211
32 274
133 187
97 177
1 158
5 17
209 298
84 172
272 294
28 262
45 199
17 76
40 296
3 232
90 185
90 181
8 50
194 214
15 159
180 197
117 226
161 252
238 260
50 50
211 253
87 115
198 295
96 191
69 113
145 225
63 203
33 115
133 273
33 139
10 109
141 287
159 287
186 229
37 246
5 75
52 289
48 216
189 239
73 300
48 248
150 260
234 241
58 85
79 168
85 274
14 274
30 64
84 142
1 191
33 165
59 260
163 240
142 164
152 162
121 289
94 255
151 248
50 234
53 204
13 148
160 224
74 151
66 128
113 142
133 228
14 237
65 299
108 199
118 188
131 189
22 170
27 250
28 188
13 45
29 289
118 163
181 187
6 249
70 74
179 267
127 270
196 202
137 226
9 91
170 292
54 59
125 280
153 257
200 245
9 99
22 59
51 76
81 101
85 278
42 166
112 159
106 249
35 167
85 195
15 36
44 76
19 200
141 299
101 188
29 294
28 68
34 97
1 283
264 273
60 131
98 270
229 286
44 45
184 256
70 151
96 108
18 128
133 221
31 223
82 196
122 270
159 203
40 259
16 272
1 38
94 112
152 174
64 197
189 192
89 138
9 182
195 280
100 172
97 287
77 157
263 277
132 251
89 137
217 221
159 199
116 149
24 164
20 49
113 134
247 271
97 116
145 245
107 216
138 238
40 90
39 183
25 68
4 156
26 211
2 180
120 181
191 273
64 292
70 237
96 151
6 187
143 286
49 259
164 228
26 163
35 71
52 168
28 125
62 205
171 272
76 300
14 21
135 267
119 202
47 147
111 292
112 117
192 244
212 252
98 158
66 281
30 70
9 163
47 140
67 77
2 58
107 179
145 215
123 281
171 172
28 200
103 239
6 62
41 264
30 141
111 160
103 167
247 264
88 228
196 209
238 268
170 173
29 201
5 283
179 212
78 147
37 96
10 34
69 278
50 257
285 298
127 297
42 63
129 229
58 150
66 69
230 282
151 266
85 88
1 121
58 196
31 264
45 209
17 171
194 265
97 291
58 58
202 300
16 150
7 46
199 298
64 291
138 269
174 239
80 240
191 219
58 239
41 246
59 120
84 181
110 122
174 204
67 112
63 245
6 25
213 243
199 249
106 239
44 186
116 180
63 259
10 258
233 252
66 274
230 294
174 230
149 263
20 34
39 46
59 289
101 151
115 162
102 209
204 300
34 113
57 187
157 276
185 196
111 289
183 280
252 293
99 294
20 238
198 274
71 81
3 149
15 137
11 231
53 263
209 296
129 219
192 221
3 36
137 158
137 241
164 218
24 139
84 239
156 261
33 114
144 244
110 204
50 138
196 269
153 249
7 104
128 155
132 266
233 241
114 146
82 87
72 287
43 159
198 268
88 172
52 279
171 300
15 182
176 257
107 109
40 77
29 192
178 253
162 277
243 278
37 253
65 124
47 213
41 48
83 255
75 151
159 240
182 234
138 189
2 215
23 256
158 217
210 219
14 160
25 299
132 274
60 299
79 94
96 293
58 300
32 156
115 133
96 112
6 63
229 256
234 284
241 259
67 115
91 140
75 168
138 170
31 185
3 159
149 155
123 258
21 277
129 218
15 216
67 248
44 288
40 88
206 287
128 295
33 67
190 266
195 233
70 230
92 276
40 178
27 217
127 157
86 96
245 270
105 256
155 184
78 97
28 135
154 189
117 145
90 93
3 26
226 266
27 191
129 299
258 294
96 250
210 221
230 240
68 144
140 259
218 293
56 285
264 270
68 116
8 25
112 222
68 241
111 200
2 24
76 224
195 227
175 180
68 161
35 172
72 218
8 230
159 194
186 186
33 59
2 144
75 90
115 257
118 230
122 224
123 225
65 225
1 189
92 174
96 228
222 259
235 274
126 297
137 164
17 38
184 289
37 247
99 110
8 136
158 297
56 269
22 146
155 258
76 257
43 83
64 102
120 253
120 182
151 276
85 85
34 119
70 178
2 25
49 123
46 282
30 96
65 196
48 186
13 178
68 121
239 288
250 294
226 299
10 293
156 282
83 292
67 239
148 260
140 148
96 160
166 298
26 207
189 294
72 226
116 239
211 269
264 296
86 223
97 200
55 61
257 266
64 105
59 67
46 167
3 277
96 193
4 232
234 287
207 225
166 180
148 279
254 280
34 266
213 260
206 237
161 226
103 201
8 192
143 250
267 289
157 280
25 46
3 87
49 107
126 209
119 294
262 300
111 287
7 273
134 136
175 247
34 238
85 294
201 201
29 194
83 137
7 78
146 245
111 192
116 264
216 264
33 238
121 215
221 287
246 255
59 269
86 206
252 257
198 208
102 109
35 88
93 116
258 259
130 169
37 65
151 287
103 284
178 243
187 241
11 79
64 299
177 197
87 213
9 227
245 291
121 140
179 179
73 127
26 94
162 168
52 84
78 295
238 285
256 288
11 291
86 147
126 252
49 150
117 191
113 236
107 274
132 241
67 136
22 76
170 233
60 280
60 143
131 216
27 66
8 290
147 165
187 222
245 260
167 284
148 283
196 250
57 85
142 280
194 258
27 284
211 286
54 227
193 269
151 293
237 294
147 285
46 108
43 69
30 199
49 287
133 196
17 54
135 146
57 212
187 296
2 36
82 168
185 285
10 125
57 150
224 265
132 168
36 226
57 132
59 74
233 287
64 218
165 237
11 280
65 122
82 262
97 246
6 100
125 130
63 220
15 80
42 44
122 282
85 209
1 115
47 173
193 237
100 290
178 185
185 259
66 212
137 287
71 251
52 261
15 82
82 229
136 146
135 218
72 236
80 220
225 253
59 242
14 188
44 226
153 251
58 268
55 60
249 269
61 136
42 133
88 285
20 265
31 192
43 261
102 213
40 160
166 176
110 229
73 258
162 249
104 213
156 187
216 295
10 221
5 244
47 206
101 107
194 300
27 58
136 140
112 240
47 193
34 262
73 281
103 168
94 124
269 297
160 218
47 272
238 259
249 273
3 166
51 99
153 252
28 74
70 78
158 278
40 208
52 101
53 225
205 235
92 167
123 229
167 218
18 298
30 127
73 247
11 172
172 259
32 216
97 115
237 259
144 185
104 235
236 270
14 111
120 240
17 291
171 230
146 184
59 223
115 277
16 195
168 270
161 262
42 251
27 218
234 255
191 243
221 269
55 85
30 161
161 246
21 39
16 231
93 132
4 145
191 262
3 68
66 68
10 230
96 191
211 237
92 242
38 228
4 66
78 300
45 226
256 281
78 93
210 215
22 244
127 281
99 115
44 205
40 106
99 135
57 292
82 137
89 262
84 197
146 172
236 243
237 276
62 178
133 226
68 226
182 235
204 218
255 282
166 259
121 256
70 128
176 190
36 121
50 175
11 222
271 282
91 142
177 207
72 97
121 237
115 193
174 201
130 294
88 229
40 134
276 292
4 141
198 205
152 175
180 191
11 290
79 84
167 247
214 284
61 124
87 183
57 272
205 290
67 75
55 197
35 232
147 270
91 183
141 196
88 220
91 208
60 270
66 264
164 293
258 291
53 115
208 269
124 197
14 77
243 271
121 222
110 249
24 232
24 135
226 245
69 255
10 24
7 291
43 105
204 294
178 277
147 225
231 246
2 59
71 125
142 279
21 80
12 113
65 212
19 21
9 77
29 198
4 288
109 212
110 220
98 296
134 161
79 184
174 176
142 274
10 99
36 168
114 120
184 209
120 292
88 153
213 228
157 181
80 86
67 232
26 60
63 227
141 177
32 245
279 295
28 186
196 229
168 220
35 47
56 212
200 258
143 150
128 240
70 145
8 85
129 175
26 114
196 247
25 129
46 234
166 291
189 204
102 220
218 257
40 293
203 242
6 254
5 43
64 287
89 119
202 219
54 75
16 182
126 299
115 160
119 135
85 271
64 290
26 138
6 50
14 175
167 278
59 60
3 70
82 280
28 286
63 159
27 53
57 97
181 230
173 179
73 257
71 245
177 251
47 195
54 280
225 276
83 250
14 136
70 162
55 138
196 248
159 195
29 187
49 218
275 293
33 221
193 224
49 120
182 296
181 276
47 95
114 135
42 172
63 280
52 290
61 107
16 137
72 124
56 197
159 265
44 74
26 253
14 179
166 296
149 224
52 58
139 266
193 197
2 246
175 248
216 271
166 295
205 213
105 206
69 197
151 252
102 252
183 263
80 259
240 264
162 257
147 181
154 227
155 164
5 281
65 71
10 211
44 51
155 270
105 188
115 212
143 258
265 274
198 220
175 268
159 270
40 145
249 297
20 181
65 153
120 136
193 225
249 290
4 43
17 57
144 172
53 199
77 126
7 174
3 138
114 231
155 209
39 91
90 278
218 230
113 133
84 103
85 263
64 203
10 262
224 288
53 78
58 129
19 183
181 239
255 291
65 235
1 262
86 136
140 178
23 84
97 136
41 187
89 223
64 139
119 127
143 244
101 159
60 85
139 140
92 248
109 213
5 151
128 164
75 200
245 259
36 263
73 242
206 260
115 272
175 244
76 146
8 43
154 259
123 137
71 120
30 177
13 271
57 271
118 210
8 73
241 283
175 213
187 244
27 243
150 176
121 207
129 278
47 124
85 139
26 73
104 232
182 217
13 115
40 126
53 299
16 33
205 281
50 175
122 272
256 282
133 144
12 253
123 213
78 92
206 243
33 294
56 219
37 257
139 231
22 271
23 124
92 183
63 142
55 170
57 106
67 128
16 298
21 267
182 220
167 203
63 110
33 79
28 125
109 258
204 265
215 231
179 287
98 220
116 210
22 260
38 133
82 290
104 264
57 280
58 291
231 267
111 197
77 227
3 164
190 251
253 280
239 269
74 164
185 289
28 233
4 256
190 263
104 160
35 230
66 117
7 259
66 155
16 207
222 297
39 154
172 235
274 297
98 297
155 265
14 169
141 188
7 282
32 213
214 227
210 263
67 126
36 50
154 168
36 51
71 184
172 248
69 267
74 117
16 70
89 152
4 184
33 214
277 291
9 22
121 247
185 264
53 104
31 62
207 279
52 147
24 99
4 72
135 162
269 273
65 205
120 202
154 293
41 88
164 255
108 237
75 194
138 298
19 168
79 82
4 180
28 211
7 278
159 175
75 187
249 254
267 291
77 252
196 200
191 265
22 242
170 252
39 94
113 166
122 194
198 275
68 206
174 296
21 286
99 154
200 231
15 88
50 281
168 191
149 279
32 294
22 285
229 272
148 259
74 166
130 240
199 275
107 261
195 270
123 187
56 97
135 299
148 295
185 297
77 260
39 52
15 17
106 197
10 129
141 218
172 293
54 134
158 160
231 295
80 138
117 248
17 252
77 127
210 274
16 94
135 185
98 217
44 242
125 258
153 298
37 159
176 234
92 241
152 232
148 227
7 267
25 253
142 211
114 116
80 132
78 118
57 149
6 281
20 215
77 254
169 175
50 270
150 223
131 243
31 36
27 229
65 70
112 130
147 159
191 294
41 125
267 273
117 275
61 137
110 248
58 195
143 230
15 149
86 153
20 275
154 176
77 78
88 121
243 279
54 283
127 225
107 235
44 171
113 299
22 142
141 257
8 21
20 267
161 269
82 101
3 97
28 252
30 132
99 167
252 286
82 151
56 153
88 297
75 224
179 246
40 88
96 285
223 272
12 265
158 209
255 294
74 140
72 109
148 239
17 137
144 231
46 289
80 152
115 264
168 179
28 156
137 183
40 176
29 255
98 247
63 267
151 224
251 299
111 199
221 232
151 195
28 123
61 217
264 264
19 256
20 46
61 198
69 110
95 171
154 245
77 83
262 281
55 249
72 277
88 256
116 172
108 117
79 203
136 242
81 290
185 246
222 224
88 191
34 166
72 89
98 110
85 93
142 252
40 264
47 293
84 250
3 233
102 147
98 255
63 63
101 138
117 285
124 137
87 173
32 86
176 215
18 177
87 110
251 295
11 232
22 237
64 91
27 93
50 254
171 279
219 233
61 267
146 195
91 261
6 263
8 170
170 217
110 254
59 152
72 221
140 200
17 113
55 157
70 226
180 289
171 275
33 164
58 204
6 113
114 260
141 166
198 239
26 95
14 289
47 143
73 251
111 225
16 210
106 251
41 101
123 266
91 245
131 199
98 101
75 179
147 168
54 199
2 31
196 292
20 216
107 156
29 266
27 51
91 298
77 271
78 191
96 199
76 148
152 199
68 137
52 188
72 101
246 292
77 181
6 192
59 117
149 181
94 189
53 160
101 137
196 247
42 237
91 96
12 72
235 244
116 249
170 273
42 108
164 179
12 48
37 70
53 258
133 189
258 261
181 267
31 32
76 234
169 281
201 219
49 298
189 271
16 63
65 110
83 97
100 174
34 83
19 150
216 293
65 128
192 212
97 109
215 232
172 285
139 181
122 184
16 89
48 157
55 118
22 291
54 209
61 181
158 257
107 139
202 240
30 165
112 163
8 103
62 134
117 181
34 261
122 137
122 141
153 162
50 252
74 231
26 272
17 236
16 222
110 195
17 122
163 284
192 265
213 225
146 257
148 285
122 220
48 84
49 182
55 221
99 266
94 160
205 300
117 291
182 258
230 245
152 280
128 195
255 276
121 223
102 244
98 195
248 286
107 292
24 112
54 156
137 289
102 267
40 225
5 147
140 227
191 197
242 283
105 125
252 276
100 260
90 166
119 123
71 82
195 274
57 218
1 2
15 161
58 163
9 79
6 238
94 141
86 200
48 156
63 140
123 293
32 96
193 295
42 176
243 257
70 260
107 199
168 191
223 281
62 72
55 73
93 120
56 128
80 241
1 209
152 152
137 292
190 300
14 75
180 194
62 170
43 193
35 184
120 205
201 225
273 278
39 184
1 11
14 84
222 288
97 158
99 204
46 171
115 198
173 243
65 93
41 150
40 260
254 288
31 258
54 273
95 163
253 253
79 292
52 276
86 132
86 179
146 168
48 59
130 258
97 245
115 204
53 137
101 152
217 298
88 133
86 205
146 224
82 176
145 255
150 274
211 219
204 212
128 193
90 133
288 290
116 241
69 103
88 91
188 235
153 276
184 191
135 257
103 270
174 212
73 164
94 204
84 147
118 211
151 198
209 292
133 268
63 138
78 272
38 187
171 226
15 263
67 201
264 278
83 164
108 194
6 133
34 175
128 286
109 189
72 78
164 205
236 244
65 270
205 260
5 259
68 219
61 296
221 256
62 194
242 272
113 213
48 150
121 288
54 94
182 255
294 295
120 201
204 257
28 100
39 125
126 138
154 178
196 213
19 58
63 241
63 97
39 135
26 249
296 298
170 212
130 199
239 297
19 189
11 126
67 96
94 298
18 262
121 145
76 154
69 274
19 170
92 240
44 167
141 257
86 234
138 166
85 215
115 172
70 219
87 182
154 188
33 51
5 65
70 112
30 187
17 299
59 89
223 223
7 137
23 235
64 222
16 51
262 270
19 60
22 234
165 224
13 133
21 95
141 274
203 279
125 182
68 224
171 257
62 180
40 189
135 173
4 90
42 188
46 262
68 289
29 142
51 259
153 182
106 114
105 154
139 145
76 208
11 141
111 241
277 285
18 46
76 280
211 274
61 283
190 192
142 289
172 297
28 151
193 261
104 147
143 225
169 176
214 283
61 129
138 240
18 143
19 228
139 249
162 291
71 287
173 174
66 134
185 242
14 102
44 134
17 138
145 246
128 160
57 170
74 222
55 139
36 100
15 139
143 154
17 190
5 24
52 69
91 114
11 298
73 121
21 120
83 287
32 85
66 270
16 164
150 226
25 197
179 222
17 224
32 270
181 199
25 234
177 279
13 168
127 288
190 212
48 105
120 279
109 150
85 271
57 160
54 158
84 157
77 211
137 282
9 188
22 74
50 170
89 228
4 153
14 277
154 198
172 282
210 238
6 286
179 278
65 300
65 108
22 85
140 181
43 89
3 195
116 270
91 133
229 267
67 151
24 31
25 42
184 299
214 293
53 264
28 177
166 178
3 140
278 299
112 201
64 233
229 287
166 267
137 199
21 189
120 186
147 166
32 119
43 283
83 280
21 167
189 244
144 190
157 196
179 186
143 145
90 248
151 271
24 180
97 131
47 68
12 83
42 214
182 265
64 193
76 124
101 232
28 189
25 271
54 57
11 193
149 194
186 274
209 267
39 193
108 216
84 100
74 132
188 232
36 83
73 292
3 137
248 271
121 210
5 95
210 288
62 211
98 274
121 186
69 102
21 298
120 178
161 221
38 92
206 208
160 214
266 292
16 110
76 79
198 242
45 220
151 200
274 288
71 169
141 262
195 238
17 175
29 105
129 245
177 285
178 217
80 208
114 234
32 190
20 227
38 177
1 23
11 29
120 152
164 167
76 175
31 226
103 267
20 93
242 244
71 218
134 217
56 221
83 133
230 238
47 177
169 267
132 235
63 291
244 293
4 77
14 35
173 270
18 192
148 263
93 175
41 171
66 141
48 73
56 132
44 268
59 147
128 170
21 147
219 293
287 293
23 269
114 280
57 78
38 105
46 158
137 258
102 197
41 89
180 190
54 236
148 245
47 48
96 245
73 167
271 292
82 85
29 157
14 234
84 182
151 196
163 188
83 191
19 236
126 287
90 279
160 178
164 226
31 51
12 187
156 281
263 289
20 228
24 283
87 133
63 262
85 101
151 283
88 152
143 245
296 300
19 127
75 181
140 209
4 254
122 236
220 224
1 24
113 199
126 283
8 265
32 116
31 201
243 276
208 266
152 255
253 294
52 222
109 174
69 237
66 153
119 136
8 30
163 296
30 59
147 283
75 270
97 146
144 232
42 96
124 206
91 203
64 267
111 268
110 159
227 236
118 256
27 207
128 145
100 102
27 258
118 205
216 238
33 235
38 83
100 106
134 292
127 242
224 285
186 255
87 218
135 151
114 274
183 271
175 220
46 177
126 159
166 276
12 186
20 239
82 182
166 247
34 269
15 187
41 84
47 259
194 252
204 235
96 274
61 69
263 286
26 185
99 172
60 169
4 224
90 153
97 130
104 286
87 234
126 188
77 300
82 173
29 243
45 118
8 72
273 273
22 33
17 294
166 242
91 117
154 277
170 218
104 210
25 73
86 269
71 72
9 41
174 213
22 199
92 123
102 173
63 227
114 231
83 167
12 129
48 197
224 259
44 244
37 219
73 206
25 89
27 103
21 124
266 294
110 276
129 172
136 141
14 132
241 250
75 264
88 151
130 282
1 163
68 191
6 298
112 243
56 111
56 172
189 216
11 154
70 249
155 186
101 244
160 249
24 81
125 199
212 236
190 294
1 61
269 285
57 84
197 299
95 215
159 300
267 289
16 241
60 242
216 282
24 170
127 245
22 223
130 184
77 147
254 279
158 196
240 289
61 228
172 202
126 199
145 298
83 189
85 269
144 245
12 114
191 237
154 197
46 132
47 152
218 279
76 153
93 244
38 281
51 53
275 300
214 237
173 297
92 179
189 206
32 184
276 278
12 247
57 123
176 183
175 195
125 138
255 289
97 168
170 192
2 296
21 79
159 243
223 298
155 257
53 200
84 145
122 243
52 184
61 152
95 115
232 287
142 253
111 288
49 118
35 262
232 273
155 198
155 288
90 146
68 204
118 168
131 269
241 273
152 232
200 252
10 83
232 249
65 247
196 264
80 108
1 250
202 289
239 269
74 179
175 257
116 216
105 270
63 181
58 183
104 168
33 46
14 230
74 82
133 141
106 298
43 156
75 105
15 184
80 299
52 85
104 242
123 156
58 158
197 199
198 260
124 144
204 287
48 156
158 221
106 238
16 96
120 123
17 47
249 274
13 134
47 273
109 277
5 273
171 226
36 144
262 273
95 216
112 121
144 228
19 74
246 286
64 122
218 227
81 220
53 181
251 262
117 238
224 298
19 218
51 213
102 285
13 86
58 212
166 282
155 189
22 296
45 205
169 207
204 277
38 257
219 220
157 278
26 26
118 199
86 237
90 211
20 165
154 300
108 120
110 140
275 280
38 168
67 67
129 274
22 239
209 225
138 290
65 92
142 239
161 195
21 68
120 300
94 139
100 249
66 129
34 59
51 133
74 156
54 247
50 204
68 145
196 219
72 213
131 244
84 231
195 222
98 292
209 235
131 214
13 118
110 232
100 237
239 279
93 218
28 49
46 296
67 185
5 180
169 219
107 276
180 268
57 210
123 287
48 183
140 279
209 234
79 228
12 242
244 258
116 238
59 131
106 180
84 272
57 63
10 294
145 165
58 172
188 215
188 199
225 296
15 166
51 289
13 25
26 222
1 193
118 144
56 122
79 119
130 254
5 132
39 50
170 180
89 237
118 277
157 204
137 176
99 202
25 146
92 128
94 137
39 130
26 254
136 210
22 249
8 240
91 242
4 260
130 204
81 208
14 165
190 252
164 231
8 66
119 158
186 293
136 162
123 299
159 248
251 297
171 197
51 68
147 190
227 234
33 267
117 270
65 91
224 240
158 159
1 152
200 207
42 266
131 275
49 132
19 48
113 274
189 300
108 265
18 226
107 172
113 293
98 138
127 158
170 194
42 236
133 142
35 35
35 236
28 283
48 297
155 177
137 268
6 217
148 279
200 293
36 49
169 242
168 280
222 270
114 229
187 253
223 250
14 197
97 285
2 68
109 235
71 255
59 126
187 232
53 130
132 135
3 163
215 297
31 109
241 285
134 186
223 228
72 145
2 153
113 183
21 158
74 276
79 235
144 224
65 176
33 208
202 263
24 287
206 240
87 87
281 284
215 220
188 195
265 279
109 216
116 250
155 215
48 85
231 297
49 188
224 250
57 203
148 249
115 242
11 264
19 69
6 267
126 272
105 289
183 196
7 229
43 213
184 218
138 249
11 58
20 146
74 184
194 277
21 224
148 273
84 210
218 233
53 131
111 273
48 196
187 263
8 206
71 293
68 211
167 262
49 229
273 284
57 230
75 291
154 256
48 234
2 48
20 157
256 266
141 186
66 257
92 146
43 219
44 116
70 199
176 216
111 139
83 190
261 275
279 292
29 148
46 295
189 253
44 206
38 46
30 182
47 298
246 274
106 172
4 273
99 230
64 101
50 189
219 219
28 255
49 181
21 130
160 206
93 193
61 178
49 145
24 268
20 282
12 266
72 264
56 186
176 201
99 119
18 281
39 141
58 249
104 223
168 256
30 54
153 289
38 76
22 180
49 66
93 219
168 286
19 156
39 160
191 278
166 283
101 277
108 253
179 217
108 283
264 285
169 198
13 194
108 254
109 109
89 211
62 177
106 167
34 238
144 283
116 286
35 297
162 287
97 237
23 257
151 236
183 262
86 140
210 286
103 133
144 293
223 248
1 210
89 291
31 122
64 195
151 222
205 211
4 285
87 124
37 43
53 121
143 221
44 289
25 291
113 139
155 269
134 238
174 276
264 300
261 262
23 136
81 234
85 218
189 191
191 246
123 244
54 178
53 64
123 138
71 168
44 127
71 93
77 93
65 138
8 155
126 204
195 225
67 225
45 267
209 236
17 279
71 288
174 282
25 159
71 295
149 220
212 264
1 214
216 216
65 84
22 268
121 258
168 185
129 210
5 80
82 231
175 179
159 170
194 290
182 221
143 143
76 143
2 18
127 192
28 194
153 258
115 238
49 170
23 229
10 146
81 124
66 77
93 132
56 180
34 234
73 145
1 169
83 203
198 285
175 235
72 299
113 189
96 280
103 259
50 84
164 269
4 13
290 291
162 172
211 262
93 115
56 102
121 148
186 210
6 270
181 237
130 229
109 197
148 199
83 110
105 297
6 59
21 126
13 197
30 90
153 271
94 253
123 131
137 264
256 296
42 68
40 129
53 123
183 261
36 131
132 236
57 262
21 149
95 123
20 57
103 146
220 229
178 213
66 223
23 89
99 260
172 281
38 253
139 183
201 283
56 147
4 250
168 217
20 186
110 130
115 205
34 50
49 191
268 270
227 232
9 52
44 170
74 96
68 173
258 281
6 220
12 282
15 248
74 191
219 251
170 263
76 152
8 210
203 258
168 219
42 271
22 238
100 184
26 260
1 50
28 92
152 260
157 175
203 262
60 74
39 278
120 172
101 253
7 128
29 61
79 266
132 222
184 274
91 193
23 111
132 266
161 256
25 67
110 223
28 189
86 214
223 235
26 82
76 222
149 176
14 78
58 297
140 239
115 221
61 106
99 275
123 222
147 222
44 48
54 275
35 210
8 130
203 297
11 120
55 218
140 155
62 266
111 228
222 249
63 137
210 223
37 248
91 265
85 282
149 269
89 151
24 175
71 216
227 270
28 160
31 235
162 240
142 149
4 165
3 161
60 207
218 229
131 149
43 187
212 231
2 204
110 147
102 283
240 241
77 231
24 293
80 168
104 207
152 219
29 176
216 272
116 128
13 199
128 189
94 196
56 89
148 233
11 268
115 289
30 290
88 262
39 39
13 103
44 113
73 241
233 300
187 231
17 177
29 251
61 110
3 71
11 150
10 163
175 178
50 226
10 98
95 195
151 170
236 238
136 266
29 240
177 226
47 153
144 276
242 278
185 265
15 116
11 138
7 203
79 213
28 105
72 189
57 118
79 184
62 73
132 140
81 223
213 244
65 190
40 256
24 52
9 172
236 291
3 30
69 241
139 189
1 253
54 116
41 291
20 125
194 293
92 181
219 225
217 253
49 63
59 183
9 17
103 193
207 267
243 275
2 193
28 69
67 171
102 201
51 119
208 247
216 286
65 168
82 216
112 287
152 275
230 271
167 243
104 269
134 224
14 76
134 251
115 252
49 207
25 230
192 251
132 298
37 100
78 208
50 60
173 294
139 188
35 54
16 291
6 13
144 211
235 265
211 300
62 165
105 232
60 142
189 238
30 297
228 298
10 217
6 223
124 271
152 240
53 79
23 34
67 149
179 272
80 201
113 283
234 279
75 186
198 234
115 282
63 168
117 245
126 250
8 184
2 210
263 276
92 252
27 131
198 210
133 134
93 194
91 229
19 275
43 156
3 213
224 295
99 169
48 256
224 236
11 240
166 243
81 146
37 173
101 126
121 183
175 201
53 257
135 140
56 272
105 199
87 245
76 142
47 115
84 273
98 233
1 9
96 273
159 246
180 260
84 166
66 171
100 178
246 282
38 96
136 274
95 182
41 105
83 193
4 110
90 182
110 262
248 259
106 213
47 262
54 191
63 191
157 174
191 235
168 225
48 215
29 204
165 182
118 235
31 179
11 195
181 200
141 297
145 257
87 116
28 184
99 248
197 202
131 236
156 201
60 213
24 242
53 161
15 104
100 197
79 216
83 165
197 203
198 217
13 113
21 47
3 258
130 246
178 237
169 257
218 273
138 187
10 70
184 203
117 196
43 260
188 193
29 38
79 280
81 118
156 197
17 153
120 125
93 96
77 98
87 284
158 201
176 264
34 69
4 15
114 249
100 161
183 296
59 121
119 273
84 126
23 154
185 241
208 282
53 67
40 44
69 132
66 106
246 262
103 221
106 299
55 135
94 134
96 212
27 77
188 245
72 211
118 194
14 164
59 226
174 275
133 210
260 288
111 226
96 240
184 273
72 297
171 286
191 225
210 249
115 290
42 208
71 75
48 227
206 232
201 247
15 249
37 291
170 175
19 214
133 272
217 244
80 264
84 138
18 76
204 209
38 132
54 266
3 293
98 269
84 230
246 263
23 238
70 91
187 233
70 189
70 200
259 263
17 26
137 156
21 26
45 46
38 283
55 125
5 266
151 230
67 227
18 114
2 221
80 117
11 13
164 286
40 95
80 143
20 68
91 105
221 290
20 232
176 192
42 248
152 165
61 164
159 270
111 116
220 272
30 194
101 117
14 181
18 67
38 39
66 81
100 276
72 74
57 175
10 237
38 115
51 164
17 66
101 113
90 113
41 104
126 135
35 278
98 174
90 267
44 106
38 99
41 131
275 288
65 233
228 283
28 117
168 187
233 237
59 68
133 245
250 260
102 166
69 130
204 290
156 288
8 40
151 171
64 204
185 218
43 134
151 175
19 155
101 229
197 255
127 236
104 138
126 222
198 280
38 111
225 247
29 213
119 291
68 214
73 295
132 161
10 68
154 276
71 186
94 171
23 205
125 296
36 64
43 93
116 129
230 275
71 105
65 218
90 266
158 177
100 178
163 215
218 267
118 215
246 299
124 142
201 227
33 212
252 282
24 144
124 217
35 153
137 293
122 219
15 48
131 299
71 197
113 184
25 245
33 143
112 200
141 145
63 161
69 91
2 249
9 38
20 276
36 61
182 293
31 106
89 253
25 226
14 298
112 271
54 294
19 56
98 137
67 117
63 230
15 87
31 140
140 204
140 290
144 159
169 254
103 204
47 256
32 80
35 62
26 29
87 288
151 218
98 171
154 294
224 266
22 192
16 38
242 290
198 225
105 113
166 256
156 204
52 143
56 71
121 214
84 113
157 244
69 93
142 143
37 129
15 17
152 274
135 261
175 283
31 134
3 105
156 254
68 101
103 149
57 255
26 217
203 246
184 197
259 272
36 212
17 246
126 140
270 284
87 144
132 226
80 287
140 198
98 262
39 70
225 286
37 47
127 222
146 160
149 217
153 294
28 96
213 241
8 215
37 161
34 112
57 66
146 147
112 256
68 258
16 114
180 238
108 272
10 105
10 80
135 275
113 227
56 141
104 237
157 157
172 247
55 293
45 262
121 231
41 115
185 205
55 250
46 112
85 236
67 154
78 270
108 130
117 292
1 66
7 208
58 236
102 169
22 81
93 97
4 233
24 190
78 163
116 202
36 143
200 277
217 240
78 157
197 237
20 28
149 252
61 106
277 282
143 253
71 143
126 197
13 39
3 225
38 62
92 107
104 183
78 158
73 282
28 77
113 238
216 277
178 202
114 220
34 52
228 279
164 292
14 278
148 235
97 159
34 148
28 88
176 193
98 142
120 208
89 104
30 103
75 86
50 114
72 201
202 227
106 160
207 270
225 244
130 224
96 241
139 291
241 270
230 252
178 231
160 197
12 89
2 154
1 18
118 159
124 225
105 263
248 273
61 86
115 151
44 98
225 241
121 255
200 226
43 172
137 216
44 181
9 100
76 222
148 172
133 229
5 158
147 238
181 245
33 137
9 300
145 147
7 93
68 110
21 136
48 204
161 178
138 245
176 238
77 216
201 295
257 281
82 282
49 86
98 236
136 284
13 296
107 256
44 123
223 292
21 216
149 240
95 128
69 294
174 294
6 109
12 24
30 35
193 205
226 261
242 246
84 107
129 239
64 280
10 197
149 198
152 176
161 177
47 251
146 288
194 274
89 281
35 203
297 298
198 298
137 286
199 219
65 294
11 178
188 213
172 204
156 233
5 41
248 280
65 231
146 221
70 155
125 148
7 100
91 101
24 40
152 225
161 244
82 258
73 172
124 295
27 128
44 107
34 48
55 76
28 50
92 198
132 176
105 160
29 110
31 93
102 106
180 203
146 146
48 125
212 291
15 189
44 300
144 287
37 255
1 231
261 276
146 152
49 88
68 184
180 290
11 92
124 186
69 168
111 134
244 283
123 248
101 273
249 270
204 284
234 295
5 26
67 104
7 46
118 218
44 104
93 267
42 228
133 279
27 187
123 223
36 220
124 141
92 222
109 130
148 238
53 58
95 194
129 292
60 267
159 210
185 215
271 280
33 38
7 120
11 185
33 279
4 98
255 298
205 263
99 168
117 288
27 31
49 110
130 233
86 271
21 140
118 135
108 261
147 274
203 207
100 153
11 19
226 261
113 272
37 126
36 230
216 226
271 294
27 99
173 296
169 251
132 270
178 182
77 270
16 31
49 102
147 234
111 266
113 131
176 259
28 158
172 239
14 15
116 265
108 186
247 281
148 228
164 238
229 289
218 242
34 73
61 165
31 189
99 239
40 42
167 288
149 251
216 240
174 261
97 166
115 131
99 140
45 224
24 229
124 230
262 265
187 209
213 261
124 249
47 97
216 269
112 182
9 174
248 296
86 172
29 261
186 230
31 273
175 199
251 288
135 282
73 84
144 269
126 242
54 251
212 267
32 268
127 134
94 121
92 157
34 117
40 105
9 25
8 249
49 74
253 260
128 258
23 255
249 300
177 290
78 190
122 214
120 209
79 287
248 259
131 278
227 293
10 87
149 284
3 276
18 214
199 208
5 208
252 283
40 109
97 118
117 162
44 248
67 190
30 207
42 78
23 75
56 256
131 210
181 271
54 78
106 247
83 183
259 300
254 254
89 223
23 103
82 94
251 255
56 205
112 244
71 248
198 257
3 133
80 156
31 60
202 267
141 147
10 29
48 193
143 242
91 250
47 265
30 191
51 188
98 205
238 246
53 100
125 247
12 293
115 251
114 117
21 150
257 263
124 134
191 271
73 203
5 131
66 124
100 138
74 272
8 217
201 262
108 182
19 182
6 204
177 260
226 276
41 114
13 196
48 176
139 156
128 149
112 235
49 248
50 172
87 139
180 219
101 203
66 94
86 294
48 89
6 283
14 64
230 244
2 56
15 154
97 208
21 241
24 85
227 288
217 275
38 203
187 300
15 173
4 66
92 177
7 152
20 33
84 292
142 229
189 215
33 272
78 221
13 99
60 63
285 293
124 198
76 227
148 290
240 278
17 214
3 251
124 278
255 277
35 255
50 110
185 240
207 209
150 175
194 225
108 110
103 135
129 218
191 268
85 279
130 280
85 227
150 151
211 224
26 186
48 231
75 186
57 291
28 280
54 212
30 257
34 105
244 284
96 140
140 165
144 268
11 66
47 211
105 282
2 146
38 138
5 135
149 244
157 166
180 193
50 65
154 231
88 188
79 227
37 270
125 251
130 141
150 256
53 55
179 263
34 134
113 289
239 241
189 292
19 184
106 123
140 190
170 219
192 268
39 55
20 221
72 270
20 192
133 260
163 295
59 59
223 239
65 101
126 140
44 223
187 196
152 237
50 203
118 119
200 282
188 221
126 285
1 36
15 120
207 221
30 151
4 136
110 168
49 271
93 142
19 80
25 87
35 181
98 235
74 215
95 113
94 240
17 167
68 267
49 95
41 73
213 239
74 127
243 258
44 259
54 69
39 268
153 201
75 298
64 65
19 185
142 168
129 177
19 48
50 172
258 264
19 257
226 267
54 72
163 199
54 292
19 286
21 66
80 295
92 300
19 199
77 220
34 209
4 173
94 255
134 215
228 290
40 237
13 280
121 217
169 195
98 185
17 71
79 101
34 133
170 199
33 97
220 291
95 220
83 92
11 64
52 138
27 48
37 50
56 264
130 196
62 280
48 123
28 287
135 250
90 187
120 231
246 277
124 199
137 139
46 217
167 296
74 131
8 259
140 216
173 213
186 204
66 87
43 102
175 177
26 193
151 273
23 296
26 35
91 230
80 140
26 170
113 246
83 115
9 95
14 42
161 280
47 120
35 252
81 285
86 235
60 69
11 53
97 174
17 20
180 225
12 36
55 106
198 252
5 197
225 266
42 178
200 280
128 253
119 183
230 233
19 175
88 99
157 221
21 269
39 145
178 260
174 244
40 298
4 57
95 293
167 279
30 166
64 95
179 241
118 126
77 81
179 274
129 145
63 199
129 259
41 299
120 269
90 155
71 74
87 256
87 92
186 204
127 153
76 191
83 249
50 239
158 288
88 97
160 227
161 243
83 210
108 250
65 281
84 202
268 274
59 199
150 232
102 189
218 288
209 291
105 141
34 146
140 150
171 299
17 104
145 237
206 250
210 211
253 296
26 148
43 191
58 243
57 172
38 189
165 207
120 232
79 148
40 127
211 299
57 122
140 255
52 119
30 167
73 98
152 217
223 251
95 150
194 278
24 54
94 156
223 236
77 178
93 292
101 141
134 168
3 265
100 297
74 263
146 278
96 147
243 267
96 155
115 234
143 209
153 192
84 106
251 259
223 285
245 290
36 130
40 300
9 284
26 152
72 246
247 293
166 251
124 250
36 229
54 293
205 212
161 299
172 290
163 229
122 206
3 287
78 159
197 220
195 213
200 248
30 217
114 243
237 248
19 57
87 177
124 255
168 207
167 268
79 190
192 241
138 232
239 268
123 218
13 234
45 185
165 165
149 203
74 75
98 149
114 248
174 281
58 224
44 189
232 291
89 122
143 260
92 203
229 285
63 135
106 149
126 241
64 247
72 168
49 89
83 182
22 132
68 83
185 254
159 254
59 76
14 106
208 286
105 142
71 90
210 232
275 278
101 289
114 284
118 179
183 184
46 271
40 187
132 155
60 292
18 66
226 256
75 83
168 261
28 190
75 100
30 32
30 167
97 161
216 288
53 209
120 212
197 239
74 168
215 288
57 226
82 107
20 184
6 218
141 208
243 248
137 155
129 194
4 47
214 219
30 39
68 187
105 253
109 154
210 214
44 160
5 115
24 188
151 298
28 62
263 292
12 155
43 227
59 116
177 180
118 289
86 203
33 237
112 222
26 104
185 198
41 286
5 92
219 271
12 86
160 162
4 214
78 211
161 225
19 96
152 161
49 138
122 126
104 170
52 114
124 202
138 152
130 189
189 210
104 226
13 141
215 286
168 269
205 244
106 202
16 274
78 170
127 220
9 90
120 234
15 297
40 203
88 289
104 121
84 116
10 292
140 265
54 66
192 272
30 282
101 221
257 269
109 113
41 190
92 280
209 249
148 300
82 195
87 228
282 296
179 243
178 221
53 91
57 253
169 191
56 188
45 259
96 165
129 252
19 201
72 104
149 172
78 292
130 149
120 249
213 262
21 190
8 52
36 123
8 106
127 194
48 203
31 232
13 41
50 235
78 166
167 224
175 190
89 282
46 222
57 276
55 164
230 264
74 228
257 264
66 75
160 160
230 287
223 297
224 297
9 260
14 131
95 234
62 71
93 211
136 138
137 212
227 254
92 139
5 284
30 170
34 193
134 279
127 228
163 276
231 276
97 133
6 252
127 252
49 220
11 269
185 257
250 253
76 264
109 191
138 163
50 197
214 260
154 253
104 127
34 215
2 128
118 174
135 190
77 275
145 186
23 152
89 209
229 277
19 259
108 240
71 233
26 148
195 232
81 87
41 250
91 214
150 172
154 286
199 225
169 280
127 215
160 172
185 228
236 278
76 128
97 123
94 296
169 278
186 213
15 260
106 192
145 267
196 212
147 221
3 88
46 84
55 287
19 142
42 142
22 71
157 273
107 295
127 267
74 101
144 299
108 270
87 262
20 130
212 249
164 242
140 172
50 171
23 80
231 279
69 140
137 221
79 175
150 178
159 226
42 278
83 195
190 214
227 271
126 220
106 283
56 178
227 291
76 290
172 237
30 55
103 110
245 269
109 116
32 83
87 103
82 270
11 216
21 82
45 289
5 18
226 296
16 178
185 275
50 217
138 227
22 218
73 292
159 285
81 275
87 141
196 262
143 191
80 252
11 285
144 184
137 142
91 149
5 233
108 299
122 258
45 254
22 194
139 175
72 215
198 284
95 231
155 174
145 252
5 72
64 215
107 250
13 236
74 90
226 247
94 214
17 21
110 240
204 299
87 237
69 98
124 184
58 146
28 63
98 153
42 229
108 200
62 106
20 86
137 143
66 152
95 250
51 55
90 257
124 256
162 281
164 269
110 205
188 233
40 270
104 125
190 254
32 69
11 70
261 285
151 177
8 284
47 276
43 234
52 266
116 198
76 233
114 298
2 125
2 220
37 53
12 84
18 169
134 249
122 132
32 33
245 293
94 154
60 152
157 296
231 239
46 164
92 196
165 285
5 19
91 236
59 108
47 200
194 234
227 263
89 277
19 274
87 250
41 134
146 196
208 254
65 227
64 256
70 174
69 173
77 234
12 134
265 287
124 235
68 245
148 287
111 172
133 208
30 57
109 201
86 113
131 274
8 257
136 247
9 285
182 240
236 254
31 197
155 290
18 129
37 137
183 221
33 55
32 182
10 198
4 34
95 201
121 125
14 288
74 250
127 149
193 276
82 222
200 300
70 201
33 103
203 228
77 282
86 257
142 269
147 179
219 223
8 41
83 153
133 262
31 268
13 95
12 39
102 113
151 217
8 178
51 248
11 277
8 124
182 229
56 183
82 207
31 209
10 227
136 197
49 164
35 70
26 233
53 300
11 107
131 286
26 220
94 131
207 236
23 271
169 263
246 265
138 244
51 64
183 258
194 212
77 146
165 267
150 283
99 178
80 248
78 104
111 257
18 168
87 134
5 232
34 145
151 173
75 146
197 249
92 121
46 87
52 277
54 161
41 156
263 269
5 64
107 134
7 92
17 253
105 111
119 123
76 209
125 260
85 147
1 144
142 299
39 177
10 268
185 187
125 179
44 114
6 184
49 152
99 213
29 216
289 299
166 233
6 64
46 184
41 204
7 183
28 183
36 265
98 194
22 125
50 285
189 193
15 146
158 196
41 200
62 277
52 215
141 250
140 273
2 41
116 246
185 239
207 268
87 147
40 148
139 174
38 151
13 62
62 257
155 233
105 120
137 247
190 218
109 222
193 275
136 281
247 285
86 180
197 238
25 284
98 123
102 157
37 247
196 223
204 259
31 93
51 277
99 126
31 108
125 288
23 31
24 227
22 291
174 191
66 172
219 273
97 155
26 300
74 247
55 84
36 44
80 222
98 229
86 111
204 228
42 60
47 90
31 282
92 197
26 54
140 289
57 156
205 292
142 283
192 209
73 115
218 274
75 269
12 236
145 240
122 216
36 152
137 248
109 287
83 94
125 259
250 300
2 249
116 248
149 235
29 258
282 293
20 269
58 194
51 121
95 238
174 265
143 203
150 233
4 123
5 136
104 196
18 212
30 258
13 282
207 252
78 144
113 150
34 254
21 142
101 262
45 146
49 286
66 70
180 233
51 173
198 247
3 224
24 73
11 101
35 46
39 276
102 237
29 176
77 89
212 223
143 275
43 135
115 231
29 119
106 111
6 139
93 263
11 177
1 63
181 295
32 196
72 91
237 267
119 267
78 85
75 165
230 251
34 251
8 83
93 146
6 62
56 155
111 207
59 97
55 228
2 166
42 65
5 60
29 224
96 246
115 287
78 296
92 173
52 209
49 190
210 210
99 210
52 146
137 236
19 67
163 185
285 296
189 295
122 237
31 200
104 108
53 136
191 229
134 276
32 212
13 147
198 243
14 275
91 274
213 274
28 101
147 153
288 299
39 105
161 250
27 286
88 204
40 206
204 249
4 18
46 94
167 298
205 255
91 223
65 273
224 252
103 261
219 264
90 256
24 141
17 82
91 189
132 191
59 281
214 227
52 141
50 208
152 238
26 144
83 248
117 172
183 189
100 275
216 235
222 276
156 157
65 275
168 243
90 216
216 250
141 267
83 98
26 238
10 118
161 223
206 298
165 244
103 153
26 149
25 280
91 199
1 46
223 283
257 297
147 171
23 56
66 230
117 133
5 286
58 215
85 107
11 108
254 297
45 164
50 70
44 198
118 296
94 113
55 174
159 159
131 178
74 164
24 202
147 239
74 116
48 171
35 110
52 179
16 250
76 264
22 135
168 249
133 289
35 142
215 294
13 143
129 203
18 82
42 123
17 37
80 263
239 292
41 59
120 137
178 245
41 56
37 236
69 195
39 81
96 231
111 188
163 282
128 296
36 53
98 128
172 223
10 67
51 155
195 265
142 236
14 191
31 159
113 229
95 122
62 112
17 139
154 165
18 284
82 128
212 241
36 236
74 264
138 207
111 177
11 91
130 213
25 247
26 231
90 107
70 233
13 202
87 149
86 258
92 224
30 298
195 272
30 134
272 291
60 77
27 247
39 58
158 271
93 287
29 178
177 274
38 152
150 199
275 286
143 190
102 282
48 173
41 223
179 196
270 270
132 243
25 211
21 253
8 36
113 249
23 109
207 300
10 194
46 186
6 8
100 247
17 155
77 221
218 238
152 266
128 229
102 261
87 114
88 268
100 137
185 244
88 141
2 109
126 128
40 204
44 225
43 241
122 142
49 54
148 281
48 97
92 152
3 179
184 270
75 121
116 278
89 292
195 289
74 179
57 198
159 280
57 136
67 164
154 290
193 245
155 211
176 255
10 53
96 167
75 239
3 299
208 219
201 211
209 215
173 251
15 70
5 300
249 284
188 236
204 246
159 185
256 294
62 235
205 285
12 117
120 177
2 3
79 181
29 263
186 237
164 230
89 116
232 242
68 141
106 257
181 201
99 221
134 264
98 227
112 294
104 272
221 236
45 120
11 99
11 116
3 95
84 139
50 112
38 80
112 180
41 172
35 48
67 186
150 271
70 180
147 243
37 67
254 272
168 265
259 292
203 277
32 265
19 294
146 168
173 240
170 258
140 237
99 224
160 280
172 254
196 273
140 232
91 208
27 178
218 225
110 194
106 134
126 263
70 255
232 253
73 80
97 188
134 246
20 185
249 285
211 256
57 243
4 155
86 210
90 91
15 206
18 25
54 296
242 251
201 214
50 137
25 81
159 268
57 224
45 240
44 84
3 284
76 76
154 172
103 214
55 154
96 178
231 261
15 69
106 262
27 81
16 193
82 147
116 164
45 84
142 300
103 106
46 273
134 295
27 156
64 81
93 216
4 121
84 122
163 208
6 97
109 263
87 272
224 254
156 297
79 185
18 28
184 187
76 200
109 264
81 216
64 171
35 154
115 275
69 173
6 144
192 248
79 120
35 177
11 62
166 212
85 171
92 256
76 101
98 187
16 113
129 232
99 242
33 40
36 153
57 240
142 267
272 272
13 66
117 149
136 191
12 275
2 78
57 183
96 257
204 236
90 291
246 270
27 227
82 179
133 215
173 280
6 46
70 280
24 118
142 266
205 294
43 179
212 293
27 69
131 276
13 79
230 256
209 286
116 188
62 65
13 193
125 256
101 267
85 208
108 267
51 201
45 252
69 123
94 271
42 88
29 59
44 269
110 178
260 292
35 91
76 273
7 123
43 186
68 99
98 196
89 136
82 199
13 240
277 290
85 112
7 124
3 8
261 296
136 256
195 208
136 231
5 82
84 294
76 205
56 111
199 240
118 175
51 93
91 120
118 242
31 143
124 281
60 228
179 220
22 69
242 257
44 91
237 262
256 284
120 204
98 192
174 187
204 210
102 175
237 256
45 284
173 224
93 253
97 158
171 240
195 257
165 238
68 170
101 200
73 291
133 143
30 195
28 220
164 209
77 205
182 297
142 187
127 198
75 156
77 171
3 297
37 119
37 261
193 227
47 59
52 202
153 187
136 280
181 238
74 268
93 248
56 191
198 204
117 161
215 262
110 288
66 182
19 40
66 130
70 169
164 295
131 240
185 265
112 144
102 202
25 126
2 297
77 218
125 216
98 127
195 294
31 224
86 187
47 78
184 242
26 278
99 199
132 192
193 268
98 223
64 294
45 158
205 247
90 104
95 275
122 263
94 172
4 89
52 198
54 300
22 236
136 285
21 31
93 160
2 43
75 119
42 285
111 161
99 159
67 143
68 195
178 266
10 145
9 248
275 279
113 294
86 122
63 128
56 69
36 136
20 280
74 246
28 214
144 249
128 277
62 188
170 282
9 233
125 185
139 277
33 258
1 57
7 253
164 267
41 199
22 287
70 300
16 57
101 202
39 216
37 125
68 255
42 136
25 168
37 272
87 179
139 211
130 274
19 61
103 286
156 281
117 254
23 232
123 262
61 120
80 218
161 214
149 166
3 28
97 191
56 142
83 168
16 111
134 185
214 235
232 234
3 130
58 248
18 211
19 160
82 221
250 272
193 279
218 286
23 183
23 200
14 86
16 141
68 79
3 93
178 225
41 243
98 268
103 168
36 276
11 270
238 295
49 233
181 231
138 147
122 219
68 147
149 291
153 225
93 239
26 72
42 73
107 213
3 227
89 153
69 146
105 178
214 287
7 77
64 172
155 264
59 290
55 80
171 284
2 253
52 151
43 101
147 232
43 155
42 281
67 183
44 105
46 51
14 245
2 127
122 257
171 173
160 260
21 112
164 284
183 217
236 294
124 260
77 80
227 278
186 193
148 274
126 206
191 212
44 204
44 93
200 246
160 258
91 137
129 136
196 296
49 248
230 253
148 173
8 33
39 203
185 234
45 134
30 250
68 243
72 121
90 231
137 262
160 217
103 266
45 162
186 221
273 281
58 209
30 190
91 104
277 283
15 243
30 278
190 207
190 297
157 205
204 261
62 183
204 274
144 267
110 162
83 261
230 276
44 173
87 133
132 160
137 232
117 164
106 250
9 65
18 129
72 116
88 200
143 261
144 204
208 291
15 152
187 298
125 206
97 186
68 297
2 224
178 207
93 241
134 259
65 68
42 89
240 254
125 206
171 189
41 255
40 231
113 125
75 240
5 275
30 81
15 299
47 164
7 24
48 238
70 256
227 264
83 84
213 246
64 135
54 128
43 277
56 185
73 298
95 175
160 297
149 186
95 121
55 260
10 23
109 125
92 283
64 78
206 263
104 144
176 288
252 255
34 94
7 294
1 35
22 92
59 244
62 151
127 280
23 171
7 269
26 162
170 238
107 159
131 218
53 91
145 246
154 189
33 145
44 56
2 117
106 274
131 284
57 298
70 178
53 66
28 207
132 204
33 240
30 108
11 38
89 111
176 298
238 275
25 83
166 294
52 274
190 235
80 280
92 181
211 268
9 239
15 108
91 273
13 98
171 290
234 256
42 109
75 278
29 151
150 237
26 184
195 262
117 219
105 190
125 194
33 134
20 148
29 81
115 256
66 67
30 227
135 145
48 100
85 190
58 227
112 249
171 235
146 272
20 202
52 250
99 241
16 276
200 272
40 226
17 292
69 165
71 146
102 235
174 202
69 270
232 286
55 275
89 184
216 255
42 168
133 179
22 118
100 274
42 145
168 273
28 232
73 130
103 243
188 241
202 211
60 84
130 212
124 139
31 165
16 242
90 212
47 159
27 224
169 248
169 223
113 203
53 195
18 163
143 233
86 236
244 269
130 163
79 107
162 222
95 204
89 147
40 170
68 221
208 251
6 280
40 165
14 54
127 174
58 115
114 188
180 221
136 212
38 60
61 186
50 246
117 180
56 137
100 232
80 134
115 222
72 153
107 155
72 122
60 116
2 262
96 237
131 202
118 160
1 285
47 248
124 173
80 285
17 203
63 167
66 89
155 246
162 255
132 288
67 179
14 178
27 222
25 91
26 130
126 251
2 286
108 281
135 245
53 95
61 168
4 238
160 256
56 214
211 272
86 293
104 154
162 209
105 213
83 288
191 254
208 258
209 252
33 296
103 273
171 200
169 190
6 53
165 261
10 292
40 172
25 97
141 205
257 287
180 238
72 103
13 189
14 177
140 251
268 271
85 128
158 278
35 296
64 160
55 67
93 148
47 215
47 265
183 279
28 184
153 275
172 224
32 161
205 276
127 257
118 190
84 193
11 194
3 40
22 278
114 175
188 253
15 220
30 150
37 232
181 285
15 29
115 167
4 146
126 203
100 117
133 207
140 192
178 261
177 209
81 107
1 232
190 208
14 115
160 293
100 284
29 49
108 112
35 99
58 116
190 264
117 144
119 259
140 242
20 274
112 154
266 282
18 154
39 280
202 245
21 59
51 266
242 280
63 66
29 184
27 30
93 258
178 247
53 122
93 114
33 33
238 263
54 255
232 277
241 288
38 263
124 231
80 84
58 81
202 256
18 94
106 199
224 284
211 227
198 287
98 284
170 274
39 51
99 205
36 215
116 135
60 182
170 239
226 255
27 169
76 98
51 79
32 108
168 199
208 278
101 106
34 137
79 169
33 102
89 187
5 129
52 257
212 243
252 268
189 273
214 219
167 235
48 120
160 186
43 191
45 292
62 246
196 280
5 230
87 135
162 176
5 14
148 165
225 251
24 186
171 248
65 136
32 73
15 271
42 210
166 257
154 284
97 202
216 285
78 121
132 249
98 218
70 131
268 293
15 112
120 221
272 288
98 112
21 231
61 211
142 251
46 133
128 198
25 57
40 216
3 171
41 202
54 98
172 178
41 55
118 157
87 194
153 238
35 220
223 299
182 262
52 293
47 132
54 250
19 25
22 280
143 226
35 50
117 154
99 286
135 268
51 131
132 295
181 284
22 243
14 28
144 222
161 228
75 163
9 207
99 294
208 242
127 245
123 150
159 271
36 278
119 155
274 277
182 263
229 229
256 262
172 251
231 271
73 99
97 164
123 172
178 184
145 288
132 276
231 264
50 274
169 235
20 205
67 163
74 175
62 63
122 180
128 224
228 295
91 113
135 294
32 145
265 290
12 258
144 153
222 230
79 180
253 287
114 154
38 249
163 194
68 70
120 284
7 55
74 74
18 63
25 171
183 244
51 283
70 102
191 298
267 295
5 62
58 120
61 200
59 117
83 136
35 135
130 214
34 222
221 241
48 285
84 115
83 150
36 66
73 128
103 150
22 151
142 156
166 244
146 234
56 61
195 244
104 238
3 167
81 96
121 197
117 129
177 257
142 297
81 109
222 240
127 183
33 187
79 149
151 270
22 230
75 136
187 292
80 293
167 265
85 163
133 246
63 174
106 194
76 202
175 185
105 168
217 249
195 205
75 141
200 300
60 194
17 53
138 229
96 223
37 155
81 211
58 161
92 231
185 230
160 220
57 188
156 293
93 280
60 110
210 262
139 285
45 60
227 289
113 146
101 282
236 260
45 106
14 208
3 29
1 85
195 277
36 142
9 175
176 271
113 215
22 221
185 296
18 170
5 85
81 140
103 282
124 147
180 249
51 133
220 268
105 268
42 53
65 275
137 261
119 298
78 95
152 228
220 242
135 288
135 265
203 248
14 37
30 215
221 221
223 286
35 221
116 197
116 197
138 148
256 272
83 272
92 134
166 221
86 125
50 219
146 172
8 30
96 224
233 249
8 46
280 293
221 298
277 284
236 287
33 159
147 161
159 252
65 254
22 133
16 261
54 297
18 263
18 145
196 224
100 133
101 238
113 117
94 138
187 227
235 256
22 228
214 269
282 300
229 249
68 79
27 205
40 236
145 236
169 217
232 279
226 230
124 140
129 153
94 166
22 29
15 60
116 186
106 184
214 290
184 210
183 266
86 272
272 295
93 94
39 76
40 257
33 42
141 229
81 174
161 176
14 14
114 178
119 169
61 108
78 274
78 173
235 247
78 139
246 267
85 203
4 279
197 243
34 130
44 284
94 99
112 135
56 189
16 41
6 102
168 181
255 286
135 297
206 255
15 273
17 184
112 127
56 127
47 102
90 165
107 154
287 292
44 290
108 109
12 64
181 220
137 173
20 234
50 159
74 240
256 295
81 251
35 264
141 184
27 196
39 194
22 28
213 273
76 235
198 279
20 123
47 54
64 202
169 184
231 281
138 235
248 275
69 147
81 232
130 130
85 145
244 296
146 242
73 92
83 293
66 206
171 208
96 299
1 203
9 36
53 149
133 198
43 70
165 235
92 184
14 158
113 114
27 211
40 243
10 253
161 286
165 284
199 215
36 294
21 217
240 273
209 223
162 188
254 289
238 256
289 290
289 292
42 192
68 199
97 169
61 265
189 264
51 241
199 281
135 254
125 145
67 122
150 169
20 176
55 257
74 217
86 156
49 194
18 20
9 66
140 159
30 120
171 223
113 271
29 104
62 174
98 285
162 255
55 180
10 245
91 138
34 242
157 207
131 283
108 211
60 106
57 131
158 238
170 295
96 169
36 170
265 266
169 206
243 274
157 264
118 151
33 297
72 164
177 222
178 257
131 266
107 195
180 229
66 296
111 129
109 206
12 65
188 211
76 119
62 121
211 244
120 266
7 232
95 103
23 157
10 225
54 112
37 121
156 178
206 231
140 153
104 109
3 189
48 218
97 179
8 42
106 178
106 132
12 283
187 190
71 145
67 71
15 246
23 162
11 226
65 126
28 298
56 78
33 92
59 166
57 234
219 276
63 255
8 283
194 277
37 193
72 269
36 171
27 105
159 174
253 291
84 165
76 221
103 216
4 78
23 91
13 65
58 139
146 287
99 254
55 230
94 242
148 272
130 241
49 290
26 219
24 228
47 192
201 218
63 210
209 229
102 137
139 272
238 288
36 98
268 296
133 203
61 260
38 191
143 185
44 122
11 49
260 298
43 254
158 178
108 214
137 244
187 225
45 245
158 267
100 109
3 60
45 124
97 110
71 219
70 278
7 204
142 270
9 290
27 172
190 239
130 207
56 203
5 28
8 272
6 257
208 213
18 281
212 287
1 10
62 154
17 120
247 287
84 128
118 122
47 258
248 283
149 212
112 118
122 161
207 291
162 175
26 291
134 148
104 140
161 259
51 177
166 193
243 288
177 242
113 222
144 264
16 25
104 143
22 145
54 129
195 296
103 159
109 238
81 296
37 76
47 108
18 283
74 259
51 222
216 217
55 179
64 187
18 121
49 207
100 144
51 88
126 152
258 279
28 150
124 229
22 234
132 163
85 88
82 186
106 166
98 251
224 257
180 263
128 263
126 263
186 247
50 120
66 241
138 181
104 281
55 254
7 177
113 126
74 126
8 279
65 229
80 239
214 242
101 119
194 291
64 142
10 281
91 248
145 148
244 244
238 250
124 178
108 225
1 35
202 218
85 125
91 291
101 231
14 236
24 230
110 129
82 86
229 279
47 65
153 247
69 120
65 298
37 87
80 96
187 207
19 140
43 274
102 224
130 250
166 246
157 274
104 213
281 283
74 201
94 142
19 169
73 156
181 224
12 278
191 202
137 252
33 70
175 245
142 145
133 220
32 217
86 216
202 286
157 186
9 94
114 221
44 240
90 105
64 92
18 203
41 79
33 53
92 205
78 133
93 112
36 102
83 148
201 297
246 288
7 82
4 113
68 152
100 180
37 134
237 275
124 297
144 212
88 287
20 25
79 95
132 206
150 263
38 259
4 267
128 217
33 282
29 69
31 170
187 283
197 276
49 99
99 233
5 153
50 161
144 275
104 171
11 43
132 260
145 220
240 243
87 295
204 283
119 260
38 227
85 189
271 282
106 175
97 204
55 264
225 300
51 221
38 279
46 256
153 277
131 215
178 206
18 184
208 246
283 292
102 271
54 90
29 286
138 165
52 223
123 279
42 272
108 295
148 216
118 137
119 139
106 243
187 230
4 210
29 188
51 225
106 272
96 124
261 283
12 224
37 83
20 62
156 189
207 254
111 282
100 257
86 146
203 205
3 281
100 234
187 248
26 160
214 276
64 104
37 57
111 227
148 254
61 202
226 248
18 243
123 205
257 260
17 191
76 80
199 241
195 197
17 169
91 180
91 213
108 159
96 159
12 239
87 166
165 167
13 35
124 183
54 242
152 192
217 299
25 132
13 155
139 264
3 160
180 245
91 205
24 290
72 87
44 243
40 96
141 149
83 153
49 213
142 153
58 173
85 183
170 208
76 97
198 235
189 291
83 133
197 214
30 30
64 166
188 196
157 267
136 213
172 173
185 247
83 228
119 187
80 261
246 291
138 255
125 248
5 264
157 262
9 181
56 74
11 296
143 243
123 182
28 281
101 173
182 215
29 72
98 183
62 68
111 189
182 269
93 130
25 25
269 283
39 214
64 129
83 231
34 104
97 262
46 61
138 271
162 241
34 98
152 278
106 154
199 300
107 290
45 243
134 268
88 183
12 212
21 247
205 206
23 251
162 163
3 9
83 275
47 122
195 226
155 267
88 270
225 281
65 105
120 270
178 238
169 260
143 214
225 269
110 265
90 282
107 170
108 167
210 295
227 259
205 266
36 52
205 296
134 167
249 292
13 254
180 261
4 71
130 205
210 281
107 156
29 131
66 158
4 172
34 228
105 110
37 204
182 242
29 135
117 158
64 116
210 228
158 241
181 299
67 124
151 186
63 106
31 120
87 102
206 229
177 287
145 187
21 217
143 282
86 222
98 275
245 268
84 163
128 218
29 159
69 88
42 274
6 77
40 94
132 284
220 257
83 223
111 117
82 97
147 158
66 263
64 153
15 230
87 252
149 213
36 281
112 137
174 231
13 272
60 66
10 136
205 259
118 221
112 227
42 129
118 164
229 265
226 226
201 216
14 120
81 114
167 168
31 299
10 138
42 212
13 110
89 112
61 159
211 252
152 245
156 263
83 214
18 193
52 284
186 211
104 153
291 293
55 206
44 118
68 140
6 88
71 208
10 224
79 212
2 261
54 295
14 171
174 232
90 152
86 182
38 270
91 170
23 59
97 264
172 273
83 155
227 276
1 300
7 206
209 265
38 67
253 270
196 281
60 252
172 179
248 267
7 67
29 133
9 68
15 269
219 289
258 266
80 107
137 233
115 118
61 233
30 36
74 253
131 261
10 103
132 234
81 177
70 110
184 235
32 173
253 265
123 170
83 173
199 237
293 297
219 247
55 200
90 120
26 293
26 153
175 207
131 292
201 238
86 296
121 176
77 286
47 207
228 236
92 114
23 273
164 270
197 270
116 243
7 13
13 84
71 95
38 95
42 292
57 59
242 287
212 251
47 176
19 220
32 282
197 283
129 230
108 264
216 236
195 258
98 224
22 224
286 293
46 57
54 285
136 262
26 228
97 283
17 192
32 296
101 195
80 238
75 218
35 92
30 76
73 146
144 189
59 276
38 117
136 136
193 261
29 58
144 238
41 70
48 267
67 120
1 26
63 289
240 255
117 287
50 167
113 128
35 250
99 130
9 275
11 164
185 299
174 275
119 173
35 209
94 282
78 78
49 197
220 280
63 289
36 110
78 192
190 237
81 126
79 180
256 297
39 120
25 229
22 32
144 165
42 85
99 259
112 176
2 216
129 140
55 234
22 265
139 260
167 266
132 181
107 166
1 70
52 200
15 160
225 285
102 112
35 226
5 44
109 123
82 209
29 103
39 221
188 217
30 233
25 244
254 277
63 295
233 262
155 274
53 198
75 182
75 161
22 89
112 255
73 299
39 136
22 246
121 232
130 217
197 226
51 73
87 132
131 132
141 227
5 196
202 225
166 215
38 205
13 49
170 186
163 271
5 161
27 297
171 280
143 157
172 267
187 289
182 184
107 182
143 228
6 273
212 227
122 192
126 230
135 279
168 204
99 130
49 238
23 130
13 59
91 231
63 165
165 254
102 108
237 296
61 79
36 193
41 161
205 273
141 276
110 190
114 228
50 100
76 245
110 198
77 103
251 300
83 170
122 210
12 262
49 300
185 225
273 289
94 102
77 299
200 274
116 151
24 55
29 74
55 245
57 64
3 27
79 220
52 194
117 228
7 216
12 227
65 193
248 255
22 292
220 270
50 101
139 186
77 228
143 189
34 227
153 269
36 246
128 231
77 77
79 254
82 104
135 240
6 199
98 225
233 245
66 237
20 188
61 252
85 229
62 278
132 244
48 228
67 100
15 71
222 245
130 243
185 256
37 98
55 258
94 216
13 69
169 300
36 202
63 260
68 225
125 162
70 126
57 205
101 143
129 162
164 246
9 92
204 205
224 283
79 276
51 61
184 193
2 145
170 249
45 216
134 247
11 144
59 165
110 120
92 237
139 250
116 277
133 135
39 106
201 220
218 256
2 151
69 153
123 215
148 255
231 285
157 195
57 294
202 228
109 240
152 271
29 132
16 89
75 178
77 119
105 109
11 145
76 184
238 286
16 121
165 294
134 162
78 197
268 292
197 286
4 88
129 256
238 258
94 224
125 243
45 173
15 251
112 184
63 108
40 118
53 166
123 196
9 160
17 183
144 285
28 45
31 277
257 294
58 87
261 271
13 31
72 115
151 219
125 198
145 218
52 79
76 123
213 272
232 266
49 228
43 169
20 138
4 272
136 282
57 151
233 292
97 124
131 187
10 201
132 142
84 128
25 208
130 154
74 167
117 123
45 154
2 255
109 165
23 128
12 53
145 243
77 188
118 184
236 297
6 31
24 260
250 258
95 264
82 185
68 106
25 143
96 118
253 275
83 146
25 87
65 82
144 157
79 115
107 200
30 251
25 53
27 107
115 276
166 186
177 198
90 151
3 203
294 298
56 213
106 117
50 261
60 126
226 246
92 298
42 245
53 183
26 204
213 213
134 181
76 175
61 272
149 199
151 153
215 291
119 244
124 169
70 136
172 300
31 295
145 284
222 236
41 288
41 287
18 174
135 242
100 149
56 262
99 211
106 200
66 114
29 30
11 263
111 232
74 269
227 295
126 158
99 152
147 191
48 134
38 204
137 291
74 281
1 7
23 30
186 248
171 185
165 248
17 193
105 133
53 152
25 243
90 138
242 261
254 274
170 230
200 278
208 233
5 81
47 81
90 209
15 209
7 69
186 254
110 221
114 233
136 233
1 279
16 271
91 113
42 287
109 124
124 187
247 259
96 100
182 239
26 245
139 209
62 195
143 272
86 177
277 293
30 246
40 56
48 261
55 283
73 166
48 194
28 182
82 148
29 156
10 143
22 106
28 130
139 204
127 187
134 233
138 149
88 123
14 164
118 225
58 100
158 242
123 295
39 272
42 112
183 229
192 249
99 182
44 234
172 177
103 236
56 280
16 149
278 289
45 186
7 225
27 298
51 193
11 192
67 280
236 282
130 286
36 287
118 244
151 245
123 188
118 269
7 223
7 185
63 211
105 237
24 287
257 267
53 221
52 204
76 252
201 282
106 207
135 251
53 255
51 129
109 169
198 270
120 270
34 157
45 50
67 298
116 220
11 21
125 195
152 299
246 259
33 109
214 254
191 253
83 99
46 249
68 159
229 271
29 68
122 291
208 284
156 186
3 262
63 194
135 248
31 175
1 41
18 83
3 244
27 76
25 163
138 205
105 143
291 298
22 215
29 263
54 142
196 203
32 248
221 287
28 67
21 271
73 77
70 299
108 296
38 245
186 219
139 158
43 290
176 207
140 187
98 135
212 212
189 198
22 126
81 297
139 193
30 139
32 256
118 298
132 282
4 257
94 191
141 179
229 283
225 284
97 236
75 198
199 221
216 284
112 162
196 246
203 211
24 64
231 238
40 217
82 296
278 280
161 163
86 117
12 165
19 223
206 222
194 237
142 229
113 194
158 266
206 295
172 234
30 71
9 212
69 177
178 263
233 283
64 64
243 292
40 151
32 285
152 257
52 152
181 184
182 250
18 222
224 238
8 74
52 55
121 209
37 178
92 226
127 156
147 167
25 141
40 196
269 270
154 209
72 291
199 230
164 285
73 237
166 281
209 280
62 227
134 265
123 282
87 264
116 272
101 288
213 248
93 145
175 187
73 185
201 209
7 39
165 219
105 247
100 199
125 204
3 105
85 292
276 290
209 263
169 201
69 296
146 252
90 191
15 114
141 144
158 260
204 204
149 273
71 79
49 85
149 242
249 293
54 195
147 280
29 31
56 299
88 122
40 281
54 217
63 222
31 170
41 215
55 241
253 293
18 34
169 213
94 95
9 90
53 81
126 275
29 130
24 36
152 268
185 249
28 290
163 232
262 287
196 297
86 231
26 181
90 133
206 234
51 195
120 289
111 167
49 169
118 182
69 300
64 183
33 86
166 170
156 277
1 219
91 127
106 156
50 104
172 185
22 277
88 145
126 145
8 104
107 133
61 281
4 221
110 295
177 273
236 236
46 277
242 284
132 285
53 62
47 142
57 95
183 198
2 129
91 180
91 153
17 150
30 122
17 186
68 229
97 233
45 72
204 229
23 282
11 211
206 239
182 282
8 126
129 202
149 169
23 239
17 132
100 182
24 184
37 186
72 150
34 290
19 39
15 132
149 189
29 102
23 251
187 205
162 204
104 212
222 290
108 215
241 275
191 279
172 231
155 300
20 135
67 251
270 290
12 222
143 296
188 246
19 148
37 174
94 232
16 44
23 25
150 299
102 138
52 77
64 127
213 270
2 69
231 283
23 93
157 203
175 258
155 245
39 100
78 224
98 104
54 155
96 272
11 31
93 270
271 292
3 147
30 188
65 283
15 53
41 274
86 279
135 166
101 181
145 279
28 276
6 185
43 76
112 240
121 210
224 272
159 211
216 260
52 220
16 62
4 166
170 213
25 287
23 184
111 120
129 243
194 264
207 219
49 50
26 200
129 192
82 290
192 289
195 265
34 226
173 218
156 228
76 96
44 129
98 230
16 170
138 287
297 299
148 195
156 176
42 144
85 107
67 70
74 121
201 203
132 250
80 122
31 218
265 282
204 274
54 215
69 267
35 83
103 223
38 300
129 176
113 256
52 54
126 235
20 75
3 25
41 149
73 182
125 246
117 259
33 290
45 184
135 182
85 100
240 290
31 250
191 223
84 120
187 287
71 265
65 152
199 234
118 158
4 182
71 170
113 298
144 215
149 280
10 102
13 43
65 291
99 151
42 228
74 285
138 163
53 202
51 285
127 205
142 222
54 237
151 268
34 205
43 245
223 264
28 57
175 183
267 295
170 184
36 186
26 135
232 283
29 123
149 221
4 197
174 178
14 34
101 197
112 115
222 226
217 233
129 199
88 147
34 274
88 101
217 234
102 286
51 75
53 210
18 96
49 235
167 277
152 210
118 286
20 71
122 298
131 168
189 250
27 61
37 265
170 193
150 163
191 199
160 188
60 150
156 239
44 163
10 60
84 167
3 292
55 79
136 173
118 261
16 187
69 280
156 166
215 219
86 92
75 225
181 242
138 277
81 93
45 219
62 152
76 187
48 97
4 291
86 251
204 242
56 133
33 247
159 205
87 172
125 293
87 152
79 131
164 274
5 134
131 138
221 234
108 285
193 294
72 248
56 288
82 127
118 195
32 119
142 158
65 94
230 295
244 280
1 228
76 190
66 234
53 275
56 60
85 140
102 170
23 108
145 291
131 143
238 245
140 162
124 143
67 288
146 238
74 265
81 276
61 218
106 174
36 216
28 291
247 283
42 276
105 144
209 248
86 128
158 256
12 63
118 279
59 159
163 296
19 110
211 255
22 78
265 300
117 274
88 271
146 235
17 248
74 81
122 160
58 221
5 178
104 190
149 180
82 248
70 225
153 235
241 268
73 212
33 248
65 159
122 262
102 239
48 251
61 179
246 271
134 171
112 252
133 212
247 270
51 97
60 241
275 282
66 221
171 216
66 251
67 254
140 271
102 276
81 239
58 294
65 234
83 160
34 258
2 84
4 292
223 257
159 215
150 254
86 274
175 299
9 121
18 230
45 269
121 162
278 280
79 288
93 235
45 93
85 185
97 214
61 246
1 3
49 141
17 63
56 65
50 154
207 265
170 275
211 223
16 203
151 230
241 290
53 294
134 207
23 177
25 205
29 29
89 234
76 281
130 238
9 191
179 182
75 238
61 72
154 244
107 214
239 257
120 138
155 202
143 179
19 202
106 132
120 299
172 243
22 174
187 192
1 29
161 206
49 127
217 231
31 230
26 160
80 256
157 279
56 90
247 261
42 283
83 291
12 152
132 297
56 73
13 239
121 278
30 102
90 184
61 197
5 268
24 130
81 156
183 235
168 214
147 204
122 253
150 285
99 223
45 241
86 271
10 265
142 281
44 83
124 180
173 249
214 288
104 248
21 186
15 283
201 202
152 250
62 84
86 206
16 97
127 298
251 271
140 294
205 258
3 38
16 270
99 113
59 283
273 295
194 222
39 184
36 286
151 272
82 274
155 247
208 217
82 145
86 173
14 30
158 175
153 219
97 145
242 250
83 240
6 206
132 218
71 185
36 122
119 246
27 185
240 266
99 253
7 260
23 198
67 285
125 217
87 180
6 226
78 255
10 132
38 260
14 39
33 132
59 285
142 234
10 63
44 297
71 83
213 268
234 299
78 164
55 229
25 113
53 194
189 275
100 224
10 144
69 123
238 281
260 296
166 225
36 269
69 176
222 244
66 196
178 269
133 161
26 49
218 245
16 167
225 230
61 172
227 253
146 239
133 277
108 212
12 284
244 246
58 111
65 113
84 298
87 126
142 160
17 62
85 250
93 278
3 266
165 287
59 168
111 204
40 48
59 135
33 48
59 72
30 228
135 155
193 206
32 129
52 205
105 219
90 147
66 273
201 277
23 278
143 236
176 195
141 271
61 184
60 146
38 45
23 29
27 219
80 187
198 262
235 271
151 225
9 197
105 286
207 247
95 128
269 282
56 292
35 85
165 193
125 195
97 137
94 257
108 153
97 271
28 173
24 208
150 171
31 99
276 291
108 183
44 221
89 130
135 290
79 87
202 267
159 272
71 71
33 196
90 206
187 215
180 276
207 257
112 199
6 163
110 115
165 247
116 144
66 271
12 193
56 77
147 202
126 267
153 195
119 257
82 292
15 175
251 252
117 171
48 101
207 223
111 275
95 213
116 288
46 285
17 265
135 235
47 126
175 286
154 246
78 88
23 146
30 89
41 76
115 239
49 112
82 190
96 134
196 274
143 262
176 233
10 51
13 151
108 170
56 103
55 119
220 220
16 134
8 173
164 180
57 291
31 226
146 179
36 209
120 249
36 212
142 288
166 237
145 176
235 294
60 71
216 244
229 238
5 126
44 211
248 260
34 229
127 140
15 40
156 192
100 201
148 262
239 255
216 229
77 294
71 136
63 269
108 170
95 176
19 231
62 179
99 279
132 254
12 17
22 253
194 297
154 291
14 157
39 207
8 94
96 171
52 129
180 244
64 165
95 136
156 227
89 273
6 49
28 237
86 138
176 208
166 255
197 229
78 298
26 146
111 199
61 94
58 68
151 274
203 217
39 142
95 290
163 267
239 262
201 298
69 219
163 297
56 266
87 185
227 256
83 132
197 209
81 143
219 253
65 294
73 135
234 295
111 158
107 160
124 232
157 275
265 285
13 101
80 91
70 191
20 72
102 243
101 114
34 240
177 223
38 198
179 279
202 273
197 218
13 285
11 168
15 34
47 113
245 299
191 250
212 217
67 139
9 159
15 123
147 216
46 107
248 278
158 232
79 280
92 290
79 256
103 109
26 224
212 294
150 191
28 155
124 160
45 147
78 247
211 247
31 52
51 51
97 122
112 157
25 131
138 143
62 238
17 30
115 254
143 289
19 255
97 148
54 154
80 99
16 217
87 88
220 225
40 294
12 235
156 266
155 255
64 215
178 254
25 145
176 287
21 209
208 298
161 248
28 32
106 141
24 197
133 137
24 154
110 293
7 18
227 247
283 285
104 181
201 289
271 281
102 268
68 239
32 139
42 96
70 208
13 248
210 284
69 207
9 61
52 244
151 253
140 233
165 241
47 222
23 78
71 256
94 152
61 161
114 227
199 289
26 106
159 274
240 286
268 291
82 246
20 175
80 157
143 270
94 266
142 179
57 241
232 245
168 232
68 148
237 261
237 289
247 298
19 238
63 236
35 261
122 133
132 151
21 113
69 233
21 121
141 283
23 292
229 292
20 124
41 68
91 179
103 245
110 150
30 78
76 263
2 116
158 282
266 283
47 287
125 126
128 167
94 222
286 287
9 118
101 251
64 264
122 261
160 173
73 167
200 222
104 179
139 284
1 55
186 262
294 296
134 289
18 98
69 157
56 210
118 274
229 237
83 239
52 57
154 298
206 211
140 278
25 133
90 205
6 244
91 281
168 223
22 45
26 198
172 226
114 224
29 55
51 269
25 74
102 289
50 132
11 45
247 299
66 183
171 267
183 192
77 255
228 294
62 127
283 290
48 82
1 287
39 283
178 205
43 84
143 291
243 255
27 129
30 85
106 146
20 38
169 192
105 162
90 135
6 201
33 295
89 175
133 201
22 189
89 106
79 92
41 99
19 230
148 213
178 239
74 170
95 247
177 233
67 117
129 237
90 106
200 220
63 146
160 222
71 235
77 111
218 249
173 216
7 195
16 192
48 53
10 95
205 268
22 153
107 297
79 282
126 221
29 145
60 217
167 294
4 277
25 178
173 238
115 133
78 229
33 280
112 141
91 141
77 278
5 178
44 253
83 242
109 244
6 39
42 227
122 258
98 209
219 294
51 275
13 41
129 247
47 89
114 176
96 191
7 31
183 188
171 196
174 271
50 295
244 251
169 234
204 262
147 248
32 143
36 283
60 176
10 282
84 149
187 191
35 174
16 300
102 167
54 124
22 241
260 263
119 148
66 217
123 155
53 216
124 244
67 236
227 243
56 164
127 168
103 118
150 218
37 213
151 207
151 223
56 141
78 130
137 197
183 202
88 231
218 219
139 262
153 174
63 173
234 274
242 273
26 45
62 204
137 297
3 94
222 263
153 261
75 220
47 148
138 156
95 198
83 151
2 132
107 192
53 269
64 77
126 163
169 274
28 98
198 265
48 164
130 200
180 184
5 118
120 153
99 287
7 215
96 287
80 298
160 175
69 108
24 95
204 222
198 250
216 262
97 126
108 276
133 256
52 242
132 172
168 277
62 243
76 103
236 258
8 231
31 31
285 296
29 202
121 300
7 80
44 72
100 154
32 219
213 245
68 68
260 293
157 206
43 230
95 245
127 167
136 297
103 252
120 139
59 143
42 67
70 80
61 271
82 124
58 269
238 278
16 251
50 220
104 295
239 263
12 132
250 265
142 154
10 108
56 169
8 135
40 115
12 73
54 214
153 156
168 226
163 249
74 235
193 281
71 187
111 248
146 270
80 190
145 266
27 96
11 24
30 105
5 248
88 230
54 260
28 103
194 259
62 87
105 163
2 266
89 293
152 213
191 224
269 293
60 274
96 203
43 137
34 208
110 241
84 265
235 287
10 100
23 64
192 260
213 238
220 265
212 284
98 132
35 97
153 197
67 85
67 269
195 219
19 147
112 169
268 295
44 286
26 154
269 287
92 295
114 293
130 190
91 157
230 259
116 193
91 207
82 88
48 288
66 157
46 219
27 61
73 90
270 295
115 194
1 155
31 215
185 191
63 239
76 91
203 247
9 84
6 13
83 256
105 138
56 159
16 58
196 233
130 132
15 197
158 214
215 255
10 50
152 198
83 177
86 262
66 99
101 254
173 239
95 266
117 296
273 287
73 178
72 205
146 222
14 252
38 89
3 76
15 193
46 54
71 246
87 142
94 119
137 265
195 266
165 201
288 300
171 181
41 233
41 58
237 252
124 207
93 232
37 92
10 114
85 243
80 186
162 173
104 277
86 259
29 166
56 86
177 284
102 141
26 98
83 245
18 259
157 256
204 296
169 231
27 101
89 105
266 274
35 274
33 195
151 155
96 180
53 241
226 283
32 188
8 109
39 284
1 211
88 144
5 124
62 279
117 218
79 190
106 173
171 260
48 206
99 231
98 178
208 218
54 123
53 191
182 266
143 210
16 153
25 45
27 122
12 202
47 210
195 259
15 50
110 158
97 225
100 213
44 224
9 117
207 272
272 296
107 287
176 222
25 261
257 273
162 181
10 291
130 215
197 206
54 60
274 289
108 185
69 76
201 230
9 180
97 106
32 104
102 228
85 202
113 173
288 291
67 132
75 223
170 253
88 92
178 189
9 242
90 220
70 138
55 192
103 278
172 195
93 127
1 227
19 73
47 49
12 38
29 125
92 116
14 296
57 83
71 107
118 173
253 256
35 295
219 300
4 120
50 151
204 218
190 276
16 66
166 186
2 15
67 284
12 60
203 250
11 191
42 67
145 278
77 109
145 280
26 271
63 231
37 250
196 235
115 300
70 292
68 174
64 227
193 234
90 127
143 195
121 268
146 150
146 211
194 224
2 189
114 267
35 164
62 191
60 283
223 254
16 47
157 268
23 264
22 131
83 172
100 273
208 262
271 287
89 274
181 209
49 70
40 143
147 269
161 175
146 151
11 42
80 100
36 118
16 169
37 151
294 299
139 269
35 37
76 207
26 218
74 219
115 286
132 148
46 109
61 112
132 237
65 69
265 272
111 222
56 257
31 138
152 266
6 24
19 117
146 217
96 255
89 118
69 79
13 78
234 246
19 176
114 237
122 123
179 299
93 228
42 81
1 25
204 231
68 150
63 103
86 107
154 221
161 224
14 82
80 171
81 111
235 268
162 280
53 128
55 243
14 96
14 183
200 223
198 226
85 155
21 153
25 120
59 299
15 138
184 297
214 214
214 218
38 50
55 268
13 299
67 294
1 229
42 290
125 237
163 251
18 58
208 242
12 183
100 218
95 282
131 246
71 172
208 245
16 147
5 172
57 242
179 227
121 144
113 208
150 282
160 230
101 272
109 161
232 233
216 254
161 167
200 230
245 283
32 275
94 297
81 163
80 94
115 247
9 188
52 242
143 268
258 282
54 70
221 271
154 155
80 298
5 57
90 237
5 254
1 204
167 175
17 262
48 93
194 242
89 249
93 196
92 97
213 291
159 163
203 263
114 194
259 298
102 294
9 226
80 177
56 258
117 268
76 141
182 264
134 190
127 141
54 117
67 99
222 264
11 287
87 227
221 291
66 265
194 253
252 263
11 276
188 229
39 221
196 261
18 76
68 152
222 261
134 204
262 267
166 234
129 251
127 286
168 253
3 194
144 217
83 238
71 136
21 288
170 226
218 281
174 247
49 100
47 291
160 300
79 133
165 172
2 172
49 123
9 223
235 251
33 142
55 146
235 256
65 141
216 281
156 245
9 219
87 160
247 281
181 266
30 65
46 79
66 151
153 284
50 68
104 113
116 251
70 153
30 154
242 271
116 161
19 269
140 262
60 293
13 81
47 232
20 22
64 254
223 293
36 298
5 214
73 271
47 187
58 165
61 70
77 158
6 141
115 284
97 254
271 276
53 138
43 268
110 233
71 144
169 194
199 255
48 76
166 228
113 300
71 160
6 282
56 192
291 291
140 241
51 62
28 110
18 282
131 241
46 182
153 188
42 149
43 78
144 177
2 209
48 98
19 65
24 185
51 235
144 187
183 251
10 28
20 159
123 208
131 147
68 276
46 260
115 149
30 264
36 277
101 246
137 177
3 121
76 130
101 184
235 291
36 249
24 218
147 275
120 156
103 111
49 155
107 143
115 219
70 283
153 200
103 178
88 232
138 221
21 290
86 270
12 288
160 292
103 216
134 242
79 109
37 183
46 248
12 207
72 100
230 249
8 70
16 126
69 84
168 300
180 214
65 162
82 117
204 266
126 212
180 273
153 281
75 91
2 227
217 293
10 158
13 190
146 198
144 158
90 175
41 300
85 180
13 243
252 285
39 63
262 299
152 297
32 210
131 203
81 175
57 146
174 279
49 162
36 103
149 208
132 194
253 274
121 241
210 224
52 136
79 265
102 225
45 286
125 141
209 297
46 244
148 205
151 242
231 266
212 248
93 109
134 150
161 264
90 273
32 42
74 275
39 140
149 236
52 166
30 113
32 164
158 168
114 226
218 246
62 150
11 104
121 281
209 218
29 220
45 234
19 152
63 176
171 194
130 227
82 129
132 273
28 84
35 192
60 67
265 279
61 206
13 44
35 280
13 36
63 218
24 121
13 267
143 300
31 231
188 276
245 252
14 70
13 125
84 299
37 280
155 208
37 144
115 128
116 209
169 272
242 274
124 204
4 177
19 193
70 172
214 300
92 129
88 272
58 128
51 124
151 228
10 248
12 238
147 162
122 283
158 291
25 43
109 227
35 155
149 298
68 143
46 276
5 71
45 247
38 88
105 268
49 282
33 131
187 223
227 258
163 277
169 252
246 287
72 117
152 247
53 215
3 58
34 127
37 262
57 126
130 160
46 270
40 180
64 258
205 219
222 258
82 148
71 228
88 193
91 226
86 275
81 212
92 199
60 161
160 168
50 152
115 271
150 298
9 230
36 79
53 296
148 230
15 22
119 203
112 210
42 97
109 180
125 228
257 288
143 196
228 272
138 154
19 173
48 132
72 84
155 274
83 145
197 227
232 237
97 110
121 141
104 272
161 170
150 166
107 169
162 264
19 241
96 205
71 200
156 290
50 237
130 132
1 42
101 219
9 282
146 199
284 296
108 247
10 120
91 145
163 253
108 190
140 202
134 297
211 238
26 189
89 178
108 150
255 296
36 239
14 233
249 299
164 178
228 266
63 145
73 133
66 86
62 115
118 162
24 43
23 211
129 248
101 284
198 238
232 260
57 86
5 37
121 283
57 186
129 182
161 293
135 152
184 292
87 243
164 278
200 254
140 287
20 211
186 294
242 247
143 217
13 284
47 157
182 230
86 241
7 252
113 250
45 54
180 206
54 153
248 267
140 197
117 300
52 288
66 93
39 222
88 199
80 166
204 208
16 131
5 149
23 126
74 205
145 227
28 47
60 125
110 228
179 268
29 111
8 197
123 273
20 81
117 241
172 185
58 166
25 70
236 255
3 235
27 97
4 258
253 258
173 195
43 215
95 242
13 174
109 218
222 237
34 230
200 214
151 290
143 213
41 111
36 117
29 154
114 157
32 39
106 253
120 294
274 292
30 158
19 70
190 204
165 170
137 237
182 183
152 247
256 287
22 174
6 151
79 278
222 266
5 137
209 287
77 80
115 235
41 256
40 298
210 277
33 243
141 160
5 219
170 178
48 192
111 284
28 136
219 241
3 122
4 25
71 139
58 148
169 289
61 101
105 127
1 128
97 298
124 245
29 218
186 273
94 226
19 227
178 205
120 191
27 294
89 243
153 173
140 145
109 231
129 157
14 186
51 71
187 290
89 224
34 195
132 253
171 243
28 239
25 270
3 139
198 228
101 125
173 293
126 168
79 99
143 177
133 236
59 239
17 131
83 157
104 142
65 115
16 45
109 246
1 256
52 185
83 102
29 300
130 173
99 139
14 141
14 24
103 202
51 170
11 160
5 170
113 132
173 279
173 220
13 285
220 287
47 57
176 189
4 40
5 277
93 190
234 294
31 181
113 276
113 188
3 38
78 281
147 199
44 149
215 287
235 266
100 298
154 295
209 247
132 232
33 91
31 245
60 109
63 125
137 250
96 99
57 75
19 298
110 178
174 260
255 287
184 276
263 278
101 265
145 206
56 133
207 215
141 210
119 242
70 113
16 143
48 293
77 131
284 300
20 268
22 222
116 271
41 49
170 272
64 240
138 296
139 215
155 244
62 156
88 296
120 162
205 239
62 155
131 295
103 127
296 299
70 177
146 255
139 300
112 214
19 111
61 253
90 296
164 300
20 224
48 117
94 264
187 250
183 211
161 266
222 278
96 170
53 299
133 265
107 144
56 107
46 192
79 206
57 178
104 290
93 153
61 290
35 60
187 297
11 230
7 207
119 191
92 249
188 201
63 139
117 250
96 145
143 187
162 242
72 244
24 132
9 119
71 207
26 114
95 284
26 264
251 253
54 226
46 193
83 85
168 176
1 147
52 59
118 248
56 157
55 78
180 281
157 272
250 264
36 115
174 238
40 291
3 200
73 153
200 244
31 279
26 292
136 296
135 210
22 226
75 128
77 242
7 192
179 202
170 214
94 284
46 268
126 165
142 278
49 58
141 282
145 297
168 267
75 78
131 184
36 293
190 193
52 120
15 287
139 295
33 203
31 95
69 121
60 117
80 290
10 296
161 213
35 234
77 150
131 193
29 98
70 264
28 64
221 280
134 241
27 143
69 276
23 33
9 272
142 172
209 212
69 159
70 234
79 200
50 300
43 67
25 237
95 133
37 114
197 258
45 142
222 295
17 237
35 148
133 283
235 258
50 105
257 288
166 211
169 275
31 234
52 81
29 219
40 101
131 158
62 274
33 105
127 144
222 267
55 286
178 230
71 127
75 145
2 211
114 142
123 159
5 185
18 19
73 105
53 279
153 246
89 162
107 275
52 176
221 240
97 258
118 223
269 280
112 275
128 153
8 207
3 104
20 210
230 270
86 201
4 228
143 248
30 187
108 126
73 231
29 41
113 193
140 272
21 25
96 126
9 17
237 264
174 298
132 212
12 157
199 239
86 285
87 155
181 268
116 211
284 292
158 171
62 288
112 125
78 290
167 220
8 31
9 298
17 211
3 232
282 297
12 300
143 264
59 156
208 260
79 162
87 90
19 186
173 258
75 134
50 250
95 189
87 214
183 280
33 245
25 56
53 83
90 228
28 73
43 140
56 283
135 226
221 289
46 228
24 97
36 172
173 204
57 258
76 117
60 227
57 114
52 121
186 284
170 189
88 120
68 176
146 187
130 228
72 157
157 231
101 236
15 294
141 146
201 253
25 147
105 282
144 298
254 255
89 299
72 274
182 272
242 262
8 261
186 215
146 148
31 114
193 277
21 287
135 195
32 280
111 176
77 283
168 241
270 274
50 296
177 199
164 256
72 289
49 82
9 244
45 98
34 47
233 286
76 236
259 280
159 184
110 185
183 279
64 198
53 212
100 238
131 263
24 68
172 278
73 117
59 136
96 290
42 182
235 285
2 177
86 298
2 12
26 51
190 222
198 267
162 183
206 269
151 211
52 76
4 61
2 57
115 116
41 279
81 295
132 283
12 143
28 98
225 265
43 278
76 111
120 155
89 289
26 255
45 96
41 157
48 57
38 209
256 259
17 115
106 142
258 287
188 285
221 247
65 269
55 271
8 266
24 216
84 109
148 270
215 281
19 84
290 293
44 81
251 269
84 101
15 203
155 232
180 277
26 159
28 161
208 238
38 195
117 180
11 135
24 206
143 238
40 54
38 255
84 266
93 134
68 166
183 238
51 132
191 218
63 185
49 136
26 108
63 153
88 238
5 288
189 249
59 77
18 39
71 75
36 82
3 39
156 258
148 284
187 220
66 259
41 91
81 215
5 33
49 131
70 259
10 123
4 179
2 170
94 243
102 204
219 292
162 186
187 275
38 278
215 217
278 290
15 236
199 266
163 254
175 251
213 292
234 269
147 187
95 262
16 284
96 135
256 271
35 76
4 114
33 198
44 210
58 232
99 197
173 191
151 199
47 181
216 256
42 267
54 204
33 66
10 238
20 173
69 190
1 201
120 215
184 204
170 242
65 120
149 232
9 34
10 20
121 171
145 146
13 203
2 217
30 88
118 233
43 197
26 67
24 123
99 144
94 254
83 232
117 148
229 299
5 159
229 266
19 53
115 213
188 296
175 249
31 252
113 288
38 217
34 79
58 177
181 252
1 190
61 154
164 265
230 293
238 298
219 224
246 248
154 269
21 84
77 177
68 231
77 194
79 296
168 174
40 66
24 213
29 299
58 265
16 194
110 121
43 52
46 151
55 80
58 162
104 262
38 180
212 279
23 116
220 284
23 277
41 240
241 252
273 291
215 282
147 244
86 215
158 246
57 200
190 270
64 276
46 90
90 114
168 205
6 56
93 123
29 158
60 157
142 144
240 268
161 271
44 147
28 66
103 203
12 168
197 287
46 250
53 223
144 202
67 175
117 132
39 277
42 53
46 233
67 173
147 196
61 238
219 242
4 14
79 277
174 217
42 115
184 281
87 144
191 206
9 113
268 284
101 212
127 262
34 62
144 196
15 44
188 262
157 246
26 187
212 297
205 214
47 223
223 282
201 217
152 186
36 256
173 242
231 277
43 68
56 190
4 37
163 264
125 176
3 81
120 145
107 175
22 54
45 45
117 223
4 278
48 235
123 214
228 230
24 37
82 188
149 272
113 261
21 50
41 126
120 228
64 75
164 237
113 257
117 289
225 292
187 281
87 170
167 297
16 254
216 263
31 161
74 189
33 252
113 226
117 178
125 215
75 112
182 218
180 283
9 75
166 167
123 216
136 294
35 86
188 294
78 135
152 272
77 161
24 246
64 120
118 189
165 300
200 253
68 210
74 237
77 95
181 198
118 294
114 204
37 212
71 137
13 169
42 260
127 275
119 185
16 111
24 82
7 235
58 119
75 129
19 288
125 277
134 149
284 286
173 184
126 148
155 181
176 266
218 277
51 253
152 249
182 227
91 271
160 202
64 154
208 210
150 295
221 253
77 266
154 232
112 153
20 295
4 269
198 237
65 97
93 251
53 197
21 291
77 285
54 242
115 203
15 18
32 254
86 255
68 283
73 234
156 245
54 118
122 185
223 245
67 232
78 193
52 207
30 260
87 109
6 152
149 298
15 232
51 122
51 253
80 246
221 227
83 295
257 284
20 259
43 190
89 192
232 288
242 259
144 182
40 62
57 270
81 286
46 251
108 277
138 220
102 104
45 151
54 170
162 298
14 60
135 183
133 193
91 115
73 119
235 241
50 236
101 186
4 101
287 298
130 249
149 185
10 219
103 154
1 178
186 199
113 281
77 214
97 224
95 233
6 211
45 110
213 300
55 265
210 216
164 282
59 277
141 284
76 287
149 238
96 230
23 123
42 82
72 96
37 230
25 49
16 63
269 272
158 272
79 196
17 19
98 117
180 232
166 271
95 132
71 297
7 114
216 239
89 107
60 201
69 258
134 213
16 112
191 225
116 280
122 294
142 217
45 125
37 97
6 250
14 48
50 122
51 172
84 225
100 169
25 202
62 75
214 228
89 157
163 270
52 75
20 52
23 187
249 261
127 250
88 174
144 197
35 235
61 89
120 235
130 287
130 236
35 130
49 265
47 133
112 239
236 239
34 276
98 149
17 117
159 217
74 97
53 90
160 215
268 286
85 91
77 209
73 123
116 295
91 116
91 109
9 262
67 91
3 43
3 125
178 226
88 148
156 182
9 194
73 233
141 217
48 111
97 192
129 260
220 245
207 220
145 158
68 162
102 259
155 227
36 266
85 260
29 84
77 213
24 258
123 158
1 8
88 232
92 103
63 286
184 269
10 146
163 268
64 246
16 221
65 197
20 133
30 31
61 202
164 218
52 229
79 270
116 156
136 281
46 86
268 296
249 265
206 238
30 48
22 231
191 266
37 123
157 158
80 266
120 169
205 252
250 250
15 264
2 295
169 292
47 242
138 192
13 153
11 153
21 182
148 258
285 292
147 272
108 289
55 220
145 253
125 214
72 243
79 91
81 281
95 258
202 275
43 286
1 195
24 88
51 261
112 176
33 257
74 112
244 289
130 173
20 103
49 109
74 150
167 237
197 228
160 275
55 59
93 234
34 281
57 65
103 132
66 278
41 222
226 285
48 86
31 149
142 176
59 204
123 144
206 229
123 221
258 269
31 133
142 220
59 78
137 172
174 222
177 211
61 109
270 279
55 298
54 256
236 280
145 164
8 129
104 176
64 224
87 266
205 218
139 176
49 58
31 77
204 273
147 161
89 194
61 241
219 284
66 169
37 90
178 275
15 90
11 143
113 151
150 201
2 122
14 280
71 238
200 219
158 220
51 217
209 222
166 288
54 286
24 133
272 276
207 297
290 290
10 66
142 244
6 200
100 259
31 182
88 160
95 135
99 129
197 297
2 138
100 264
158 245
120 154
72 199
73 144
90 117
43 292
111 188
124 224
170 294
195 252
73 163
79 103
54 172
185 263
216 220
31 92
96 247
67 159
148 232
80 98
39 230
31 205
172 230
25 196
102 174
101 296
46 56
55 292
215 295
270 291
87 216
14 187
2 110
19 136
64 239
22 158
150 190
240 295
62 240
85 207
112 220
12 128
176 227
57 225
32 217
2 218
60 234
122 234
251 268
121 149
113 144
18 224
106 186
114 185
127 273
23 63
262 266
29 180
181 228
189 219
14 235
107 280
181 218
53 227
4 246
192 262
44 232
75 283
33 260
30 197
35 256
5 128
157 289
76 82
132 146
48 118
203 276
103 226
90 272
227 245
30 93
23 242
219 248
216 220
118 203
114 168
54 182
185 292
116 179
47 130
110 184
11 181
56 287
155 283
53 71
206 289
102 208
49 202
211 249
89 233
219 294
158 210
18 73
75 252
13 182
189 262
206 294
54 68
11 14
48 104
8 252
104 200
24 189
282 284
193 196
62 107
53 159
109 203
16 21
193 278
61 147
104 173
126 253
13 94
164 173
5 68
63 279
52 88
60 223
159 284
112 133
9 80
65 181
82 290
24 269
114 143
24 278
39 47
51 258
36 123
95 120
221 299
176 229
32 78
18 182
154 255
231 266
71 110
75 274
121 130
81 149
18 273
29 152
102 152
15 267
64 145
54 232
32 189
119 172
36 166
164 215
208 244
145 161
172 188
17 24
48 262
123 266
72 149
16 161
98 121
241 245
121 179
222 233
101 115
85 186
66 228
26 279
246 250
93 266
33 72
10 160
97 143
80 267
228 244
61 131
128 156
178 197
281 300
2 233
219 228
151 158
17 285
123 246
244 270
82 121
18 166
161 199
17 246
141 300
33 273
136 271
95 271
82 192
2 228
150 236
9 152
135 227
169 221
41 265
143 267
140 212
52 81
206 277
213 240
26 144
175 197
106 112
84 191
151 274
25 288
137 209
66 280
226 251
178 282
138 228
111 210
64 261
26 296
175 202
102 263
29 207
37 141
161 263
164 281
84 105
260 270
114 173
79 211
27 237
163 298
61 76
17 34
39 114
108 224
67 200
170 244
261 281
85 172
103 199
75 175
117 202
12 180
97 120
174 266
69 228
83 106
235 236
28 250
102 185
235 282
50 259
108 151
50 286
99 190
237 251
126 256
268 275
26 250
65 194
59 282
262 281
9 158
169 297
4 15
18 220
133 167
34 89
38 85
68 300
109 149
173 186
88 212
30 149
111 242
50 190
24 296
178 252
21 201
4 151
100 293
122 175
44 279
212 298
7 248
262 263
87 181
23 192
1 152
196 270
94 192
1 136
242 275
162 228
138 142
192 287
2 135
137 196
24 29
116 222
104 205
53 232
84 108
72 233
153 236
132 281
82 145
73 201
119 276
175 264
200 234
144 205
81 97
39 252
121 248
142 271
181 294
208 299
46 236
86 194
114 148
201 244
80 109
95 154
87 131
126 300
90 112
53 118
172 286
72 294
54 229
70 235
176 247
216 253
53 185
224 229
192 245
20 217
157 216
160 249
66 121
154 176
104 228
49 239
65 164
98 241
76 299
6 126
116 208
29 165
30 286
74 291
131 211
174 243
4 288
169 225
78 258
130 247
126 164
93 114
202 297
101 132
117 283
27 291
3 249
252 289
20 147
42 295
54 263
109 182
6 224
238 289
150 234
55 93
120 131
93 265
20 158
50 91
180 296
127 230
217 235
70 240
90 177
249 287
121 167
57 74
94 291
193 233
59 294
277 298
3 56
201 261
79 279
96 148
138 139
54 93
146 237
144 290
132 150
211 225
3 66
44 203
89 190
8 218
13 120
86 261
16 105
156 265
125 295
66 197
118 297
41 157
191 232
49 184
217 245
173 221
42 216
18 148
53 186
75 126
160 213
37 274
220 248
46 157
150 247
191 285
112 189
165 216
15 58
127 283
4 218
117 119
6 90
14 176
12 211
29 163
19 219
78 212
153 242
5 249
158 236
128 284
59 90
4 297
39 43
221 233
24 104
7 187
150 241
169 169
56 222
119 152
53 230
188 208
53 150
168 218
93 106
25 136
47 136
71 220
90 101
9 255
167 242
1 134
59 288
3 283
74 124
69 209
220 250
223 229
144 194
194 245
7 74
155 221
176 283
33 233
95 197
3 272
230 246
42 186
30 266
179 235
11 176
81 181
129 204
9 200
172 209
236 292
105 192
74 188
42 125
18 204
110 202
114 193
20 263
